game_id,season,week,kickoff,margin_prediction,margin_actual,total_prediction,total_actual,margin_lower,margin_upper,margin_covered,total_lower,total_upper,total_covered
2020_01_HOU_KC,2020,1,2020-09-10T20:20-04:00,8.904400504283819,14.0,49.6374269005848,54.0,-8.235850756492825,26.044651765060465,True,30.918128654970765,68.35672514619884,True
2020_01_CHI_DET,2020,1,2020-09-13T13:00-04:00,0.2969176447912103,-4.0,41.9375,50.0,-16.843333615985433,17.437168905567855,True,23.218201754385966,60.656798245614034,True
2020_01_CLE_BAL,2020,1,2020-09-13T13:00-04:00,10.02291880337365,32.0,47.838235294117645,44.0,-7.117332457402995,27.163170064150293,False,29.11893704850361,66.55753353973168,True
2020_01_GB_MIN,2020,1,2020-09-13T13:00-04:00,1.2018922229573152,-9.0,44.166666666666664,77.0,-15.938359037819328,18.34214348373396,True,25.44736842105263,62.8859649122807,False
2020_01_IND_JAX,2020,1,2020-09-13T13:00-04:00,-3.1613800472378606,7.0,44.71875,47.0,-20.301631308014503,13.978871213538783,True,25.999451754385966,63.438048245614034,True
2020_01_LV_CAR,2020,1,2020-09-13T13:00-04:00,-2.047047232320338,-4.0,48.1875,64.0,-19.187298493096982,15.093204028456306,True,29.468201754385966,66.90679824561403,True
2020_01_MIA_NE,2020,1,2020-09-13T13:00-04:00,8.086275609120651,10.0,44.94117647058823,32.0,-9.053975651655993,25.226526869897295,True,26.221878224974198,63.660474716202266,True
2020_01_NYJ_BUF,2020,1,2020-09-13T13:00-04:00,3.9924042112327505,10.0,37.90257352941177,44.0,-13.147847049543893,21.132655472009393,True,19.183275283797734,56.6218717750258,True
2020_01_PHI_WAS,2020,1,2020-09-13T13:00-04:00,-5.759434698047044,10.0,44.40625,44.0,-22.89968595882369,11.3808165627296,True,25.686951754385966,63.125548245614034,True
2020_01_SEA_ATL,2020,1,2020-09-13T13:00-04:00,0.9997543037454164,-13.0,48.81944444444444,63.0,-16.140496957031228,18.14000556452206,True,30.10014619883041,67.53874269005848,True
2020_01_LAC_CIN,2020,1,2020-09-13T16:05-04:00,-2.4706544831142607,-3.0,43.15625,29.0,-19.610905743890903,14.669596777662383,True,24.436951754385966,61.875548245614034,True
2020_01_ARI_SF,2020,1,2020-09-13T16:25-04:00,5.8621630088564185,-4.0,49.672697368421055,44.0,-11.278088251920225,23.002414269633064,True,30.95339912280702,68.3919956140351,True
2020_01_TB_NO,2020,1,2020-09-13T16:25-04:00,7.664191270322901,11.0,53.19669117647059,57.0,-9.476059990453743,24.804442531099546,True,34.47739293085655,71.91598942208462,True
2020_01_DAL_LA,2020,1,2020-09-13T20:20-04:00,0.5674245313983755,3.0,47.28125,37.0,-16.572826729378267,17.70767579217502,True,28.561951754385966,66.00054824561403,True
2020_01_PIT_NYG,2020,1,2020-09-14T19:15-04:00,-0.6744027340792437,-10.0,43.25,42.0,-17.814653994855888,16.4658485266974,True,24.530701754385966,61.969298245614034,True
2020_01_TEN_DEN,2020,1,2020-09-14T22:10-04:00,-1.7821396114950674,-2.0,41.45065789473684,30.0,-18.922390872271713,15.358111649281577,True,22.73135964912281,60.16995614035088,True
2020_02_CIN_CLE,2020,2,2020-09-17T20:20-04:00,1.4706817813961743,5.0,44.59375,65.0,-15.66956947938047,18.610933042172817,True,25.874451754385966,63.313048245614034,False
2020_02_ATL_DAL,2020,2,2020-09-20T13:00-04:00,5.128881139542555,1.0,47.96875,79.0,-12.011370121234089,22.2691324003192,True,29.249451754385966,66.68804824561403,False
2020_02_BUF_MIA,2020,2,2020-09-20T13:00-04:00,-2.5633316284018717,-3.0,43.05882352941177,59.0,-19.703582889178517,14.576919632374771,True,24.339525283797734,61.7781217750258,True
2020_02_CAR_TB,2020,2,2020-09-20T13:00-04:00,4.615661144243905,14.0,53.65625,48.0,-12.524590116532739,21.75591240502055,True,34.936951754385966,72.37554824561403,True
2020_02_DEN_PIT,2020,2,2020-09-20T13:00-04:00,3.1681818608093,5.0,37.1875,47.0,-13.972069399967344,20.308433121585942,True,18.468201754385966,55.906798245614034,True
2020_02_DET_GB,2020,2,2020-09-20T13:00-04:00,5.6649758324909145,21.0,46.013888888888886,63.0,-11.47527542828573,22.805227093267558,True,27.29459064327485,64.73318713450291,True
2020_02_JAX_TEN,2020,2,2020-09-20T13:00-04:00,7.615210732064553,3.0,44.54440789473684,63.0,-9.52504052871209,24.755461992841198,True,25.82510964912281,63.26370614035088,True
2020_02_LA_PHI,2020,2,2020-09-20T13:00-04:00,-1.3151819998427607,-18.0,46.1875,56.0,-18.455433260619404,15.825069260933883,True,27.468201754385966,64.90679824561403,True
2020_02_MIN_IND,2020,2,2020-09-20T13:00-04:00,2.0060234377850117,17.0,44.96527777777778,39.0,-15.134227822991633,19.146274698561655,True,26.245979532163744,63.68457602339181,True
2020_02_NYG_CHI,2020,2,2020-09-20T13:00-04:00,7.841284678743849,4.0,42.8125,30.0,-9.298966582032795,24.98153593952049,True,24.093201754385966,61.531798245614034,True
2020_02_SF_NYJ,2020,2,2020-09-20T13:00-04:00,-2.7549606676191942,-18.0,44.422697368421055,44.0,-19.895211928395838,14.38529059315745,True,25.70339912280702,63.14199561403509,True
2020_02_WAS_ARI,2020,2,2020-09-20T16:05-04:00,6.595786056151929,15.0,47.0,45.0,-10.544465204624714,23.736037316928574,True,28.280701754385966,65.71929824561403,True
2020_02_BAL_HOU,2020,2,2020-09-20T16:25-04:00,-5.113061105813821,-17.0,49.69934640522876,49.0,-22.253312366590464,12.027190154962824,True,30.980048159614725,68.4186446508428,True
2020_02_KC_LAC,2020,2,2020-09-20T16:25-04:00,-8.23158605147556,-3.0,46.338815789473685,43.0,-25.371837312252204,8.908665209301084,True,27.61951754385965,65.05811403508773,True
2020_02_NE_SEA,2020,2,2020-09-20T20:20-04:00,0.9064825512930921,5.0,44.38562091503268,65.0,-16.233768709483552,18.046733812069736,True,25.666322669418648,63.104919160646716,False
2020_02_NO_LV,2020,2,2020-09-21T20:15-04:00,-3.047883032278522,10.0,47.72794117647059,58.0,-20.188134293055167,14.092368228498122,True,29.008642930856553,66.44723942208462,True
2020_03_MIA_JAX,2020,3,2020-09-24T20:20-04:00,3.6403544582319234,-18.0,46.78125,44.0,-13.49989680254472,20.780605719008566,False,28.061951754385966,65.50054824561403,True
2020_03_CHI_ATL,2020,3,2020-09-27T13:00-04:00,2.195875739455417,-4.0,42.4375,56.0,-14.944375521321227,19.33612700023206,True,23.718201754385966,61.156798245614034,True
2020_03_CIN_PHI,2020,3,2020-09-27T13:00-04:00,2.6893570510858833,0.0,44.34375,46.0,-14.45089420969076,19.82960831186253,True,25.624451754385966,63.063048245614034,True
2020_03_HOU_PIT,2020,3,2020-09-27T13:00-04:00,2.8808513815608956,7.0,43.111111111111114,49.0,-14.25939987921575,20.02110264233754,True,24.39181286549708,61.83040935672515,True
2020_03_LA_BUF,2020,3,2020-09-27T13:00-04:00,-1.4912810739255118,3.0,41.74632352941177,67.0,-18.631532334702158,15.648970186851132,True,23.027025283797734,60.4656217750258,False
2020_03_LV_NE,2020,3,2020-09-27T13:00-04:00,5.573831421174408,16.0,42.81617647058823,56.0,-11.566419839602236,22.71408268195105,True,24.096878224974198,61.535474716202266,True
2020_03_SF_NYG,2020,3,2020-09-27T13:00-04:00,-4.094656522555318,-27.0,49.328947368421055,45.0,-21.234907783331963,13.045594738221325,False,30.60964912280702,68.0482456140351,True
2020_03_TEN_MIN,2020,3,2020-09-27T13:00-04:00,-3.3075415729827378,-1.0,44.79093567251462,61.0,-20.447792833759383,13.832709687793907,True,26.071637426900587,63.510233918128655,True
2020_03_WAS_CLE,2020,3,2020-09-27T13:00-04:00,5.104877198876558,14.0,44.65625,54.0,-12.035374061900086,22.245128459653202,True,25.936951754385966,63.375548245614034,True
2020_03_CAR_LAC,2020,3,2020-09-27T16:05-04:00,6.225050126048703,-5.0,46.625,37.0,-10.91520113472794,23.365301386825347,True,27.905701754385966,65.34429824561403,True
2020_03_NYJ_IND,2020,3,2020-09-27T16:05-04:00,6.332875944229753,29.0,42.78125,43.0,-10.807375316546892,23.473127205006396,False,24.061951754385966,61.500548245614034,True
2020_03_DAL_SEA,2020,3,2020-09-27T16:25-04:00,2.722300627993261,7.0,48.03819444444444,69.0,-14.417950632783382,19.862551888769904,True,29.31889619883041,66.75749269005848,False
2020_03_DET_ARI,2020,3,2020-09-27T16:25-04:00,4.396980737278537,-3.0,48.96875,49.0,-12.743270523498108,21.53723199805518,True,30.249451754385966,67.68804824561403,True
2020_03_TB_DEN,2020,3,2020-09-27T16:25-04:00,1.2909605279455698,-18.0,47.03125,38.0,-15.849290732831074,18.431211788722212,False,28.311951754385966,65.75054824561403,True
2020_03_GB_NO,2020,3,2020-09-27T20:20-04:00,1.9775042447232931,-7.0,46.99183006535948,67.0,-15.16274701605335,19.117755505499936,True,28.272531819745446,65.71112831097352,False
2020_03_KC_BAL,2020,3,2020-09-28T20:15-04:00,1.3903665055642849,-14.0,50.11455108359133,54.0,-15.74988475521236,18.530617766340928,True,31.395252837977296,68.83384932920536,True
2020_04_DEN_NYJ,2020,4,2020-10-01T20:20-04:00,1.2099683406426207,-9.0,38.53125,65.0,-15.930282920134022,18.350219601419266,True,19.811951754385966,57.250548245614034,False
2020_04_ARI_CAR,2020,4,2020-10-04T13:00-04:00,-1.104632723107563,10.0,50.40625,52.0,-18.244883983884208,16.03561853766908,True,31.686951754385966,69.12554824561403,True
2020_04_BAL_WAS,2020,4,2020-10-04T13:00-04:00,-11.362672726625442,-14.0,46.994485294117645,48.0,-28.502923987402085,5.777578534151202,True,28.27518704850361,65.71378353973168,True
2020_04_CLE_DAL,2020,4,2020-10-04T13:00-04:00,5.458840420643795,-11.0,46.34375,87.0,-11.681410840132848,22.59909168142044,True,27.624451754385966,65.06304824561403,False
2020_04_JAX_CIN,2020,4,2020-10-04T13:00-04:00,3.026493351449052,8.0,43.625,58.0,-14.113757909327592,20.166744612225695,True,24.905701754385966,62.344298245614034,True
2020_04_LAC_TB,2020,4,2020-10-04T13:00-04:00,3.9637968015070753,7.0,49.65625,69.0,-13.176454459269568,21.10404806228372,True,30.936951754385966,68.37554824561403,False
2020_04_MIN_HOU,2020,4,2020-10-04T13:00-04:00,1.6364592278119718,-8.0,46.638888888888886,54.0,-15.503792032964672,18.776710488588616,True,27.91959064327485,65.35818713450291,True
2020_04_NO_DET,2020,4,2020-10-04T13:00-04:00,-3.5225378716275784,-6.0,48.72794117647059,64.0,-20.66278913240422,13.617713389149065,True,30.008642930856553,67.44723942208462,True
2020_04_SEA_MIA,2020,4,2020-10-04T13:00-04:00,-3.692382691934888,-8.0,49.44444444444444,54.0,-20.832633952711532,13.447868568841756,True,30.72514619883041,68.16374269005848,True
2020_04_NYG_LA,2020,4,2020-10-04T16:05-04:00,12.253459766651792,8.0,48.4375,26.0,-4.886791494124852,29.393711027428438,True,29.718201754385966,67.15679824561403,False
2020_04_BUF_LV,2020,4,2020-10-04T16:25-04:00,0.36528957980861293,-7.0,40.93382352941177,53.0,-16.77496168096803,17.505540840585258,True,22.214525283797734,59.6531217750258,True
2020_04_IND_CHI,2020,4,2020-10-04T16:25-04:00,-2.5040291961766266,-8.0,41.0,30.0,-19.644280456953272,14.636222064600018,True,22.280701754385966,59.719298245614034,True
2020_04_PHI_SF,2020,4,2020-10-04T20:20-04:00,7.820045211387173,-5.0,47.078947368421055,45.0,-9.320206049389471,24.96029647216382,True,28.35964912280702,65.7982456140351,True
2020_04_NE_KC,2020,4,2020-10-05T19:05-04:00,9.481909065489122,16.0,44.96749226006192,36.0,-7.658342195287522,26.622160326265764,True,26.248194014447883,63.68679050567595,True
2020_04_ATL_GB,2020,4,2020-10-05T21:00-04:00,5.913930249747665,14.0,46.513888888888886,46.0,-11.226321011028979,23.05418151052431,True,27.79459064327485,65.23318713450291,True
2020_05_TB_CHI,2020,5,2020-10-08T20:20-04:00,-0.9879590162880816,1.0,46.40625,39.0,-18.128210277064724,16.152292244488564,True,27.686951754385966,65.12554824561403,True
2020_05_ARI_NYJ,2020,5,2020-10-11T13:00-04:00,-2.376385538463973,-20.0,44.9375,40.0,-19.516636799240615,14.763865722312671,False,26.218201754385966,63.656798245614034,True
2020_05_CAR_ATL,2020,5,2020-10-11T13:00-04:00,4.142609098521692,-7.0,49.6875,39.0,-12.997642162254952,21.282860359298336,True,30.968201754385966,68.40679824561403,True
2020_05_CIN_BAL,2020,5,2020-10-11T13:00-04:00,7.8339348997998455,24.0,46.931985294117645,30.0,-9.306316360976798,24.97418616057649,True,28.21268704850361,65.65128353973168,True
2020_05_JAX_HOU,2020,5,2020-10-11T13:00-04:00,2.8757908970957917,16.0,46.392361111111114,44.0,-14.264460363680852,20.016042157872434,True,27.67306286549708,65.11165935672514,True
2020_05_LA_WAS,2020,5,2020-10-11T13:00-04:00,-8.900231777364386,-20.0,45.59375,40.0,-26.04048303814103,8.240019483412258,True,26.874451754385966,64.31304824561403,True
2020_05_LV_KC,2020,5,2020-10-11T13:00-04:00,12.645927705072737,-8.0,47.901315789473685,72.0,-4.494323555703907,29.78617896584938,False,29.18201754385965,66.62061403508773,False
2020_05_PHI_PIT,2020,5,2020-10-11T13:00-04:00,3.6545924431114365,9.0,41.0,67.0,-13.485658817665207,20.79484370388808,True,22.280701754385966,59.719298245614034,False
2020_05_MIA_SF,2020,5,2020-10-11T16:05-04:00,7.159867621783232,-26.0,49.578947368421055,60.0,-9.980383638993413,24.300118882559875,False,30.85964912280702,68.2982456140351,True
2020_05_IND_CLE,2020,5,2020-10-11T16:25-04:00,-2.070143535120005,9.0,45.6875,55.0,-19.210394795896647,15.070107725656639,True,26.968201754385966,64.40679824561403,True
2020_05_NYG_DAL,2020,5,2020-10-11T16:25-04:00,8.832627847521323,3.0,48.34375,71.0,-8.307623413255321,25.972879108297967,True,29.624451754385966,67.06304824561403,False
2020_05_MIN_SEA,2020,5,2020-10-11T20:20-04:00,7.255815233932962,1.0,46.47222222222222,53.0,-9.884436026843682,24.396066494709608,True,27.752923976608187,65.19152046783626,True
2020_05_LAC_NO,2020,5,2020-10-12T20:15-04:00,6.850745784777252,3.0,46.16544117647059,57.0,-10.289505475999391,23.990997045553897,True,27.446142930856553,64.88473942208462,True
2020_05_BUF_TEN,2020,5,2020-10-13T19:00-04:00,3.5856196998443886,26.0,40.8219814241486,58.0,-13.554631560932256,20.725870960621034,False,22.10268317853457,59.54127966976264,True
2020_06_ATL_MIN,2020,6,2020-10-18T13:00-04:00,1.7593483580585596,-17.0,46.40277777777778,63.0,-15.380902902718084,18.899599618835204,False,27.683479532163744,65.12207602339181,True
2020_06_BAL_PHI,2020,6,2020-10-18T13:00-04:00,-6.653180743157059,-2.0,47.588235294117645,58.0,-23.793432003933702,10.487070517619586,True,28.86893704850361,66.30753353973168,True
2020_06_CHI_CAR,2020,6,2020-10-18T13:00-04:00,2.208289063841267,-7.0,43.375,39.0,-14.931962196935377,19.34854032461791,True,24.655701754385966,62.094298245614034,True
2020_06_CIN_IND,2020,6,2020-10-18T13:00-04:00,7.7024955259969525,4.0,44.78125,58.0,-9.437755734779692,24.842746786773596,True,26.061951754385966,63.500548245614034,True
2020_06_CLE_PIT,2020,6,2020-10-18T13:00-04:00,2.637062078341237,31.0,41.25,45.0,-14.503189182435406,19.77731333911788,False,22.530701754385966,59.969298245614034,True
2020_06_DEN_NE,2020,6,2020-10-18T13:00-04:00,9.083625613597235,-6.0,38.62867647058823,30.0,-8.056625647179409,26.22387687437388,True,19.909378224974198,57.347974716202266,True
2020_06_DET_JAX,2020,6,2020-10-18T13:00-04:00,-1.0535377418554948,-18.0,45.65625,50.0,-18.193789002632137,16.08671351892115,True,26.936951754385966,64.37554824561403,True
2020_06_HOU_TEN,2020,6,2020-10-18T13:00-04:00,8.484106856495758,6.0,47.37426900584795,78.0,-8.656144404280885,25.6243581172724,True,28.654970760233915,66.09356725146199,False
2020_06_WAS_NYG,2020,6,2020-10-18T13:00-04:00,3.970741706448903,1.0,46.65625,39.0,-13.16950955432774,21.110992967225545,True,27.936951754385966,65.37554824561403,True
2020_06_NYJ_MIA,2020,6,2020-10-18T16:05-04:00,7.896442761747595,24.0,44.84375,24.0,-9.243808499029049,25.036694022524237,True,26.124451754385966,63.563048245614034,False
2020_06_GB_TB,2020,6,2020-10-18T16:25-04:00,-2.2585605399889817,28.0,50.482638888888886,48.0,-19.398811800765625,14.881690720787663,False,31.76334064327485,69.20193713450291,True
2020_06_LA_SF,2020,6,2020-10-18T20:20-04:00,-1.6231362522237007,8.0,48.266447368421055,40.0,-18.763387513000346,15.517115008552944,True,29.54714912280702,66.9857456140351,True
2020_06_KC_BUF,2020,6,2020-10-19T17:00-04:00,-5.258747249772867,-9.0,43.08513931888545,43.0,-22.39899851054951,11.881504011003777,True,24.36584107327142,61.80443756449949,True
2020_06_ARI_DAL,2020,6,2020-10-19T20:15-04:00,0.46754800961683074,-28.0,48.6875,48.0,-16.672703251159813,17.607799270393475,False,29.968201754385966,67.40679824561403,True
2020_07_NYG_PHI,2020,7,2020-10-22T20:20-04:00,4.866503221206814,1.0,47.25,43.0,-12.273748039569831,22.006754481983457,True,28.530701754385966,65.96929824561403,True
2020_07_BUF_NYJ,2020,7,2020-10-25T13:00-04:00,-6.06421733866387,-8.0,37.90257352941177,28.0,-23.204468599440514,11.076033922112774,True,19.183275283797734,56.6218717750258,True
2020_07_CAR_NO,2020,7,2020-10-25T13:00-04:00,7.818600201472183,3.0,50.16544117647059,51.0,-9.321651059304461,24.958851462248827,True,31.446142930856553,68.88473942208462,True
2020_07_CLE_CIN,2020,7,2020-10-25T13:00-04:00,1.1515059884321346,-3.0,44.59375,71.0,-15.98874527234451,18.29175724920878,True,25.874451754385966,63.313048245614034,False
2020_07_DAL_WAS,2020,7,2020-10-25T13:00-04:00,-2.5589364615191816,22.0,45.5,28.0,-19.699187722295825,14.581314799257463,False,26.780701754385966,64.21929824561403,True
2020_07_DET_ATL,2020,7,2020-10-25T13:00-04:00,2.5457034023430145,-1.0,48.25,45.0,-14.594547858433629,19.68595466311966,True,29.530701754385966,66.96929824561403,True
2020_07_GB_HOU,2020,7,2020-10-25T13:00-04:00,-2.01244118549039,-15.0,46.75,55.0,-19.152692446267032,15.127810075286254,True,28.030701754385966,65.46929824561403,True
2020_07_PIT_TEN,2020,7,2020-10-25T13:00-04:00,4.598675067350356,-3.0,41.26315789473684,51.0,-12.541576193426287,21.738926328127,True,22.54385964912281,59.98245614035088,True
2020_07_TB_LV,2020,7,2020-10-25T16:05-04:00,-1.2756230828598891,-25.0,51.21875,65.0,-18.41587434363653,15.864628177916755,False,32.499451754385966,69.93804824561403,True
2020_07_JAX_LAC,2020,7,2020-10-25T16:25-04:00,6.773041453881323,10.0,43.09375,68.0,-10.367209806895321,23.913292714657967,True,24.374451754385966,61.813048245614034,False
2020_07_KC_DEN,2020,7,2020-10-25T16:25-04:00,-10.767260869196628,-27.0,43.713815789473685,59.0,-27.90751212997327,6.372990391580016,True,24.99451754385965,62.43311403508772,True
2020_07_SF_NE,2020,7,2020-10-25T16:25-04:00,1.072716492203903,-27.0,44.52012383900929,39.0,-16.06753476857274,18.212967752980546,False,25.800825593395253,63.23942208462332,True
2020_07_SEA_ARI,2020,7,2020-10-25T20:20-04:00,-0.5910489749662942,3.0,49.53819444444444,71.0,-17.73130023574294,16.54920228581035,True,30.81889619883041,68.25749269005848,False
2020_07_CHI_LA,2020,7,2020-10-26T20:15-04:00,7.077162367077985,14.0,41.75,34.0,-10.063088893698659,24.21741362785463,True,23.030701754385966,60.469298245614034,True
2020_08_ATL_CAR,2020,8,2020-10-29T20:20-04:00,-0.560735063865043,-8.0,49.6875,42.0,-17.700986324641686,16.5795161969116,True,30.968201754385966,68.40679824561403,True
2020_08_IND_DET,2020,8,2020-11-01T13:00-05:00,-0.45852019129467103,-20.0,46.8125,62.0,-17.598771452071315,16.681731069481973,False,28.093201754385966,65.53179824561403,True
2020_08_LA_MIA,2020,8,2020-11-01T13:00-05:00,-4.472079103230778,11.0,48.6875,45.0,-21.61233036400742,12.668172157545866,True,29.968201754385966,67.40679824561403,True
2020_08_LV_CLE,2020,8,2020-11-01T13:00-05:00,2.5361174494374694,-10.0,45.625,22.0,-14.604133811339175,19.676368710214113,True,26.905701754385966,64.34429824561403,False
2020_08_MIN_GB,2020,8,2020-11-01T13:00-05:00,7.94042997559951,-6.0,44.166666666666664,50.0,-9.199821285177133,25.080681236376154,True,25.44736842105263,62.8859649122807,True
2020_08_NE_BUF,2020,8,2020-11-01T13:00-05:00,3.4842080123789847,3.0,38.0,45.0,-13.656043248397658,20.62445927315563,True,19.280701754385966,56.719298245614034,True
2020_08_NYJ_KC,2020,8,2020-11-01T13:00-05:00,19.246798846473638,26.0,44.870065789473685,44.0,2.106547585696994,36.38705010725028,True,26.15076754385965,63.58936403508772,True
2020_08_PIT_BAL,2020,8,2020-11-01T13:00-05:00,5.286061731573395,-4.0,43.588235294117645,52.0,-11.85418952920325,22.426312992350038,True,24.86893704850361,62.30753353973168,True
2020_08_TEN_CIN,2020,8,2020-11-01T13:00-05:00,-5.639082945431798,11.0,44.60690789473684,51.0,-22.779334206208443,11.501168315344845,True,25.88760964912281,63.32620614035088,True
2020_08_LAC_DEN,2020,8,2020-11-01T16:05-05:00,-4.430852793719498,1.0,40.0,61.0,-21.571104054496143,12.709398467057145,True,21.280701754385966,58.719298245614034,False
2020_08_NO_CHI,2020,8,2020-11-01T16:25-05:00,-3.9000902304832072,-3.0,42.91544117647059,49.0,-21.040341491259852,13.240161030293436,True,24.196142930856553,61.63473942208462,True
2020_08_SF_SEA,2020,8,2020-11-01T16:25-05:00,1.8719231884270284,10.0,49.0233918128655,64.0,-15.268328072349615,19.012174449203673,True,30.304093567251464,67.74269005847952,True
2020_08_DAL_PHI,2020,8,2020-11-01T20:20-05:00,4.676645409145976,14.0,46.09375,32.0,-12.463605851630668,21.81689666992262,True,27.374451754385966,64.81304824561403,True
2020_08_TB_NYG,2020,8,2020-11-02T20:15-05:00,-7.80184684742158,-2.0,53.09375,48.0,-24.942098108198223,9.338404413355065,True,34.374451754385966,71.81304824561403,True
2020_09_GB_SF,2020,9,2020-11-05T20:20-05:00,0.12992842522334147,-17.0,46.71783625730994,51.0,-17.010322835553303,17.270179685999985,True,27.998538011695906,65.43713450292398,True
2020_09_BAL_IND,2020,9,2020-11-08T13:00-05:00,1.2496402086478333,-14.0,48.025735294117645,34.0,-15.890611052128811,18.389891469424477,True,29.30643704850361,66.74503353973168,True
2020_09_CAR_KC,2020,9,2020-11-08T13:00-05:00,14.700328909180799,2.0,50.338815789473685,64.0,-2.439922351595845,31.84058016995744,True,31.61951754385965,69.05811403508773,True
2020_09_CHI_TEN,2020,9,2020-11-08T13:00-05:00,8.982368912081592,7.0,40.82565789473684,41.0,-8.157882348695052,26.122620172858234,True,22.10635964912281,59.54495614035088,True
2020_09_DEN_ATL,2020,9,2020-11-08T13:00-05:00,8.080696082890157,7.0,43.0625,61.0,-9.059555177886487,25.2209473436668,True,24.343201754385966,61.781798245614034,True
2020_09_DET_MIN,2020,9,2020-11-08T13:00-05:00,2.714954751207409,14.0,45.90277777777778,54.0,-14.425296509569236,19.855206011984052,True,27.183479532163744,64.62207602339181,True
2020_09_HOU_JAX,2020,9,2020-11-08T13:00-05:00,-5.721926393790838,-2.0,46.392361111111114,52.0,-22.862177654567482,11.418324866985806,True,27.67306286549708,65.11165935672514,True
2020_09_NYG_WAS,2020,9,2020-11-08T13:00-05:00,1.3152613029065459,-3.0,46.65625,43.0,-15.824989957870098,18.45551256368319,True,27.936951754385966,65.37554824561403,True
2020_09_SEA_BUF,2020,9,2020-11-08T13:00-05:00,-2.3150339683448626,10.0,42.50326797385621,78.0,-19.455285229121507,14.82521729243178,True,23.783969728242177,61.222566219470245,False
2020_09_LV_LAC,2020,9,2020-11-08T16:05-05:00,2.1752630171421536,-5.0,44.1875,57.0,-14.96498824363449,19.315514277918798,True,25.468201754385966,62.906798245614034,True
2020_09_MIA_ARI,2020,9,2020-11-08T16:25-05:00,5.569884004151957,-3.0,50.09375,65.0,-11.570367256624687,22.710135264928603,True,31.374451754385966,68.81304824561403,True
2020_09_PIT_DAL,2020,9,2020-11-08T16:25-05:00,-7.3357609855754635,-5.0,42.09375,43.0,-24.476012246352106,9.80449027520118,True,23.374451754385966,60.813048245614034,True
2020_09_NO_TB,2020,9,2020-11-08T20:20-05:00,2.2497143555262067,-35.0,53.19669117647059,41.0,-14.890536905250437,19.389965616302852,False,34.47739293085655,71.91598942208462,True
2020_09_NE_NYJ,2020,9,2020-11-09T20:15-05:00,-5.800183842877823,-3.0,39.78492647058823,57.0,-22.940435103654465,11.34006741789882,True,21.065628224974198,58.504224716202266,True
2020_10_IND_TEN,2020,10,2020-11-12T20:20-05:00,3.0268747378739786,-17.0,45.70065789473684,51.0,-14.113376522902666,20.167125998650622,False,26.98135964912281,64.41995614035088,True
2020_10_HOU_CLE,2020,10,2020-11-15T13:00-05:00,1.2138372552553973,3.0,47.361111111111114,17.0,-15.926414005521247,18.354088516032043,True,28.64181286549708,66.08040935672514,False
2020_10_JAX_GB,2020,10,2020-11-15T13:00-05:00,13.580636750614847,4.0,43.920138888888886,44.0,-3.559614510161797,30.72088801139149,True,25.20084064327485,62.63943713450292,True
2020_10_PHI_NYG,2020,10,2020-11-15T13:00-05:00,-0.6992318360116643,10.0,47.25,44.0,-17.839483096788307,16.44101942476498,True,28.530701754385966,65.96929824561403,True
2020_10_TB_CAR,2020,10,2020-11-15T13:00-05:00,-1.4072593005154541,-23.0,53.65625,69.0,-18.5475105612921,15.73299196026119,False,34.936951754385966,72.37554824561403,True
2020_10_WAS_DET,2020,10,2020-11-15T13:00-05:00,4.636682427160958,3.0,45.78125,57.0,-12.503568833615686,21.7769336879376,True,27.061951754385966,64.50054824561403,True
2020_10_BUF_ARI,2020,10,2020-11-15T16:05-05:00,2.9975150296867707,2.0,43.15257352941177,62.0,-14.142736231089874,20.137766290463414,True,24.433275283797734,61.8718717750258,False
2020_10_DEN_LV,2020,10,2020-11-15T16:05-05:00,7.017689941729626,25.0,41.5625,49.0,-10.12256131904702,24.15794120250627,False,22.843201754385966,60.281798245614034,True
2020_10_LAC_MIA,2020,10,2020-11-15T16:05-05:00,2.456626732716607,8.0,46.3125,50.0,-14.683624528060037,19.59687799349325,True,27.593201754385966,65.03179824561403,True
2020_10_CIN_PIT,2020,10,2020-11-15T16:25-05:00,5.456568626133589,26.0,40.34375,46.0,-11.683682634643056,22.596819886910232,False,21.624451754385966,59.063048245614034,True
2020_10_SEA_LA,2020,10,2020-11-15T16:25-05:00,3.2648281991588437,7.0,48.13194444444444,39.0,-13.8754230616178,20.405079459935486,True,29.41264619883041,66.85124269005848,True
2020_10_SF_NO,2020,10,2020-11-15T16:25-05:00,5.7856275893361575,14.0,49.43188854489164,40.0,-11.354623671440486,22.925878850112802,True,30.712590299277608,68.15118679050568,True
2020_10_BAL_NE,2020,10,2020-11-15T20:20-05:00,-4.408109673585949,6.0,45.029411764705884,40.0,-21.54836093436259,12.732141587190695,True,26.31011351909185,63.74871001031992,True
2020_10_MIN_CHI,2020,10,2020-11-16T20:15-05:00,-1.8979147619925434,-6.0,40.09027777777778,32.0,-19.038166022769186,15.2423364987841,True,21.370979532163744,58.80957602339181,True
2020_11_ARI_SEA,2020,11,2020-11-19T20:20-05:00,1.213292048678621,7.0,49.53819444444444,49.0,-15.926959212098023,18.353543309455265,True,30.81889619883041,68.25749269005848,True
2020_11_ATL_NO,2020,11,2020-11-22T13:00-05:00,1.3952606391490012,15.0,49.22794117647059,33.0,-15.744990621627643,18.535511899925645,True,30.508642930856553,67.94723942208462,True
2020_11_CIN_WAS,2020,11,2020-11-22T13:00-05:00,-0.8411496308602606,11.0,43.75,29.0,-17.981400891636905,16.299101629916382,True,25.030701754385966,62.469298245614034,True
2020_11_DET_CAR,2020,11,2020-11-22T13:00-05:00,-1.2195041111048255,20.0,49.1875,20.0,-18.35975537188147,15.920747149671818,False,30.468201754385966,67.90679824561403,False
2020_11_NE_HOU,2020,11,2020-11-22T13:00-05:00,1.2051726136262246,7.0,44.552287581699346,47.0,-15.93507864715042,18.34542387440287,True,25.832989336085312,63.27158582731338,True
2020_11_PHI_CLE,2020,11,2020-11-22T13:00-05:00,2.9776810002253606,5.0,45.25,39.0,-14.162570260551284,20.117932261002004,True,26.530701754385966,63.969298245614034,True
2020_11_PIT_JAX,2020,11,2020-11-22T13:00-05:00,-9.150514243003869,-24.0,40.28125,30.0,-26.290765503780513,7.989737017772775,True,21.561951754385966,59.000548245614034,True
2020_11_TEN_BAL,2020,11,2020-11-22T13:00-05:00,3.689766050757635,-6.0,47.85139318885449,54.0,-13.450485210019009,20.830017311534277,True,29.132094943240453,66.57069143446853,True
2020_11_MIA_DEN,2020,11,2020-11-22T16:05-05:00,-6.612633966807648,7.0,43.6875,33.0,-23.752885227584294,10.527617293968996,True,24.968201754385966,62.406798245614034,True
2020_11_NYJ_LAC,2020,11,2020-11-22T16:05-05:00,9.792856856562562,6.0,41.15625,62.0,-7.347394404214082,26.933108117339206,True,22.436951754385966,59.875548245614034,False
2020_11_DAL_MIN,2020,11,2020-11-22T16:25-05:00,7.526155951536958,-3.0,45.62152777777778,59.0,-9.614095309239687,24.6664072123136,True,26.902229532163744,64.34082602339181,True
2020_11_GB_IND,2020,11,2020-11-22T16:25-05:00,1.0207765442766101,3.0,45.076388888888886,65.0,-16.119474716500033,18.161027805053255,True,26.35709064327485,63.79568713450292,False
2020_11_KC_LV,2020,11,2020-11-22T20:20-05:00,-5.542049879533849,-4.0,47.901315789473685,66.0,-22.682301140310493,11.598201381242795,True,29.18201754385965,66.62061403508773,True
2020_11_LA_TB,2020,11,2020-11-23T20:15-05:00,1.2146787324547939,-3.0,52.03125,51.0,-15.925572528321851,18.354929993231437,True,33.311951754385966,70.75054824561403,True
2020_12_HOU_DET,2020,12,2020-11-26T12:30-05:00,-1.992599575919187,-16.0,48.486111111111114,66.0,-19.13285083669583,15.147651684857458,True,29.76681286549708,67.20540935672514,True
2020_12_WAS_DAL,2020,12,2020-11-26T16:30-05:00,0.992789371068608,-25.0,45.5,57.0,-16.147461889708037,18.13304063184525,False,26.780701754385966,64.21929824561403,True
2020_12_ARI_NE,2020,12,2020-11-29T13:00-05:00,-0.29193548544511816,3.0,45.03492647058823,37.0,-17.432186746221763,16.848315775331525,True,26.315628224974198,63.754224716202266,True
2020_12_CAR_MIN,2020,12,2020-11-29T13:00-05:00,4.597369270680657,1.0,47.34027777777778,55.0,-12.542881990095987,21.737620531457303,True,28.620979532163744,66.05957602339181,True
2020_12_CLE_JAX,2020,12,2020-11-29T13:00-05:00,-4.129184019311364,-2.0,44.53125,52.0,-21.269435280088008,13.01106724146528,True,25.811951754385966,63.250548245614034,True
2020_12_LAC_BUF,2020,12,2020-11-29T13:00-05:00,2.3890337449630383,10.0,39.37132352941177,44.0,-14.751217515813606,19.52928500573968,True,20.652025283797734,58.0906217750258,True
2020_12_LV_ATL,2020,12,2020-11-29T13:00-05:00,-1.5093197700667078,37.0,47.25,49.0,-18.64957103084335,15.630931490709937,False,28.530701754385966,65.96929824561403,True
2020_12_MIA_NYJ,2020,12,2020-11-29T13:00-05:00,-5.895574184730783,-17.0,44.84375,23.0,-23.035825445507427,11.24467707604586,True,26.124451754385966,63.563048245614034,False
2020_12_NYG_CIN,2020,12,2020-11-29T13:00-05:00,-1.0698368559925262,-2.0,46.59375,36.0,-18.21008811676917,16.070414404784117,True,27.874451754385966,65.31304824561403,True
2020_12_TEN_IND,2020,12,2020-11-29T13:00-05:00,1.7520581058979048,-19.0,45.70065789473684,71.0,-15.388193154878739,18.89230936667455,False,26.98135964912281,64.41995614035088,False
2020_12_NO_DEN,2020,12,2020-11-29T16:05-05:00,-5.693111489904264,-28.0,43.54044117647059,34.0,-22.83336275068091,11.44713977087238,False,24.821142930856553,62.25973942208462,True
2020_12_SF_LA,2020,12,2020-11-29T16:05-05:00,6.891821174153188,-3.0,48.266447368421055,43.0,-10.248430086623456,24.03207243492983,True,29.54714912280702,66.9857456140351,True
2020_12_KC_TB,2020,12,2020-11-29T16:25-05:00,-4.933880402974067,-3.0,53.370065789473685,51.0,-22.074131663750713,12.206370857802577,True,34.65076754385965,72.08936403508773,True
2020_12_CHI_GB,2020,12,2020-11-29T20:20-05:00,7.23094779724296,16.0,40.201388888888886,66.0,-9.909303463533684,24.371199058019606,True,21.48209064327485,58.92068713450292,False
2020_12_SEA_PHI,2020,12,2020-11-30T20:15-05:00,-3.9249205077843037,-6.0,46.94444444444444,40.0,-21.065171768560948,13.21533075299234,True,28.22514619883041,65.66374269005848,True
2020_12_BAL_PIT,2020,12,2020-12-02T15:40-05:00,6.174428938117764,5.0,43.588235294117645,33.0,-10.96582232265888,23.314680198894408,True,24.86893704850361,62.30753353973168,True
2020_13_CIN_MIA,2020,13,2020-12-06T13:00-05:00,8.933610082981208,12.0,46.84375,26.0,-8.206641177795436,26.07386134375785,True,28.124451754385966,65.56304824561403,False
2020_13_CLE_TEN,2020,13,2020-12-06T13:00-05:00,7.680890662125071,-6.0,45.51315789473684,76.0,-9.459360598651573,24.821141922901717,True,26.79385964912281,64.23245614035088,False
2020_13_DET_CHI,2020,13,2020-12-06T13:00-05:00,4.5102683591764,-4.0,41.9375,64.0,-12.629982901600243,21.650519619953045,True,23.218201754385966,60.656798245614034,False
2020_13_IND_HOU,2020,13,2020-12-06T13:00-05:00,1.0634368374191707,-6.0,47.548611111111114,46.0,-16.076814423357472,18.203688098195816,True,28.82931286549708,66.26790935672514,True
2020_13_JAX_MIN,2020,13,2020-12-06T13:00-05:00,9.36253798961332,3.0,43.80902777777778,51.0,-7.777713271163323,26.502789250389966,True,25.089729532163744,62.52832602339181,True
2020_13_LV_NYJ,2020,13,2020-12-06T13:00-05:00,-6.636515562183213,-3.0,42.71875,59.0,-23.776766822959857,10.503735698593431,True,23.999451754385966,61.438048245614034,True
2020_13_NO_ATL,2020,13,2020-12-06T13:00-05:00,1.1211628970899103,-5.0,49.22794117647059,37.0,-16.019088363686734,18.261414157866554,True,30.508642930856553,67.94723942208462,True
2020_13_LA_ARI,2020,13,2020-12-06T16:05-05:00,0.7513741421837941,-10.0,48.78125,66.0,-16.38887711859285,17.89162540296044,True,30.061951754385966,67.50054824561403,True
2020_13_NYG_SEA,2020,13,2020-12-06T16:05-05:00,8.083500705059777,-5.0,49.19444444444444,29.0,-9.056750555716867,25.22375196583642,True,30.47514619883041,67.91374269005848,False
2020_13_NE_LAC,2020,13,2020-12-06T16:25-05:00,3.1053816959511282,-45.0,41.25367647058823,45.0,-14.034869564825517,20.24563295672777,False,22.534378224974198,59.972974716202266,True
2020_13_PHI_GB,2020,13,2020-12-06T16:25-05:00,10.760586488121014,14.0,44.638888888888886,46.0,-6.37966477265563,27.900837748897658,True,25.91959064327485,63.35818713450292,True
2020_13_DEN_KC,2020,13,2020-12-06T20:20-05:00,19.620429963697546,6.0,43.713815789473685,38.0,2.4801787029209024,36.76068122447419,True,24.99451754385965,62.43311403508772,True
2020_13_WAS_PIT,2020,13,2020-12-07T17:00-05:00,8.589733341676112,-6.0,40.40625,40.0,-8.550517919100532,25.729984602452756,True,21.686951754385966,59.125548245614034,True
2020_13_BUF_SF,2020,13,2020-12-07T20:15-05:00,-1.40914517549413,-10.0,42.63777089783282,58.0,-18.549396436270776,15.731106085282514,True,23.91847265221879,61.35706914344686,True
2020_13_DAL_BAL,2020,13,2020-12-08T20:05-05:00,11.444904233844222,17.0,48.681985294117645,51.0,-5.6953470269324225,28.585155494620864,True,29.96268704850361,67.40128353973168,True
2020_14_NE_LA,2020,14,2020-12-10T20:20-05:00,5.685215008085642,21.0,43.62867647058823,27.0,-11.455036252691002,22.825466268862286,True,24.909378224974198,62.347974716202266,True
2020_14_ARI_NYG,2020,14,2020-12-13T13:00-05:00,-1.5359425267007898,-19.0,49.84375,33.0,-18.676193787477434,15.604308734075854,False,31.124451754385966,68.56304824561403,True
2020_14_DAL_CIN,2020,14,2020-12-13T13:00-05:00,0.6634665721106141,-23.0,45.4375,37.0,-16.47678468866603,17.80371783288726,False,26.718201754385966,64.15679824561403,True
2020_14_DEN_CAR,2020,14,2020-12-13T13:00-05:00,8.74371076846228,-5.0,44.0,59.0,-8.396540492314363,25.883962029238923,True,25.280701754385966,62.719298245614034,True
2020_14_HOU_CHI,2020,14,2020-12-13T13:00-05:00,-1.8395370514550424,29.0,42.673611111111114,43.0,-18.979788312231687,15.300714209321601,False,23.95431286549708,61.39290935672515,True
2020_14_KC_MIA,2020,14,2020-12-13T13:00-05:00,-6.3909215679923195,-6.0,50.026315789473685,60.0,-23.531172828768963,10.749329692784325,True,31.30701754385965,68.74561403508773,True
2020_14_MIN_TB,2020,14,2020-12-13T13:00-05:00,4.352622998795485,12.0,50.37152777777778,40.0,-12.787628261981158,21.49287425957213,True,31.652229532163744,69.09082602339181,True
2020_14_TEN_JAX,2020,14,2020-12-13T13:00-05:00,-8.644633330116804,-21.0,44.54440789473684,41.0,-25.784884590893448,8.49561793065984,True,25.82510964912281,63.26370614035088,True
2020_14_IND_LV,2020,14,2020-12-13T16:05-05:00,-1.4655123304723894,-17.0,45.8125,71.0,-18.605763591249033,15.674738930304255,True,27.093201754385966,64.53179824561403,False
2020_14_NYJ_SEA,2020,14,2020-12-13T16:05-05:00,12.111360450474843,37.0,44.28819444444444,43.0,-5.028890810301801,29.251611711251485,False,25.56889619883041,63.00749269005848,True
2020_14_ATL_LAC,2020,14,2020-12-13T16:25-05:00,-0.9654144452758445,3.0,45.6875,37.0,-18.105665706052488,16.1748368155008,True,26.968201754385966,64.40679824561403,True
2020_14_GB_DET,2020,14,2020-12-13T16:25-05:00,-8.677191363382482,-7.0,46.013888888888886,55.0,-25.817442624159128,8.463059897394162,True,27.29459064327485,64.73318713450291,True
2020_14_NO_PHI,2020,14,2020-12-13T16:25-05:00,-5.895256839676426,3.0,47.35294117647059,45.0,-23.03550810045307,11.244994421100218,True,28.633642930856553,66.07223942208462,True
2020_14_WAS_SF,2020,14,2020-12-13T16:25-05:00,-0.19757772313499786,-8.0,46.485197368421055,38.0,-17.337828983911642,16.942673537641646,True,27.76589912280702,65.2044956140351,True
2020_14_PIT_BUF,2020,14,2020-12-13T20:20-05:00,-0.9802438199787581,11.0,36.55882352941177,41.0,-18.1204950807554,16.160007440797887,True,17.839525283797734,55.2781217750258,True
2020_14_BAL_CLE,2020,14,2020-12-14T20:15-05:00,-2.3012700395562757,-5.0,47.838235294117645,89.0,-19.44152130033292,14.838981221220369,True,29.11893704850361,66.55753353973168,False
2020_15_LAC_LV,2020,15,2020-12-17T20:20-05:00,1.350254202653219,-3.0,44.1875,57.0,-15.789997058123426,18.490505463429862,True,25.468201754385966,62.906798245614034,True
2020_15_BUF_DEN,2020,15,2020-12-19T16:30-05:00,-8.317765015313231,-29.0,36.74632352941177,67.0,-25.458016276089875,8.822486245463413,False,18.027025283797734,55.4656217750258,False
2020_15_CAR_GB,2020,15,2020-12-19T20:15-05:00,9.318709272352965,8.0,47.451388888888886,40.0,-7.821541988423679,26.45896053312961,True,28.73209064327485,66.17068713450291,True
2020_15_CHI_MIN,2020,15,2020-12-20T13:00-05:00,2.8887789946400066,-6.0,40.09027777777778,60.0,-14.251472266136638,20.02903025541665,True,21.370979532163744,58.80957602339181,False
2020_15_DET_TEN,2020,15,2020-12-20T13:00-05:00,10.94143225159008,21.0,46.63815789473684,71.0,-6.198819009186565,28.081683512366723,True,27.91885964912281,65.35745614035088,False
2020_15_HOU_IND,2020,15,2020-12-20T13:00-05:00,6.69370765409721,7.0,47.548611111111114,47.0,-10.446543606679434,23.833958914873854,True,28.82931286549708,66.26790935672514,True
2020_15_JAX_BAL,2020,15,2020-12-20T13:00-05:00,11.90434561734719,26.0,46.869485294117645,54.0,-5.235905643429454,29.044596878123834,True,28.15018704850361,65.58878353973168,True
2020_15_NE_MIA,2020,15,2020-12-20T13:00-05:00,2.9228954222811048,10.0,44.94117647058823,34.0,-14.21735583849554,20.06314668305775,True,26.221878224974198,63.660474716202266,True
2020_15_SEA_WAS,2020,15,2020-12-20T13:00-05:00,-3.1219973667687366,-5.0,46.35069444444444,35.0,-20.262248627545382,14.018253894007907,True,27.63139619883041,65.06999269005848,True
2020_15_SF_DAL,2020,15,2020-12-20T13:00-05:00,0.09100267281116628,8.0,48.172697368421055,74.0,-17.04924858796548,17.23125393358781,True,29.45339912280702,66.8919956140351,False
2020_15_TB_ATL,2020,15,2020-12-20T13:00-05:00,-0.8203020854697167,-4.0,52.71875,58.0,-17.96055334624636,16.319949175306927,True,33.999451754385966,71.43804824561403,True
2020_15_NYJ_LA,2020,15,2020-12-20T16:05-05:00,16.544884735962913,-3.0,43.53125,43.0,-0.5953665248137305,33.68513599673956,False,24.811951754385966,62.250548245614034,True
2020_15_PHI_ARI,2020,15,2020-12-20T16:05-05:00,8.932073983710318,7.0,47.59375,59.0,-8.208177277066326,26.07232524448696,True,28.874451754385966,66.31304824561403,True
2020_15_KC_NO,2020,15,2020-12-20T16:25-05:00,-1.4211109544929448,-3.0,49.87925696594427,61.0,-18.56136221526959,15.719140306283698,True,31.159958720330238,68.5985552115583,True
2020_15_CLE_NYG,2020,15,2020-12-20T20:20-05:00,-4.184545367720529,-14.0,47.5,26.0,-21.32479662849717,12.955705893056116,True,28.780701754385966,66.21929824561403,False
2020_15_PIT_CIN,2020,15,2020-12-21T20:15-05:00,-11.329042171913013,10.0,40.34375,44.0,-28.469293432689657,5.811209088863631,False,21.624451754385966,59.063048245614034,True
2020_16_MIN_NO,2020,16,2020-12-25T16:30-05:00,6.617676924467382,19.0,46.880718954248366,85.0,-10.522574336309262,23.757928185244026,True,28.16142070863433,65.6000171998624,False
2020_16_TB_DET,2020,16,2020-12-26T13:00-05:00,-6.197328056715143,-40.0,52.21875,54.0,-23.337579317491787,10.9429232040615,False,33.499451754385966,70.93804824561403,True
2020_16_SF_ARI,2020,16,2020-12-26T16:30-05:00,5.808006227591518,-8.0,49.672697368421055,32.0,-11.332245033185126,22.948257488368164,True,30.95339912280702,68.3919956140351,True
2020_16_MIA_LV,2020,16,2020-12-26T20:15-05:00,-1.250787797861842,-1.0,47.875,51.0,-18.391039058638487,15.889463462914803,True,29.155701754385966,66.59429824561403,True
2020_16_ATL_KC,2020,16,2020-12-27T13:00-05:00,9.597542821370046,3.0,49.401315789473685,31.0,-7.5427084394065975,26.737794082146692,True,30.68201754385965,68.12061403508773,True
2020_16_CHI_JAX,2020,16,2020-12-27T13:00-05:00,-6.180958916112911,-24.0,39.84375,58.0,-23.321210176889554,10.959292344663734,False,21.124451754385966,58.563048245614034,True
2020_16_CIN_HOU,2020,16,2020-12-27T13:00-05:00,7.3340581328630945,-6.0,46.454861111111114,68.0,-9.806193127913549,24.47430939363974,True,27.73556286549708,65.17415935672514,False
2020_16_CLE_NYJ,2020,16,2020-12-27T13:00-05:00,-7.738274974729823,7.0,42.59375,39.0,-24.878526235506467,9.401976286046821,True,23.874451754385966,61.313048245614034,True
2020_16_IND_PIT,2020,16,2020-12-27T13:00-05:00,-0.19990624793182232,4.0,41.4375,52.0,-17.340157508708465,16.940345012844823,True,22.718201754385966,60.156798245614034,True
2020_16_NYG_BAL,2020,16,2020-12-27T13:00-05:00,12.359493675452773,14.0,49.838235294117645,40.0,-4.780757585323871,29.49974493622942,True,31.11893704850361,68.55753353973168,True
2020_16_CAR_WAS,2020,16,2020-12-27T16:05-05:00,1.8958880997011618,-7.0,47.21875,33.0,-15.244363161075482,19.036139360477804,True,28.499451754385966,65.93804824561403,True
2020_16_DEN_LAC,2020,16,2020-12-27T16:05-05:00,9.649756009866067,3.0,40.0,35.0,-7.490495250910577,26.79000727064271,True,21.280701754385966,58.719298245614034,True
2020_16_LA_SEA,2020,16,2020-12-27T16:25-05:00,2.5512145957561767,11.0,48.13194444444444,29.0,-14.589036665020467,19.691465856532822,True,29.41264619883041,66.85124269005848,False
2020_16_PHI_DAL,2020,16,2020-12-27T16:25-05:00,2.275964505164992,20.0,46.09375,54.0,-14.864286755611651,19.416215765941637,False,27.374451754385966,64.81304824561403,True
2020_16_TEN_GB,2020,16,2020-12-27T20:20-05:00,1.0785132770494412,26.0,44.90204678362573,54.0,-16.061737983727202,18.218764537826086,False,26.182748538011694,63.62134502923976,True
2020_16_BUF_NE,2020,16,2020-12-28T20:15-05:00,-4.138184480531553,-29.0,38.0,47.0,-21.278435741308197,13.00206678024509,False,19.280701754385966,56.719298245614034,True
2020_17_ATL_TB,2020,17,2021-01-03T13:00-05:00,5.530244815500526,17.0,52.71875,71.0,-11.610006445276117,22.67049607627717,True,33.999451754385966,71.43804824561403,True
2020_17_BAL_CIN,2020,17,2021-01-03T13:00-05:00,-8.890816448728586,-35.0,46.931985294117645,41.0,-26.03106770950523,8.249434812048058,False,28.21268704850361,65.65128353973168,True
2020_17_DAL_NYG,2020,17,2021-01-03T13:00-05:00,-0.8298199669847108,4.0,48.34375,42.0,-17.970071227761355,16.310431293791932,True,29.624451754385966,67.06304824561403,True
2020_17_MIA_BUF,2020,17,2021-01-03T13:00-05:00,6.705627287148956,30.0,43.05882352941177,82.0,-10.434623973627687,23.8458785479256,False,24.339525283797734,61.7781217750258,False
2020_17_MIN_DET,2020,17,2021-01-03T13:00-05:00,-4.596283809921751,-2.0,45.90277777777778,72.0,-21.736535070698395,12.543967450854893,True,27.183479532163744,64.62207602339181,False
2020_17_NYJ_NE,2020,17,2021-01-03T13:00-05:00,5.722874488239202,14.0,39.78492647058823,42.0,-11.417376772537441,22.863125749015847,True,21.065628224974198,58.504224716202266,True
2020_17_PIT_CLE,2020,17,2021-01-03T13:00-05:00,1.4549199071592671,2.0,41.25,46.0,-15.685331353617377,18.59517116793591,True,22.530701754385966,59.969298245614034,True
2020_17_ARI_LA,2020,17,2021-01-03T16:25-05:00,4.3077560819340555,11.0,48.78125,25.0,-12.832495178842589,21.4480073427107,True,30.061951754385966,67.50054824561403,False
2020_17_GB_CHI,2020,17,2021-01-03T16:25-05:00,-4.383677139694635,-19.0,40.201388888888886,51.0,-21.523928400471277,12.756574121082009,True,21.48209064327485,58.92068713450292,True
2020_17_JAX_IND,2020,17,2021-01-03T16:25-05:00,14.830084365677616,14.0,44.71875,42.0,-2.3101668950990284,31.970335626454258,True,25.999451754385966,63.438048245614034,True
2020_17_LAC_KC,2020,17,2021-01-03T16:25-05:00,4.6690156053873695,-17.0,46.338815789473685,59.0,-12.471235655389275,21.809266866164013,False,27.61951754385965,65.05811403508773,True
2020_17_LV_DEN,2020,17,2021-01-03T16:25-05:00,-3.9922470979553486,-1.0,41.5625,63.0,-21.132498358731993,13.148004162821294,True,22.843201754385966,60.281798245614034,False
2020_17_NO_CAR,2020,17,2021-01-03T16:25-05:00,-4.740131448853104,-26.0,50.16544117647059,40.0,-21.88038270962975,12.40011981192354,False,31.446142930856553,68.88473942208462,True
2020_17_SEA_SF,2020,17,2021-01-03T16:25-05:00,-6.511899163657953,-3.0,49.0233918128655,49.0,-23.652150424434595,10.628352097118691,True,30.304093567251464,67.74269005847952,True
2020_17_TEN_HOU,2020,17,2021-01-03T16:25-05:00,-4.225110543252888,-3.0,47.37426900584795,79.0,-21.365361804029533,12.915140717523755,True,28.654970760233915,66.09356725146199,False
2020_17_WAS_PHI,2020,17,2021-01-03T20:20-05:00,-1.2973785009920893,-6.0,44.40625,34.0,-18.437629761768733,15.842872759784555,True,25.686951754385966,63.125548245614034,True
2021_01_DAL_TB,2021,1,2021-09-09T20:20-04:00,7.45488955231583,2.0,53.325,60.0,-9.359074659982603,24.268853764614263,True,34.869407894736845,71.78059210526317,True
2021_01_ARI_TEN,2021,1,2021-09-12T13:00-04:00,3.5017755265823203,-25.0,52.60477941176471,51.0,-13.312188685716112,20.315739738880755,False,34.14918730650155,71.06037151702787,True
2021_01_JAX_HOU,2021,1,2021-09-12T13:00-04:00,4.019033761102821,16.0,51.4375,58.0,-12.794930451195611,20.832997973401255,True,32.98190789473684,69.89309210526315,True
2021_01_LAC_WAS,2021,1,2021-09-12T13:00-04:00,1.041244423852245,-4.0,46.43014705882353,36.0,-15.772719788446189,17.855208636150678,True,27.97455495356037,64.88573916408669,True
2021_01_MIN_CIN,2021,1,2021-09-12T13:00-04:00,-0.08504335818541264,3.0,51.25,51.0,-16.899007570483846,16.72892085411302,True,32.79440789473684,69.70559210526315,True
2021_01_NYJ_CAR,2021,1,2021-09-12T13:00-04:00,3.12125410546259,5.0,45.375,33.0,-13.692710106835843,19.935218317761024,True,26.919407894736842,63.83059210526316,True
2021_01_PHI_ATL,2021,1,2021-09-12T13:00-04:00,6.035825665323566,-26.0,48.8125,38.0,-10.778138546974867,22.849789877622,False,30.356907894736842,67.26809210526315,True
2021_01_PIT_BUF,2021,1,2021-09-12T13:00-04:00,4.8100202308996725,-7.0,50.46439628482972,39.0,-12.003943981398761,21.623984443198104,True,32.00880417956656,68.91998839009287,True
2021_01_SEA_IND,2021,1,2021-09-12T13:00-04:00,1.0133267774815162,-12.0,51.294117647058826,44.0,-15.800637434816917,17.82729098977995,True,32.83852554179567,69.74970975232199,True
2021_01_SF_DET,2021,1,2021-09-12T13:00-04:00,-3.1697527147067914,-8.0,51.9375,74.0,-19.983716927005226,13.644211497591641,True,33.48190789473684,70.39309210526315,False
2021_01_CLE_KC,2021,1,2021-09-12T16:25-04:00,4.592927498707307,4.0,52.10087719298246,62.0,-12.221036713591126,21.40689171100574,True,33.6452850877193,70.55646929824562,True
2021_01_DEN_NYG,2021,1,2021-09-12T16:25-04:00,1.6783156978027511,-14.0,43.9375,40.0,-15.135648514495681,18.492279910101185,True,25.481907894736842,62.39309210526316,True
2021_01_GB_NO,2021,1,2021-09-12T16:25-04:00,-2.993227406547188,35.0,52.333333333333336,41.0,-19.80719161884562,13.820736805751245,False,33.87774122807018,70.7889254385965,True
2021_01_MIA_NE,2021,1,2021-09-12T16:25-04:00,-1.4550021502537072,-1.0,44.40625,33.0,-18.268966362552142,15.358962062044727,True,25.950657894736842,62.86184210526316,True
2021_01_CHI_LA,2021,1,2021-09-12T20:20-04:00,4.856490705709627,20.0,44.03921568627451,48.0,-11.957473506588807,21.670454918008062,True,25.583623581011352,62.49480779153767,True
2021_01_BAL_LV,2021,1,2021-09-13T20:15-04:00,-3.9424813902974476,6.0,51.388888888888886,60.0,-20.756445602595882,12.871482822000985,True,32.93329678362573,69.84448099415204,True
2021_02_NYG_WAS,2021,2,2021-09-16T20:20-04:00,4.103536479845162,1.0,41.02389705882353,59.0,-12.710427732453272,20.917500692143594,True,22.56830495356037,59.47948916408669,True
2021_02_BUF_MIA,2021,2,2021-09-19T13:00-04:00,-1.8956312281393581,-35.0,49.74013157894737,35.0,-18.70959544043779,14.918332984159075,False,31.284539473684212,68.19572368421052,True
2021_02_CIN_CHI,2021,2,2021-09-19T13:00-04:00,2.3210178970968363,3.0,45.674632352941174,37.0,-14.492946315201596,19.13498210939527,True,27.219040247678016,64.13022445820434,True
2021_02_DEN_JAX,2021,2,2021-09-19T13:00-04:00,-3.9840495793646964,-10.0,48.96875,36.0,-20.79801379166313,12.829914632933736,True,30.513157894736842,67.42434210526315,True
2021_02_HOU_CLE,2021,2,2021-09-19T13:00-04:00,5.479453120183869,10.0,52.91666666666667,52.0,-11.334511092114564,22.293417332482303,True,34.461074561403514,71.37225877192984,True
2021_02_LA_IND,2021,2,2021-09-19T13:00-04:00,-2.7256712186461964,-3.0,46.745098039215684,51.0,-19.539635430944628,14.088292993652237,True,28.289505933952526,65.20069014447884,True
2021_02_LV_PIT,2021,2,2021-09-19T13:00-04:00,4.462544353001577,-9.0,52.411764705882355,43.0,-12.351419859296858,21.27650856530001,True,33.9561726006192,70.86735681114551,True
2021_02_NE_NYJ,2021,2,2021-09-19T13:00-04:00,-1.3780825460746016,-19.0,43.09375,31.0,-18.192046758373035,15.435881666223832,False,24.638157894736842,61.54934210526316,True
2021_02_NO_CAR,2021,2,2021-09-19T13:00-04:00,-7.895039488563106,19.0,48.47222222222222,33.0,-24.70900370086154,8.918924723735326,False,30.016630116959064,66.92781432748538,True
2021_02_SF_PHI,2021,2,2021-09-19T13:00-04:00,-0.2702484529537743,-6.0,47.4375,28.0,-17.084212665252206,16.54371575934466,True,28.981907894736842,65.89309210526315,False
2021_02_ATL_TB,2021,2,2021-09-19T16:05-04:00,7.003599552229794,23.0,51.5125,73.0,-9.81036466006864,23.817563764528227,True,33.056907894736845,69.96809210526317,False
2021_02_MIN_ARI,2021,2,2021-09-19T16:05-04:00,3.905753414899248,1.0,52.5625,67.0,-12.908210797399185,20.71971762719768,True,34.10690789473684,71.01809210526315,True
2021_02_DAL_LAC,2021,2,2021-09-19T16:25-04:00,2.2568351247808973,-3.0,52.4375,37.0,-14.557129087517536,19.07079933707933,True,33.98190789473684,70.89309210526315,True
2021_02_TEN_SEA,2021,2,2021-09-19T16:25-04:00,4.998551438303926,-3.0,54.205882352941174,63.0,-11.815412773994508,21.812515650602357,True,35.750290247678016,72.66147445820434,True
2021_02_KC_BAL,2021,2,2021-09-19T20:20-04:00,-0.957889799197633,1.0,48.57309941520468,71.0,-17.771854011496067,15.856074413100801,True,30.117507309941523,67.02869152046785,False
2021_02_DET_GB,2021,2,2021-09-20T20:15-04:00,11.364806417009962,18.0,55.361111111111114,52.0,-5.449157795288471,28.178770629308396,True,36.90551900584796,73.81670321637426,True
2021_03_CAR_HOU,2021,3,2021-09-23T20:20-04:00,-1.436041664756067,-15.0,50.0,33.0,-18.2500058770545,15.377922547542367,True,31.544407894736842,68.45559210526315,True
2021_03_ARI_JAX,2021,3,2021-09-26T13:00-04:00,-7.483714110679706,-12.0,49.21875,50.0,-24.29767832297814,9.330250101618727,True,30.763157894736842,67.67434210526315,True
2021_03_ATL_NYG,2021,3,2021-09-26T13:00-04:00,0.3809772964308795,-3.0,45.21875,31.0,-16.432986915867552,17.194941508729315,True,26.763157894736842,63.67434210526316,True
2021_03_BAL_DET,2021,3,2021-09-26T13:00-04:00,-4.048646232217179,-2.0,50.888888888888886,36.0,-20.86261044451561,12.765317980081255,True,32.43329678362573,69.34448099415204,True
2021_03_CHI_CLE,2021,3,2021-09-26T13:00-04:00,5.87011017887022,20.0,49.122549019607845,32.0,-10.943854033428213,22.684074391168654,True,30.666956914344688,67.578141124871,True
2021_03_CIN_PIT,2021,3,2021-09-26T13:00-04:00,4.561200633220039,-14.0,46.880514705882355,34.0,-12.252763579078394,21.375164845518473,False,28.424922600619198,65.33610681114551,True
2021_03_IND_TEN,2021,3,2021-09-26T13:00-04:00,1.5975595940487741,9.0,53.73529411764706,41.0,-15.216404618249658,18.41152380634721,True,35.2797020123839,72.19088622291022,True
2021_03_LAC_KC,2021,3,2021-09-26T13:00-04:00,5.69936080736931,-6.0,50.99671052631579,54.0,-11.114603404929124,22.513325019667743,True,32.54111842105263,69.45230263157895,True
2021_03_NO_NE,2021,3,2021-09-26T13:00-04:00,-2.187565425898955,-15.0,46.19097222222222,41.0,-19.00152963819739,14.626398786399479,True,27.735380116959064,64.64656432748538,True
2021_03_WAS_BUF,2021,3,2021-09-26T13:00-04:00,7.592295388554158,22.0,47.6702786377709,64.0,-9.221668823744276,24.406259600852593,True,29.21468653250774,66.12587074303406,True
2021_03_MIA_LV,2021,3,2021-09-26T16:05-04:00,4.059432303381156,3.0,51.6875,59.0,-12.754531908917278,20.873396515679588,True,33.23190789473684,70.14309210526315,True
2021_03_NYJ_DEN,2021,3,2021-09-26T16:05-04:00,8.595290937156008,26.0,45.90625,26.0,-8.218673275142425,25.40925514945444,False,27.450657894736842,64.36184210526315,False
2021_03_SEA_MIN,2021,3,2021-09-26T16:25-04:00,-1.0847194066264865,13.0,54.16360294117647,47.0,-17.89868361892492,15.729244805671946,True,35.70801083591331,72.61919504643963,True
2021_03_TB_LA,2021,3,2021-09-26T16:25-04:00,1.25187960994362,10.0,47.53333333333333,58.0,-15.562084602354814,18.065843822242055,True,29.077741228070174,65.98892543859648,True
2021_03_GB_SF,2021,3,2021-09-26T20:20-04:00,-2.2258851750418986,-2.0,51.298611111111114,58.0,-19.039849387340332,14.588079037256534,True,32.84301900584796,69.75420321637426,True
2021_03_PHI_DAL,2021,3,2021-09-27T20:15-04:00,3.3099825809561505,20.0,50.625,62.0,-13.503981631342283,20.123946793254582,True,32.16940789473684,69.08059210526315,True
2021_04_JAX_CIN,2021,4,2021-09-30T20:20-04:00,9.837371721620514,3.0,47.90625,45.0,-6.97659249067792,26.651335933918947,True,29.450657894736842,66.36184210526315,True
2021_04_CAR_DAL,2021,4,2021-10-03T13:00-04:00,2.5618665743672584,8.0,50.625,64.0,-14.252097637931175,19.37583078666569,True,32.16940789473684,69.08059210526315,True
2021_04_CLE_MIN,2021,4,2021-10-03T13:00-04:00,-0.6397448918718927,-7.0,54.69791666666667,21.0,-17.453709104170326,16.17421932042654,True,36.242324561403514,73.15350877192984,False
2021_04_DET_CHI,2021,4,2021-10-03T13:00-04:00,2.683665135162965,10.0,50.705882352941174,38.0,-14.130299077135469,19.497629347461398,True,32.250290247678016,69.16147445820434,True
2021_04_HOU_BUF,2021,4,2021-10-03T13:00-04:00,13.104145356832461,40.0,53.05263157894737,40.0,-3.709818855465972,29.918109569130895,False,34.59703947368421,71.50822368421052,True
2021_04_IND_MIA,2021,4,2021-10-03T13:00-04:00,-1.221735813472078,-10.0,48.599264705882355,44.0,-18.03570002577051,15.592228398826355,True,30.143672600619198,67.05485681114551,True
2021_04_KC_PHI,2021,4,2021-10-03T13:00-04:00,-5.0003458860004,-12.0,49.18421052631579,72.0,-21.814310098298833,11.813618326298034,True,30.72861842105263,67.63980263157895,False
2021_04_NYG_NO,2021,4,2021-10-03T13:00-04:00,9.454994956122317,-6.0,44.87847222222222,48.0,-7.358969256176117,26.26895916842075,True,26.422880116959064,63.33406432748538,True
2021_04_TEN_NYJ,2021,4,2021-10-03T13:00-04:00,-8.8196425087265,3.0,50.19852941176471,51.0,-25.633606721024933,7.994321703571934,True,31.742937306501553,68.65412151702787,True
2021_04_WAS_ATL,2021,4,2021-10-03T13:00-04:00,2.790183696056244,-4.0,46.43014705882353,64.0,-14.023780516242189,19.604147908354676,True,27.97455495356037,64.88573916408669,True
2021_04_ARI_LA,2021,4,2021-10-03T16:05-04:00,4.2171510079337935,-17.0,45.61458333333333,57.0,-12.59681320436464,21.031115220232227,False,27.15899122807017,64.0701754385965,True
2021_04_SEA_SF,2021,4,2021-10-03T16:05-04:00,0.5381952318667489,-7.0,49.81985294117647,49.0,-16.275768980431685,17.35215944416518,True,31.364260835913313,68.27544504643963,True
2021_04_BAL_DEN,2021,4,2021-10-03T16:25-04:00,2.9892214810913886,-16.0,46.920138888888886,30.0,-13.824742731207046,19.80318569338982,False,28.464546783625728,65.37573099415204,True
2021_04_PIT_GB,2021,4,2021-10-03T16:25-04:00,8.525733274014456,10.0,51.27287581699346,44.0,-8.288230938283977,25.33969748631289,True,32.817283711730305,69.72846792225661,True
2021_04_TB_NE,2021,4,2021-10-03T20:20-04:00,-5.061707413126954,-2.0,47.41875,36.0,-21.875671625425387,11.75225679917148,True,28.963157894736845,65.87434210526317,True
2021_04_LV_LAC,2021,4,2021-10-04T20:15-04:00,3.7450511363574046,14.0,53.8125,42.0,-13.06891307594103,20.559015348655837,True,35.35690789473684,72.26809210526315,True
2021_05_LA_SEA,2021,5,2021-10-07T20:20-04:00,-0.02909785779336982,-9.0,47.21568627450981,43.0,-16.843062070091804,16.784866354505063,True,28.76009416924665,65.67127837977296,True
2021_05_NYJ_ATL,2021,5,2021-10-10T09:30-04:00,6.64962834059696,7.0,47.1875,47.0,-10.164335871701473,23.463592552895392,True,28.731907894736842,65.64309210526315,True
2021_05_DEN_PIT,2021,5,2021-10-10T13:00-04:00,3.3785673513482917,8.0,47.943014705882355,46.0,-13.435396860950142,20.192531563646725,True,29.487422600619198,66.39860681114551,True
2021_05_DET_MIN,2021,5,2021-10-10T13:00-04:00,8.14040318079255,2.0,56.28125,36.0,-8.673561031505884,24.954367393090983,True,37.82565789473684,74.73684210526315,False
2021_05_GB_CIN,2021,5,2021-10-10T13:00-04:00,-5.236333614378061,-3.0,50.329861111111114,47.0,-22.050297826676495,11.577630597920372,True,31.874269005847957,68.78545321637426,True
2021_05_MIA_TB,2021,5,2021-10-10T13:00-04:00,9.986043279919116,28.0,49.3875,62.0,-6.8279209323793175,26.80000749221755,False,30.931907894736845,67.84309210526317,True
2021_05_NE_HOU,2021,5,2021-10-10T13:00-04:00,-5.301617329676602,-3.0,47.71875,47.0,-22.115581541975036,11.51234688262183,True,29.263157894736842,66.17434210526315,True
2021_05_NO_WAS,2021,5,2021-10-10T13:00-04:00,-4.005996590077423,-11.0,46.08986928104575,55.0,-20.819960802375856,12.80796762222101,True,27.634277175782593,64.54546138630892,True
2021_05_PHI_CAR,2021,5,2021-10-10T13:00-04:00,2.967897674060004,-3.0,47.0,39.0,-13.846066538238428,19.78186188635844,True,28.544407894736842,65.45559210526315,True
2021_05_TEN_JAX,2021,5,2021-10-10T13:00-04:00,-6.909925085678495,-18.0,53.26102941176471,56.0,-23.72388929797693,9.904039126619939,True,34.80543730650155,71.71662151702787,True
2021_05_CHI_LV,2021,5,2021-10-10T16:05-04:00,3.9922225195403724,-11.0,51.205882352941174,29.0,-12.82174169275806,20.806186731838807,True,32.750290247678016,69.66147445820434,False
2021_05_CLE_LAC,2021,5,2021-10-10T16:05-04:00,1.4365112851137178,5.0,51.72916666666667,89.0,-15.377452927184716,18.25047549741215,True,33.273574561403514,70.18475877192984,False
2021_05_NYG_DAL,2021,5,2021-10-10T16:25-04:00,4.918326999375836,24.0,47.03125,64.0,-11.895637212922598,21.73229121167427,False,28.575657894736842,65.48684210526315,True
2021_05_SF_ARI,2021,5,2021-10-10T16:25-04:00,6.099452490141044,7.0,48.21875,27.0,-10.71451172215739,22.913416702439477,True,29.763157894736842,66.67434210526315,False
2021_05_BUF_KC,2021,5,2021-10-10T20:20-04:00,-1.308667444797057,-18.0,52.23684210526316,58.0,-18.12263165709549,15.505296767501376,True,33.78125,70.69243421052632,True
2021_05_IND_BAL,2021,5,2021-10-11T20:15-04:00,3.4312949139728315,6.0,48.30065359477124,56.0,-13.382669298325602,20.245259126271264,True,29.845061489508083,66.7562457000344,True
2021_06_TB_PHI,2021,6,2021-10-14T20:20-04:00,-6.363118560581698,-6.0,49.7,50.0,-23.17708277288013,10.450845651716737,True,31.244407894736845,68.15559210526317,True
2021_06_MIA_JAX,2021,6,2021-10-17T09:30-04:00,-4.199118627569445,3.0,48.125,43.0,-21.013082839867877,12.61484558472899,True,29.669407894736842,66.58059210526315,True
2021_06_CIN_DET,2021,6,2021-10-17T13:00-04:00,-2.6859933503267053,-23.0,50.96875,45.0,-19.499957562625138,14.127970861971729,False,32.51315789473684,69.42434210526315,True
2021_06_GB_CHI,2021,6,2021-10-17T13:00-04:00,-6.19366587477872,-10.0,50.06699346405229,38.0,-23.007630087077153,10.620298337519714,True,31.61140135878913,68.52258556931545,True
2021_06_HOU_IND,2021,6,2021-10-17T13:00-04:00,10.051290753095632,28.0,51.911764705882355,34.0,-6.7626734592028015,26.865254965394065,False,33.4561726006192,70.36735681114551,True
2021_06_KC_WAS,2021,6,2021-10-17T13:00-04:00,-4.098990916346514,-18.0,46.80185758513932,44.0,-20.912955128644946,12.71497329595192,True,28.34626547987616,65.25744969040247,True
2021_06_LAC_BAL,2021,6,2021-10-17T13:00-04:00,2.012980728074857,28.0,48.201388888888886,40.0,-14.800983484223575,18.82694494037329,False,29.745796783625728,66.65698099415204,True
2021_06_LA_NYG,2021,6,2021-10-17T13:00-04:00,-5.887559122754549,-27.0,41.23958333333333,49.0,-22.701523335052983,10.926405089543884,False,22.78399122807017,59.695175438596486,True
2021_06_MIN_CAR,2021,6,2021-10-17T13:00-04:00,-0.16258285777239712,-6.0,51.78125,62.0,-16.97654707007083,16.651381354526038,True,33.32565789473684,70.23684210526315,True
2021_06_ARI_CLE,2021,6,2021-10-17T16:05-04:00,-0.005319438562521817,-23.0,50.69791666666667,51.0,-16.819283650860957,16.80864477373591,False,32.242324561403514,69.15350877192984,True
2021_06_DAL_NE,2021,6,2021-10-17T16:25-04:00,-3.149687737737312,-6.0,48.34375,64.0,-19.963651950035747,13.664276474561122,True,29.888157894736842,66.79934210526315,True
2021_06_LV_DEN,2021,6,2021-10-17T16:25-04:00,2.350468425898188,-10.0,52.53125,58.0,-14.463495786400244,19.164432638196622,True,34.07565789473684,70.98684210526315,True
2021_06_SEA_PIT,2021,6,2021-10-17T20:20-04:00,2.492285876106755,3.0,49.794117647058826,43.0,-14.321678336191678,19.30625008840519,True,31.33852554179567,68.24970975232199,True
2021_06_BUF_TEN,2021,6,2021-10-18T20:15-04:00,-6.398373219170873,3.0,54.87616099071207,65.0,-23.212337431469308,10.41559099312756,True,36.420568885448915,73.33175309597523,True
2021_07_DEN_CLE,2021,7,2021-10-21T20:20-04:00,4.204352102333343,3.0,50.44791666666667,31.0,-12.609612109965092,21.018316314631775,True,31.992324561403514,68.90350877192984,False
2021_07_ATL_MIA,2021,7,2021-10-24T13:00-04:00,-1.0929726184985316,-2.0,48.5,58.0,-17.906936830796965,15.720991593799901,True,30.044407894736842,66.95559210526315,True
2021_07_CAR_NYG,2021,7,2021-10-24T13:00-04:00,0.2943814975536101,22.0,43.40625,28.0,-16.519582714744825,17.108345709852042,False,24.950657894736842,61.86184210526316,True
2021_07_CIN_BAL,2021,7,2021-10-24T13:00-04:00,5.084053391827837,-24.0,45.857638888888886,58.0,-11.729910820470597,21.89801760412627,False,27.402046783625728,64.31323099415204,True
2021_07_KC_TEN,2021,7,2021-10-24T13:00-04:00,-0.13986000980746827,24.0,54.0077399380805,30.0,-16.9538242221059,16.674104202490966,False,35.55214783281734,72.46333204334366,False
2021_07_NYJ_NE,2021,7,2021-10-24T13:00-04:00,5.981722315404408,41.0,43.09375,67.0,-10.832241896894026,22.79568652770284,False,24.638157894736842,61.54934210526316,False
2021_07_WAS_GB,2021,7,2021-10-24T13:00-04:00,11.228247166174718,14.0,48.478758169934636,34.0,-5.585717046123715,28.04221137847315,True,30.02316606467148,66.9343502751978,True
2021_07_DET_LA,2021,7,2021-10-24T16:05-04:00,14.303113778758032,9.0,49.33333333333333,47.0,-2.5108504335404014,31.117077991056465,True,30.87774122807017,67.7889254385965,True
2021_07_PHI_LV,2021,7,2021-10-24T16:05-04:00,3.374068830837579,11.0,52.0,55.0,-13.439895381460854,20.188033043136013,True,33.54440789473684,70.45559210526315,True
2021_07_CHI_TB,2021,7,2021-10-24T16:25-04:00,10.713206680918073,35.0,48.90588235294118,41.0,-6.10075753138036,27.527170893216507,False,30.45029024767802,67.36147445820433,True
2021_07_HOU_ARI,2021,7,2021-10-24T16:25-04:00,16.40175190988309,26.0,50.78125,36.0,-0.41221230241534457,33.21571612218152,True,32.32565789473684,69.23684210526315,True
2021_07_IND_SF,2021,7,2021-10-24T20:20-04:00,-0.32586084434908813,-12.0,49.349264705882355,48.0,-17.13982505664752,16.488103367949346,True,30.893672600619198,67.80485681114551,True
2021_07_NO_SEA,2021,7,2021-10-25T20:15-04:00,-5.245684109366069,-3.0,50.85457516339869,23.0,-22.059648321664504,11.568280102932365,True,32.398983058135535,69.31016726866184,False
2021_08_GB_ARI,2021,8,2021-10-28T20:20-04:00,1.933412351687116,-3.0,51.642361111111114,45.0,-14.880551860611318,18.74737656398555,True,33.18676900584796,70.09795321637426,True
2021_08_CAR_ATL,2021,8,2021-10-31T13:00-04:00,5.378150974867604,-6.0,48.8125,32.0,-11.435813237430828,22.19211518716604,True,30.356907894736842,67.26809210526315,True
2021_08_CIN_NYJ,2021,8,2021-10-31T13:00-04:00,-9.296892186822618,3.0,44.84375,65.0,-26.11085639912105,7.517072025475816,True,26.388157894736842,63.29934210526316,False
2021_08_LA_HOU,2021,8,2021-10-31T13:00-04:00,-14.296612079809893,-16.0,47.83333333333333,60.0,-31.110576292108327,2.51735213248854,True,29.37774122807017,66.2889254385965,True
2021_08_MIA_BUF,2021,8,2021-10-31T13:00-04:00,14.789186482117895,15.0,49.74013157894737,37.0,-2.0247777301805385,31.60315069441633,True,31.284539473684212,68.19572368421052,True
2021_08_PHI_DET,2021,8,2021-10-31T13:00-04:00,-1.7882560008542026,-38.0,51.5,50.0,-18.602220213152634,15.02570821144423,False,33.04440789473684,69.95559210526315,True
2021_08_PIT_CLE,2021,8,2021-10-31T13:00-04:00,3.6642244116087683,-5.0,50.32843137254902,25.0,-13.149739800689666,20.4781886239072,True,31.872839267285862,68.78402347781218,False
2021_08_SF_CHI,2021,8,2021-10-31T13:00-04:00,-3.582460354157938,-11.0,46.643382352941174,55.0,-20.39642456645637,13.231503858140496,True,28.187790247678016,65.09897445820434,True
2021_08_TEN_IND,2021,8,2021-10-31T13:00-04:00,0.9769999173244991,-3.0,53.73529411764706,65.0,-15.836964294973935,17.79096412962293,True,35.2797020123839,72.19088622291022,True
2021_08_JAX_SEA,2021,8,2021-10-31T16:05-04:00,7.362047938970583,24.0,50.81985294117647,38.0,-9.45191627332785,24.176012151269017,True,32.36426083591331,69.27544504643963,True
2021_08_NE_LAC,2021,8,2021-10-31T16:05-04:00,4.325108987105037,-3.0,46.53125,51.0,-12.488855225193397,21.13907319940347,True,28.075657894736842,64.98684210526315,True
2021_08_TB_NO,2021,8,2021-10-31T16:25-04:00,-2.1261748936394937,9.0,51.172222222222224,63.0,-18.940139105937927,14.68778931865894,True,32.71663011695907,69.62781432748538,True
2021_08_WAS_DEN,2021,8,2021-10-31T16:25-04:00,4.148466558985804,7.0,45.14889705882353,27.0,-12.665497653312629,20.96243077128424,True,26.69330495356037,63.60448916408669,True
2021_08_DAL_MIN,2021,8,2021-10-31T20:20-04:00,3.4589902446795824,-4.0,55.40625,36.0,-13.35497396761885,20.272954456978017,True,36.95065789473684,73.86184210526315,False
2021_08_NYG_KC,2021,8,2021-11-01T20:15-04:00,7.1022433763588895,3.0,45.59046052631579,37.0,-9.711720835939545,23.916207588657322,True,27.13486842105263,64.04605263157895,True
2021_09_NYJ_IND,2021,9,2021-11-04T20:20-04:00,12.757530223045105,15.0,47.286764705882355,75.0,-4.056433989253328,29.57149443534354,True,28.831172600619198,65.74235681114551,False
2021_09_ATL_NO,2021,9,2021-11-07T13:00-05:00,5.085286856367623,-2.0,50.28472222222222,52.0,-11.72867735593081,21.899251068666057,True,31.829130116959064,68.74031432748538,True
2021_09_BUF_JAX,2021,9,2021-11-07T13:00-05:00,-15.282289835856208,3.0,51.49013157894737,15.0,-32.09625404815464,1.5316743764422256,False,33.03453947368421,69.94572368421052,False
2021_09_CLE_CIN,2021,9,2021-11-07T13:00-05:00,2.0430492074694957,-25.0,49.38541666666667,57.0,-14.770915004828938,18.85701341976793,False,30.929824561403514,67.84100877192984,True
2021_09_DEN_DAL,2021,9,2021-11-07T13:00-05:00,6.0626590148471555,-14.0,51.15625,46.0,-10.751305197451277,22.87662322714559,False,32.70065789473684,69.61184210526315,True
2021_09_HOU_MIA,2021,9,2021-11-07T13:00-05:00,3.5356202207556455,8.0,49.6875,26.0,-13.278343991542787,20.34958443305408,True,31.231907894736842,68.14309210526315,False
2021_09_LV_NYG,2021,9,2021-11-07T13:00-05:00,-1.4875432727447095,7.0,48.40625,39.0,-18.301507485043143,15.326420939553724,True,29.950657894736842,66.86184210526315,True
2021_09_MIN_BAL,2021,9,2021-11-07T13:00-05:00,3.0514382505468682,3.0,51.170138888888886,65.0,-13.762525961751566,19.865402462845303,True,32.71454678362573,69.62573099415204,True
2021_09_NE_CAR,2021,9,2021-11-07T13:00-05:00,-1.1671991678499472,-18.0,44.71875,30.0,-17.98116338014838,15.646765044448486,False,26.263157894736842,63.17434210526316,True
2021_09_LAC_PHI,2021,9,2021-11-07T16:05-05:00,0.07143673419296359,-3.0,48.8125,51.0,-16.74252747810547,16.885400946491398,True,30.356907894736842,67.26809210526315,True
2021_09_ARI_SF,2021,9,2021-11-07T16:25-05:00,-0.8876081044850463,-14.0,48.21875,48.0,-17.70157231678348,15.926356107813387,True,29.763157894736842,66.67434210526315,True
2021_09_GB_KC,2021,9,2021-11-07T16:25-05:00,2.387441231510771,6.0,53.0453216374269,20.0,-14.426522980787663,19.201405443809204,True,34.589729532163744,71.50091374269006,False
2021_09_TEN_LA,2021,9,2021-11-07T20:20-05:00,2.9696376539509095,-12.0,49.65686274509804,44.0,-13.844326558347523,19.78360186624934,True,31.20127063983488,68.11245485036119,True
2021_09_CHI_PIT,2021,9,2021-11-08T20:15-05:00,8.571727658247337,2.0,46.61764705882353,56.0,-8.242236554051097,25.38569187054577,True,28.16205495356037,65.07323916408669,True
2021_10_BAL_MIA,2021,10,2021-11-11T20:20-05:00,-5.017056747143967,12.0,46.076388888888886,32.0,-21.8310209594424,11.796907465154465,False,27.620796783625728,64.53198099415204,True
2021_10_ATL_DAL,2021,10,2021-11-14T13:00-05:00,3.083590751939733,40.0,52.4375,46.0,-13.7303734603587,19.897554964238168,False,33.98190789473684,70.89309210526315,True
2021_10_BUF_NYJ,2021,10,2021-11-14T13:00-05:00,-13.701622265916537,-28.0,48.42763157894737,62.0,-30.51558647821497,3.112341946381896,True,29.972039473684212,66.88322368421052,True
2021_10_CLE_NE,2021,10,2021-11-14T13:00-05:00,-0.16273587302755432,38.0,47.63541666666667,52.0,-16.976700085325987,16.65122833927088,False,29.179824561403514,66.09100877192984,True
2021_10_DET_PIT,2021,10,2021-11-14T13:00-05:00,6.499914005926458,0.0,51.911764705882355,32.0,-10.314050206371975,23.313878218224893,True,33.4561726006192,70.36735681114551,False
2021_10_JAX_IND,2021,10,2021-11-14T13:00-05:00,12.773737806249452,6.0,50.349264705882355,40.0,-4.040226406048982,29.587702018547887,True,31.893672600619198,68.80485681114551,True
2021_10_NO_TEN,2021,10,2021-11-14T13:00-05:00,3.231864916891001,2.0,53.29575163398693,44.0,-13.582099295407431,20.045829129189435,True,34.840159528723774,71.75134373925009,True
2021_10_TB_WAS,2021,10,2021-11-14T13:00-05:00,-9.715552010955983,10.0,47.317647058823525,48.0,-26.52951622325442,7.09841220134245,False,28.862054953560367,65.77323916408668,True
2021_10_CAR_ARI,2021,10,2021-11-14T16:05-05:00,10.644840558279476,-24.0,47.78125,44.0,-6.169123654018957,27.45880477057791,False,29.325657894736842,66.23684210526315,True
2021_10_MIN_LAC,2021,10,2021-11-14T16:05-05:00,1.6623452071973925,-7.0,53.59375,47.0,-15.151619005101042,18.476309419495827,True,35.13815789473684,72.04934210526315,True
2021_10_PHI_DEN,2021,10,2021-11-14T16:25-05:00,1.3425221478519482,-17.0,47.53125,43.0,-15.471442064446485,18.15648636015038,False,29.075657894736842,65.98684210526315,True
2021_10_SEA_GB,2021,10,2021-11-14T16:25-05:00,6.039220402431164,17.0,53.24346405228758,17.0,-10.77474380986727,22.8531846147296,True,34.78787194702442,71.69905615755073,False
2021_10_KC_LV,2021,10,2021-11-14T20:20-05:00,-1.8509123520942945,-27.0,54.18421052631579,55.0,-18.664876564392728,14.96305186020414,False,35.72861842105263,72.63980263157895,True
2021_10_LA_SF,2021,10,2021-11-15T20:15-05:00,-4.909937268005491,21.0,45.27083333333333,41.0,-21.723901480303923,11.904026944292943,False,26.81524122807017,63.726425438596486,True
2021_11_NE_ATL,2021,11,2021-11-18T20:20-05:00,-2.6916818454047684,-25.0,46.53125,25.0,-19.505646057703203,14.122282366893664,False,28.075657894736842,64.98684210526315,False
2021_11_BAL_CHI,2021,11,2021-11-21T13:00-05:00,-1.5581425645448128,-3.0,45.59477124183007,29.0,-18.372106776843246,15.25582164775362,True,27.13917913656691,64.05036334709322,True
2021_11_DET_CLE,2021,11,2021-11-21T13:00-05:00,10.444521828730837,3.0,54.41666666666667,23.0,-6.369442383567597,27.258486041029272,True,35.961074561403514,72.87225877192984,False
2021_11_GB_MIN,2021,11,2021-11-21T13:00-05:00,-2.9519530774476883,3.0,55.642361111111114,65.0,-19.76591728974612,13.862011134850745,True,37.18676900584796,74.09795321637426,True
2021_11_HOU_TEN,2021,11,2021-11-21T13:00-05:00,12.822392187677766,-9.0,54.82352941176471,35.0,-3.991572024620668,29.6363563999762,False,36.36793730650155,73.27912151702787,False
2021_11_IND_BUF,2021,11,2021-11-21T13:00-05:00,6.255388057621735,-26.0,51.96439628482972,56.0,-10.558576154676699,23.069352269920167,False,33.50880417956656,70.41998839009287,True
2021_11_MIA_NYJ,2021,11,2021-11-21T13:00-05:00,-4.457292032641759,-7.0,45.0625,41.0,-21.271256244940194,12.356672179656673,True,26.606907894736842,63.51809210526316,True
2021_11_NO_PHI,2021,11,2021-11-21T13:00-05:00,-0.07660163218233507,11.0,48.47222222222222,69.0,-16.89056584448077,16.7373625801161,True,30.016630116959064,66.92781432748538,False
2021_11_SF_JAX,2021,11,2021-11-21T13:00-05:00,-5.966154331653442,-20.0,48.875,40.0,-22.780118543951875,10.847809880644991,True,30.419407894736842,67.33059210526315,True
2021_11_WAS_CAR,2021,11,2021-11-21T13:00-05:00,5.391942003703089,-6.0,44.61764705882353,48.0,-11.422022208595344,22.205906216001523,True,26.16205495356037,63.07323916408669,True
2021_11_CIN_LV,2021,11,2021-11-21T16:05-05:00,0.6999304976446817,-19.0,51.46875,45.0,-16.11403371465375,17.513894709943116,False,33.01315789473684,69.92434210526315,True
2021_11_ARI_SEA,2021,11,2021-11-21T16:25-05:00,1.000623765303326,-10.0,50.16360294117647,36.0,-15.813340446995108,17.81458797760176,True,31.708010835913313,68.61919504643963,True
2021_11_DAL_KC,2021,11,2021-11-21T16:25-05:00,2.6250073517892756,10.0,52.80921052631579,28.0,-14.188956860509158,19.43897156408771,True,34.35361842105263,71.26480263157895,False
2021_11_PIT_LAC,2021,11,2021-11-21T20:20-05:00,3.4400375500431752,4.0,49.224264705882355,78.0,-13.373926662255258,20.25400176234161,True,30.768672600619198,67.67985681114551,False
2021_11_NYG_TB,2021,11,2021-11-22T20:15-05:00,9.263577906005064,20.0,46.10625,40.0,-7.550386306293369,26.077542118303498,True,27.650657894736845,64.56184210526317,True
2021_12_CHI_DET,2021,12,2021-11-25T12:30-05:00,-0.18714917416716437,-2.0,50.705882352941174,30.0,-17.001113386465597,16.62681503813127,True,32.250290247678016,69.16147445820434,False
2021_12_LV_DAL,2021,12,2021-11-25T16:30-05:00,6.839227101477055,-3.0,55.625,69.0,-9.974737110821378,23.653191313775487,True,37.16940789473684,74.08059210526315,True
2021_12_BUF_NO,2021,12,2021-11-25T20:20-05:00,-4.811757576540147,-25.0,51.52485380116959,37.0,-21.625721788838582,12.002206635758286,False,33.069261695906434,69.98044590643275,True
2021_12_ATL_JAX,2021,12,2021-11-28T13:00-05:00,-2.6225019386706463,-7.0,50.25,35.0,-19.43646615096908,14.191462273627787,True,31.794407894736842,68.70559210526315,True
2021_12_CAR_MIA,2021,12,2021-11-28T13:00-05:00,-1.233270227616279,23.0,46.6875,43.0,-18.047234439914714,15.580693984682155,False,28.231907894736842,65.14309210526315,True
2021_12_NYJ_HOU,2021,12,2021-11-28T13:00-05:00,6.960855486089782,-7.0,48.375,35.0,-9.853108726208651,23.774819698388214,True,29.919407894736842,66.83059210526315,True
2021_12_PHI_NYG,2021,12,2021-11-28T13:00-05:00,-2.583138282050164,6.0,43.40625,20.0,-19.397102494348598,14.230825930248269,True,24.950657894736842,61.86184210526316,False
2021_12_PIT_CIN,2021,12,2021-11-28T13:00-05:00,2.704088259312941,31.0,46.880514705882355,51.0,-14.109875952985492,19.518052471611373,False,28.424922600619198,65.33610681114551,True
2021_12_TB_IND,2021,12,2021-11-28T13:00-05:00,0.04664425790654514,-7.0,51.61176470588235,69.0,-16.767319954391887,16.86060847020498,True,33.15617260061919,70.06735681114552,True
2021_12_TEN_NE,2021,12,2021-11-28T13:00-05:00,2.297052096128448,23.0,49.54227941176471,49.0,-14.516912116169985,19.111016308426883,False,31.086687306501553,67.99787151702787,True
2021_12_LAC_DEN,2021,12,2021-11-28T16:05-05:00,-0.8852516941663671,15.0,49.34375,41.0,-17.6992159064648,15.928712518132066,True,30.888157894736842,67.79934210526315,True
2021_12_LA_GB,2021,12,2021-11-28T16:25-05:00,0.8444667008353781,8.0,48.69444444444444,64.0,-15.969497511463056,17.658430913133813,True,30.238852339181285,67.15003654970761,True
2021_12_MIN_SF,2021,12,2021-11-28T16:25-05:00,1.6592854050302999,8.0,52.21875,60.0,-15.154678807268134,18.473249617328733,True,33.76315789473684,70.67434210526315,True
2021_12_CLE_BAL,2021,12,2021-11-28T20:20-05:00,1.569601802185179,6.0,49.30555555555556,26.0,-15.244362410113254,18.383566014483613,True,30.8499634502924,67.76114766081872,False
2021_12_SEA_WAS,2021,12,2021-11-29T20:15-05:00,-0.828470346880628,2.0,47.0,32.0,-17.642434559179062,15.985493865417805,True,28.544407894736842,65.45559210526315,True
2021_13_DAL_NO,2021,13,2021-12-02T20:20-05:00,-1.6527442958725382,-10.0,52.09722222222222,44.0,-18.46670850817097,15.161219916425896,True,33.641630116959064,70.55281432748538,True
2021_13_ARI_CHI,2021,13,2021-12-05T13:00-05:00,-6.088502590210071,-11.0,46.987132352941174,55.0,-22.902466802508506,10.725461622088362,True,28.531540247678016,65.44272445820434,True
2021_13_IND_HOU,2021,13,2021-12-05T13:00-05:00,-8.475538132803493,-31.0,51.911764705882355,31.0,-25.289502345101926,8.33842607949494,False,33.4561726006192,70.36735681114551,False
2021_13_LAC_CIN,2021,13,2021-12-05T13:00-05:00,2.9580877846593503,-19.0,48.28125,63.0,-13.855876427639084,19.772051996957785,False,29.825657894736842,66.73684210526315,True
2021_13_MIN_DET,2021,13,2021-12-05T13:00-05:00,-4.498067966235835,2.0,56.28125,56.0,-21.312032178534267,12.315896246062598,True,37.82565789473684,74.73684210526315,True
2021_13_NYG_MIA,2021,13,2021-12-05T13:00-05:00,4.623555662047178,11.0,43.09375,29.0,-12.190408550251256,21.43751987434561,True,24.638157894736842,61.54934210526316,True
2021_13_PHI_NYJ,2021,13,2021-12-05T13:00-05:00,-7.931976848353781,-15.0,45.375,51.0,-24.745941060652214,8.881987363944653,True,26.919407894736842,63.83059210526316,True
2021_13_TB_ATL,2021,13,2021-12-05T13:00-05:00,-8.061863260219088,-13.0,51.5125,47.0,-24.87582747251752,8.752100952079346,True,33.056907894736845,69.96809210526317,True
2021_13_JAX_LA,2021,13,2021-12-05T16:05-05:00,12.019050409523306,30.0,46.27083333333333,44.0,-4.7949138027751275,28.83301462182174,False,27.81524122807017,64.7264254385965,True
2021_13_WAS_LV,2021,13,2021-12-05T16:05-05:00,1.5090315867228128,-2.0,49.61764705882353,32.0,-15.30493262557562,18.322995799021246,True,31.16205495356037,68.07323916408669,True
2021_13_BAL_PIT,2021,13,2021-12-05T16:25-05:00,-0.9204257387722908,1.0,46.80065359477124,39.0,-17.734389951070725,15.893538473526142,True,28.345061489508083,65.2562457000344,True
2021_13_SF_SEA,2021,13,2021-12-05T16:25-05:00,-0.42635595571416696,7.0,49.81985294117647,53.0,-17.2403201680126,16.387608256584265,True,31.364260835913313,68.27544504643963,True
2021_13_DEN_KC,2021,13,2021-12-05T20:20-05:00,7.390059660639957,13.0,49.71546052631579,31.0,-9.423904551658477,24.20402387293839,True,31.25986842105263,68.17105263157895,False
2021_13_NE_BUF,2021,13,2021-12-06T20:15-05:00,3.6720475542179365,-4.0,47.77138157894737,24.0,-13.141916658080497,20.48601176651637,True,29.315789473684212,66.22697368421052,False
2021_14_PIT_MIN,2021,14,2021-12-09T20:20-05:00,4.408104319902691,8.0,52.193014705882355,64.0,-12.405859892395743,21.222068532201124,True,33.7374226006192,70.64860681114551,True
2021_14_ATL_CAR,2021,14,2021-12-12T13:00-05:00,3.149717362507955,-8.0,48.8125,50.0,-13.664246849790478,19.963681574806387,True,30.356907894736842,67.26809210526315,True
2021_14_BAL_CLE,2021,14,2021-12-12T13:00-05:00,2.380510486772571,2.0,49.30555555555556,46.0,-14.433453725525862,19.194474699071005,True,30.8499634502924,67.76114766081872,True
2021_14_DAL_WAS,2021,14,2021-12-12T13:00-05:00,-1.952480341698569,-7.0,48.24264705882353,47.0,-18.766444553997,14.861483870599864,True,29.78705495356037,66.69823916408669,True
2021_14_JAX_TEN,2021,14,2021-12-12T13:00-05:00,12.458552074594973,20.0,53.26102941176471,20.0,-4.3554121377034605,29.272516286893406,True,34.80543730650155,71.71662151702787,False
2021_14_LV_KC,2021,14,2021-12-12T13:00-05:00,9.455233994714753,39.0,54.18421052631579,57.0,-7.35873021758368,26.269198207013186,False,35.72861842105263,72.63980263157895,True
2021_14_NO_NYJ,2021,14,2021-12-12T13:00-05:00,-5.127807989859113,-21.0,46.84722222222222,39.0,-21.941772202157544,11.68615622243932,True,28.391630116959064,65.30281432748538,True
2021_14_SEA_HOU,2021,14,2021-12-12T13:00-05:00,-8.536500467294974,-20.0,52.38235294117647,46.0,-25.350464679593408,8.277463745003459,True,33.92676083591331,70.83794504643963,True
2021_14_DET_DEN,2021,14,2021-12-12T16:05-05:00,6.760228446502954,28.0,52.03125,48.0,-10.05373576579548,23.574192658801387,False,33.57565789473684,70.48684210526315,True
2021_14_NYG_LAC,2021,14,2021-12-12T16:05-05:00,7.088364993126614,16.0,45.21875,58.0,-9.72559921917182,23.902329205425048,True,26.763157894736842,63.67434210526316,True
2021_14_BUF_TB,2021,14,2021-12-12T16:25-05:00,1.9233328229959945,6.0,52.752631578947366,60.0,-14.890631389302438,18.73729703529443,True,34.29703947368421,71.20822368421052,True
2021_14_SF_CIN,2021,14,2021-12-12T16:25-05:00,-0.610786198738217,-3.0,46.90625,49.0,-17.42475041103665,16.203178013560215,True,28.450657894736842,65.36184210526315,True
2021_14_CHI_GB,2021,14,2021-12-12T20:20-05:00,14.025855207239207,15.0,50.06699346405229,75.0,-2.7881090050592263,30.83981941953764,True,31.61140135878913,68.52258556931545,False
2021_14_LA_ARI,2021,14,2021-12-13T20:15-05:00,2.2703011124371377,-7.0,45.61458333333333,53.0,-14.543663099861295,19.084265324735572,True,27.15899122807017,64.0701754385965,True
2021_15_KC_LAC,2021,15,2021-12-16T20:20-05:00,-3.3513963902013413,-6.0,50.99671052631579,62.0,-20.165360602499774,13.462567822097093,True,32.54111842105263,69.45230263157895,True
2021_15_NE_IND,2021,15,2021-12-18T20:20-05:00,1.8398274004685349,10.0,46.630514705882355,44.0,-14.974136811829899,18.65379161276697,True,28.174922600619198,65.08610681114551,True
2021_15_ARI_DET,2021,15,2021-12-19T13:00-05:00,-8.915097555540218,18.0,52.28125,42.0,-25.72906176783865,7.898866656758216,False,33.82565789473684,70.73684210526315,True
2021_15_CAR_BUF,2021,15,2021-12-19T13:00-05:00,10.495613034999693,17.0,50.05263157894737,45.0,-6.318351177298741,27.309577247298126,True,31.597039473684212,68.50822368421052,True
2021_15_DAL_NYG,2021,15,2021-12-19T13:00-05:00,-5.617902630076667,-15.0,47.03125,27.0,-22.4318668423751,11.196061582221766,True,28.575657894736842,65.48684210526315,False
2021_15_HOU_JAX,2021,15,2021-12-19T13:00-05:00,2.0099393526226184,-14.0,51.4375,46.0,-14.804024859675815,18.823903564921054,True,32.98190789473684,69.89309210526315,True
2021_15_NYJ_MIA,2021,15,2021-12-19T13:00-05:00,11.963829489601956,7.0,45.0625,55.0,-4.8501347226964775,28.77779370190039,True,26.606907894736842,63.51809210526316,True
2021_15_TEN_PIT,2021,15,2021-12-19T13:00-05:00,-3.609621931889636,6.0,52.23529411764706,32.0,-20.423586144188068,13.204342280408797,True,33.7797020123839,70.69088622291022,False
2021_15_ATL_SF,2021,15,2021-12-19T16:05-05:00,5.009322125497803,18.0,49.25,44.0,-11.80464208680063,21.823286337796237,True,30.794407894736842,67.70559210526315,True
2021_15_CIN_DEN,2021,15,2021-12-19T16:05-05:00,4.4917416851846745,-5.0,47.0,25.0,-12.322222527113759,21.305705897483108,True,28.544407894736842,65.45559210526315,False
2021_15_GB_BAL,2021,15,2021-12-19T16:25-05:00,-5.685697042811698,-1.0,50.25,61.0,-22.499661255110134,11.128267169486735,True,31.794407894736842,68.70559210526315,True
2021_15_NO_TB,2021,15,2021-12-19T20:20-05:00,10.4259587471069,-9.0,51.172222222222224,9.0,-6.388005465191533,27.239922959405334,False,32.71663011695907,69.62781432748538,False
2021_15_LV_CLE,2021,15,2021-12-20T17:00-05:00,2.9218674978144126,-2.0,54.91666666666667,30.0,-13.89209671448402,19.735831710112848,True,36.461074561403514,73.37225877192984,False
2021_15_MIN_CHI,2021,15,2021-12-20T20:15-05:00,-6.773396343289552,-8.0,50.987132352941174,26.0,-23.587360555587985,10.040567869008882,True,32.531540247678016,69.44272445820434,False
2021_15_SEA_LA,2021,15,2021-12-21T19:00-05:00,5.28714810174856,10.0,47.21568627450981,30.0,-11.526816110549873,22.101112314046993,True,28.76009416924665,65.67127837977296,True
2021_15_WAS_PHI,2021,15,2021-12-21T19:00-05:00,5.632225385890119,10.0,44.61764705882353,44.0,-11.181738826408314,22.446189598188553,True,26.16205495356037,63.07323916408669,True
2021_16_SF_TEN,2021,16,2021-12-23T20:20-05:00,0.9763141495166296,3.0,52.26102941176471,37.0,-15.837650062781805,17.790278361815062,True,33.80543730650155,70.71662151702787,True
2021_16_CLE_GB,2021,16,2021-12-25T16:30-05:00,4.382308438554222,2.0,53.77777777777778,46.0,-12.431655773744211,21.196272650852656,True,35.32218567251462,72.23336988304094,True
2021_16_IND_ARI,2021,16,2021-12-25T20:15-05:00,-0.7672443730241952,-6.0,49.693014705882355,38.0,-17.581208585322628,16.04671983927424,True,31.237422600619198,68.14860681114551,True
2021_16_BAL_CIN,2021,16,2021-12-26T13:00-05:00,2.5026667772915294,20.0,45.857638888888886,62.0,-14.311297435006903,19.316630989589964,False,27.402046783625728,64.31323099415204,True
2021_16_BUF_NE,2021,16,2021-12-26T13:00-05:00,0.22923282431877512,-12.0,47.77138157894737,54.0,-16.58473138797966,17.043197036617208,True,29.315789473684212,66.22697368421052,True
2021_16_DET_ATL,2021,16,2021-12-26T13:00-05:00,6.868604909885624,4.0,53.3125,36.0,-9.94535930241281,23.682569122184056,True,34.85690789473684,71.76809210526315,True
2021_16_JAX_NYJ,2021,16,2021-12-26T13:00-05:00,1.2711785196294414,5.0,46.8125,47.0,-15.542785692668993,18.085142731927874,True,28.356907894736842,65.26809210526315,True
2021_16_LAC_HOU,2021,16,2021-12-26T13:00-05:00,-9.510092443354445,12.0,51.8125,70.0,-26.32405665565288,7.3038717689439885,False,33.35690789473684,70.26809210526315,True
2021_16_LA_MIN,2021,16,2021-12-26T13:00-05:00,-2.746733983363285,-7.0,49.61458333333333,53.0,-19.56069819566172,14.067230228935149,True,31.15899122807017,68.0701754385965,True
2021_16_NYG_PHI,2021,16,2021-12-26T13:00-05:00,5.993635527146721,24.0,43.40625,44.0,-10.820328685151711,22.807599739445156,False,24.950657894736842,61.86184210526316,True
2021_16_TB_CAR,2021,16,2021-12-26T13:00-05:00,-8.959727204824828,-26.0,49.7,38.0,-25.77369141712326,7.854237007473605,False,31.244407894736845,68.15559210526317,True
2021_16_CHI_SEA,2021,16,2021-12-26T16:05-05:00,9.112954630672386,-1.0,48.588235294117645,49.0,-7.701009581626048,25.92691884297082,True,30.132643188854487,67.0438273993808,True
2021_16_DEN_LV,2021,16,2021-12-26T16:25-05:00,1.1269847789844787,4.0,52.53125,30.0,-15.686979433313955,17.940948991282912,True,34.07565789473684,70.98684210526315,False
2021_16_PIT_KC,2021,16,2021-12-26T16:25-05:00,10.818878111245306,26.0,49.59597523219814,46.0,-5.995086101053127,27.63284232354374,True,31.140383126934985,68.05156733746131,True
2021_16_WAS_DAL,2021,16,2021-12-26T20:20-05:00,7.8713046628996794,42.0,48.24264705882353,70.0,-8.942659549398755,24.685268875198112,False,29.78705495356037,66.69823916408669,False
2021_16_MIA_NO,2021,16,2021-12-27T20:15-05:00,1.0976683810878387,-17.0,48.15972222222222,23.0,-15.716295831210594,17.911632593386273,False,29.704130116959064,66.61531432748538,False
2021_17_ATL_BUF,2021,17,2022-01-02T13:00-05:00,12.018642548769153,14.0,51.86513157894737,44.0,-4.795321663529281,28.832606761067588,True,33.40953947368421,70.32072368421052,True
2021_17_JAX_NE,2021,17,2022-01-02T13:00-05:00,14.917795849254412,40.0,46.15625,60.0,-1.896168363044021,31.731760061552848,False,27.700657894736842,64.61184210526315,True
2021_17_KC_CIN,2021,17,2022-01-02T13:00-05:00,-5.226864962330571,3.0,48.65296052631579,65.0,-22.040829174629003,11.587099249967864,True,30.19736842105263,67.10855263157895,True
2021_17_LA_BAL,2021,17,2022-01-02T13:00-05:00,-7.675881544572647,-1.0,44.22222222222222,39.0,-24.48984575687108,9.138082667725786,True,25.766630116959064,62.67781432748538,True
2021_17_LV_IND,2021,17,2022-01-02T13:00-05:00,9.973396976908072,-3.0,53.911764705882355,43.0,-6.8405672353903615,26.787361189206507,True,35.4561726006192,72.36735681114551,True
2021_17_MIA_TEN,2021,17,2022-01-02T13:00-05:00,3.580477748423932,31.0,51.51102941176471,37.0,-13.233486463874502,20.394441960722364,False,33.05543730650155,69.96662151702787,True
2021_17_NYG_CHI,2021,17,2022-01-02T13:00-05:00,3.740744326715653,26.0,42.612132352941174,32.0,-13.07321988558278,20.554708539014086,False,24.156540247678016,61.06772445820433,True
2021_17_PHI_WAS,2021,17,2022-01-02T13:00-05:00,-5.8486736538347035,-4.0,44.61764705882353,36.0,-22.66263786613314,10.96529055846373,True,26.16205495356037,63.07323916408669,True
2021_17_TB_NYJ,2021,17,2022-01-02T13:00-05:00,-12.018584795741182,-4.0,48.075,52.0,-28.832549008039614,4.795379416557251,True,29.619407894736845,66.53059210526317,True
2021_17_DEN_LAC,2021,17,2022-01-02T16:05-05:00,5.037651426603807,21.0,49.34375,47.0,-11.776312785694627,21.85161563890224,True,30.888157894736842,67.79934210526315,True
2021_17_HOU_SF,2021,17,2022-01-02T16:05-05:00,8.988558891636604,16.0,50.4375,30.0,-7.8254053206618295,25.802523103935037,True,31.981907894736842,68.89309210526315,False
2021_17_ARI_DAL,2021,17,2022-01-02T16:25-05:00,3.0002859845901795,-3.0,51.40625,47.0,-13.813678227708253,19.81425019688861,True,32.95065789473684,69.86184210526315,True
2021_17_CAR_NO,2021,17,2022-01-02T16:25-05:00,4.722214481342613,8.0,48.47222222222222,28.0,-12.09174973095582,21.536178693641048,True,30.016630116959064,66.92781432748538,False
2021_17_DET_SEA,2021,17,2022-01-02T16:25-05:00,9.881703051737539,22.0,53.88235294117647,80.0,-6.932261160560895,26.695667264035972,True,35.42676083591331,72.33794504643963,False
2021_17_MIN_GB,2021,17,2022-01-02T20:20-05:00,9.789929167927838,27.0,55.642361111111114,47.0,-7.024035044370596,26.60389338022627,False,37.18676900584796,74.09795321637426,True
2021_17_CLE_PIT,2021,17,2022-01-03T20:15-05:00,-1.7702815341962483,12.0,50.32843137254902,40.0,-18.58424574649468,15.043682678102185,True,31.872839267285862,68.78402347781218,True
2021_18_KC_DEN,2021,18,2022-01-08T16:30-05:00,-10.326099088339333,-4.0,49.71546052631579,52.0,-27.140063300637767,6.4878651239591,True,31.25986842105263,68.17105263157895,True
2021_18_DAL_PHI,2021,18,2022-01-08T20:15-05:00,0.23980500118288717,-25.0,50.625,77.0,-16.574159211115546,17.05376921348132,False,32.16940789473684,69.08059210526315,False
2021_18_CHI_MIN,2021,18,2022-01-09T13:00-05:00,4.175530792692352,14.0,50.987132352941174,48.0,-12.63843341960608,20.989495004990786,True,32.531540247678016,69.44272445820434,True
2021_18_CIN_CLE,2021,18,2022-01-09T13:00-05:00,0.8638519138807917,5.0,49.38541666666667,37.0,-15.950112298417642,17.677816126179223,True,30.929824561403514,67.84100877192984,True
2021_18_GB_DET,2021,18,2022-01-09T13:00-05:00,-12.600368162278286,7.0,55.361111111111114,67.0,-29.41433237457672,4.213596050020147,False,36.90551900584796,73.81670321637426,True
2021_18_IND_JAX,2021,18,2022-01-09T13:00-05:00,-14.797469185607035,15.0,50.349264705882355,37.0,-31.61143339790547,2.0164950266913984,False,31.893672600619198,68.80485681114551,True
2021_18_PIT_BAL,2021,18,2022-01-09T13:00-05:00,0.28208444244295805,-3.0,46.80065359477124,29.0,-16.531879769855475,17.09604865474139,True,28.345061489508083,65.2562457000344,True
2021_18_TEN_HOU,2021,18,2022-01-09T13:00-05:00,-9.563217719991005,-3.0,54.82352941176471,53.0,-26.37718193228944,7.250746492307428,True,36.36793730650155,73.27912151702787,True
2021_18_WAS_NYG,2021,18,2022-01-09T13:00-05:00,-0.47549851112982383,-15.0,41.02389705882353,29.0,-17.289462723428258,16.33846570116861,True,22.56830495356037,59.47948916408669,True
2021_18_CAR_TB,2021,18,2022-01-09T16:25-05:00,15.069364228671844,24.0,49.7,58.0,-1.744599983626589,31.883328440970278,True,31.244407894736845,68.15559210526317,True
2021_18_NE_MIA,2021,18,2022-01-09T16:25-05:00,-5.839807237494336,9.0,44.40625,57.0,-22.65377144979277,10.974156974804098,True,25.950657894736842,62.86184210526316,True
2021_18_NO_ATL,2021,18,2022-01-09T16:25-05:00,1.5399152762161832,-10.0,50.28472222222222,50.0,-15.27404893608225,18.353879488514618,True,31.829130116959064,68.74031432748538,True
2021_18_NYJ_BUF,2021,18,2022-01-09T16:25-05:00,17.903045393765865,17.0,48.42763157894737,37.0,1.0890811814674315,34.717009606064295,True,29.972039473684212,66.88322368421052,True
2021_18_SEA_ARI,2021,18,2022-01-09T16:25-05:00,2.966692018542154,-8.0,50.16360294117647,68.0,-13.847272193756279,19.780656230840588,True,31.708010835913313,68.61919504643963,True
2021_18_SF_LA,2021,18,2022-01-09T16:25-05:00,5.999333075278185,-3.0,45.27083333333333,51.0,-10.81463113702025,22.813297287576617,True,26.81524122807017,63.726425438596486,True
2021_18_LAC_LV,2021,18,2022-01-09T20:20-05:00,-2.7606554213947465,3.0,53.8125,67.0,-19.57461963369318,14.053308790903687,True,35.35690789473684,72.26809210526315,True
2022_01_BUF_LA,2022,1,2022-09-08T20:20-04:00,-1.3533485609404612,-21.0,48.19548872180451,41.0,-18.4832769861638,15.77657986428288,False,29.94548872180451,66.44548872180451,True
2022_01_BAL_NYJ,2022,1,2022-09-11T13:00-04:00,-4.632464790529905,-15.0,46.85294117647059,33.0,-21.762393215753246,12.497463634693435,True,28.602941176470587,65.10294117647058,True
2022_01_CLE_CAR,2022,1,2022-09-11T13:00-04:00,0.30698663451876707,-2.0,42.0,50.0,-16.822941790704572,17.43691505974211,True,23.75,60.25,True
2022_01_IND_HOU,2022,1,2022-09-11T13:00-04:00,-5.673389457491647,0.0,45.529411764705884,40.0,-22.803317882714985,11.456538967731694,True,27.279411764705884,63.779411764705884,True
2022_01_JAX_WAS,2022,1,2022-09-11T13:00-04:00,6.105369851252805,6.0,43.5,50.0,-11.024558573970536,23.235298276476144,True,25.25,61.75,True
2022_01_NE_MIA,2022,1,2022-09-11T13:00-04:00,-0.5419439159172095,13.0,44.02777777777778,27.0,-17.67187234114055,16.587984509306132,True,25.77777777777778,62.27777777777778,True
2022_01_NO_ATL,2022,1,2022-09-11T13:00-04:00,-2.145930885014816,-1.0,43.26470588235294,53.0,-19.275859310238157,14.983997540208524,True,25.014705882352942,61.51470588235294,True
2022_01_PHI_DET,2022,1,2022-09-11T13:00-04:00,-0.6312762049776061,-3.0,47.599673202614376,73.0,-17.761204630200947,16.498652220245734,True,29.349673202614376,65.84967320261438,False
2022_01_PIT_CIN,2022,1,2022-09-11T13:00-04:00,4.711779570301884,-3.0,46.38095238095238,43.0,-12.418148854921457,21.841707995525226,True,28.13095238095238,64.63095238095238,True
2022_01_SF_CHI,2022,1,2022-09-11T13:00-04:00,-3.8743994157394015,9.0,43.41764705882353,29.0,-21.00432784096274,13.25552900948394,True,25.167647058823533,61.66764705882353,True
2022_01_GB_MIN,2022,1,2022-09-11T16:25-04:00,-3.708909470440399,16.0,48.47385620915033,30.0,-20.83883789566374,13.42101895478294,False,30.223856209150327,66.72385620915033,False
2022_01_KC_ARI,2022,1,2022-09-11T16:25-04:00,-3.504305604743323,-23.0,49.78888888888889,65.0,-20.634234029966663,13.625622820480018,False,31.53888888888889,68.03888888888889,True
2022_01_LV_LAC,2022,1,2022-09-11T16:25-04:00,4.005952802915619,5.0,51.27450980392157,43.0,-13.123975622307722,21.13588122813896,True,33.02450980392157,69.52450980392157,True
2022_01_NYG_TEN,2022,1,2022-09-11T16:25-04:00,7.381179803751996,-1.0,42.26797385620915,41.0,-9.748748621471345,24.51110822897534,True,24.017973856209153,60.51797385620915,True
2022_01_TB_DAL,2022,1,2022-09-11T20:20-04:00,-0.15802033913665792,-16.0,51.22514619883041,22.0,-17.28794876436,16.971908086086682,True,32.97514619883041,69.4751461988304,False
2022_01_DEN_SEA,2022,1,2022-09-12T20:15-04:00,0.9225772003398789,1.0,41.705882352941174,33.0,-16.20735122488346,18.05250562556322,True,23.455882352941174,59.955882352941174,True
2022_02_LAC_KC,2022,2,2022-09-15T20:15-04:00,6.4208718823736906,3.0,53.34117647058824,51.0,-10.70905654284965,23.55080030759703,True,35.09117647058824,71.59117647058824,True
2022_02_CAR_NYG,2022,2,2022-09-18T13:00-04:00,0.8977419373102599,3.0,40.64705882352941,35.0,-16.23218648791308,18.027670362533602,True,22.397058823529413,58.89705882352941,True
2022_02_IND_JAX,2022,2,2022-09-18T13:00-04:00,-6.4816020537508,24.0,44.88235294117647,24.0,-23.61153047897414,10.64832637147254,False,26.63235294117647,63.13235294117647,False
2022_02_MIA_BAL,2022,2,2022-09-18T13:00-04:00,1.7653089640634836,-4.0,43.911764705882355,80.0,-15.364619461159856,18.895237389286823,True,25.661764705882355,62.161764705882355,False
2022_02_NE_PIT,2022,2,2022-09-18T13:00-04:00,0.7720440240653768,-3.0,45.36111111111111,31.0,-16.357884401157964,17.901972449288717,True,27.111111111111107,63.61111111111111,True
2022_02_NYJ_CLE,2022,2,2022-09-18T13:00-04:00,6.626338459272761,-1.0,45.11764705882353,61.0,-10.50358996595058,23.7562668844961,True,26.86764705882353,63.36764705882353,True
2022_02_TB_NO,2022,2,2022-09-18T13:00-04:00,-4.707316501821711,-10.0,46.0061919504644,30.0,-21.837244927045052,12.422611923401629,True,27.756191950464398,64.2561919504644,True
2022_02_WAS_DET,2022,2,2022-09-18T13:00-04:00,0.6352317289379714,9.0,45.911764705882355,63.0,-16.49469669628537,17.76516015416131,True,27.661764705882355,64.16176470588235,True
2022_02_ATL_LA,2022,2,2022-09-18T16:05-04:00,5.975311631285537,4.0,46.84873949579832,58.0,-11.154616793937803,23.105240056508876,True,28.59873949579832,65.09873949579833,True
2022_02_SEA_SF,2022,2,2022-09-18T16:05-04:00,0.6150957168317408,20.0,44.682352941176475,34.0,-16.5148327083916,17.74502414205508,False,26.432352941176475,62.932352941176475,True
2022_02_ARI_LV,2022,2,2022-09-18T16:25-04:00,0.5664749160659197,-6.0,47.72222222222222,52.0,-16.56345350915742,17.696403341289262,True,29.47222222222222,65.97222222222223,True
2022_02_CIN_DAL,2022,2,2022-09-18T16:25-04:00,0.4164615603542505,3.0,49.82539682539682,37.0,-16.71346686486909,17.54638998557759,True,31.575396825396822,68.07539682539682,True
2022_02_HOU_DEN,2022,2,2022-09-18T16:25-04:00,7.443127013876124,7.0,40.85294117647059,25.0,-9.686801411347217,24.573055439099463,True,22.602941176470587,59.10294117647059,True
2022_02_CHI_GB,2022,2,2022-09-18T20:20-04:00,8.941347639322926,17.0,44.56209150326797,37.0,-8.188580785900415,26.071276064546268,True,26.312091503267972,62.81209150326797,True
2022_02_TEN_BUF,2022,2,2022-09-19T19:15-04:00,7.727251021112587,34.0,46.49707602339181,48.0,-9.402677404110754,24.857179446335927,False,28.247076023391813,64.74707602339181,True
2022_02_MIN_PHI,2022,2,2022-09-19T20:30-04:00,0.26004777477846375,17.0,49.33496732026144,31.0,-16.869880650444877,17.389976200001804,True,31.08496732026144,67.58496732026144,False
2022_03_PIT_CLE,2022,3,2022-09-22T20:15-04:00,0.5309068269663141,12.0,43.509803921568626,46.0,-16.599021598257025,17.660835252189656,True,25.259803921568626,61.759803921568626,True
2022_03_BAL_NE,2022,3,2022-09-25T13:00-04:00,2.269859002621374,-11.0,45.939542483660134,63.0,-14.860069422601967,19.399787427844714,True,27.689542483660134,64.18954248366013,True
2022_03_BUF_MIA,2022,3,2022-09-25T13:00-04:00,-6.223456123716964,2.0,45.05263157894737,40.0,-23.353384548940305,10.906472301506376,True,26.80263157894737,63.30263157894737,True
2022_03_CIN_NYJ,2022,3,2022-09-25T13:00-04:00,-4.884651653039096,-15.0,47.98879551820728,39.0,-22.014580078262437,12.245276772184244,True,29.738795518207283,66.23879551820728,True
2022_03_DET_MIN,2022,3,2022-09-25T13:00-04:00,4.384859257457767,4.0,48.3235294117647,52.0,-12.745069167765575,21.514787682681106,True,30.073529411764703,66.5735294117647,True
2022_03_HOU_CHI,2022,3,2022-09-25T13:00-04:00,1.5976803122313443,3.0,42.64705882352941,43.0,-15.532248112991997,18.727608737454684,True,24.397058823529413,60.89705882352941,True
2022_03_KC_IND,2022,3,2022-09-25T13:00-04:00,-4.935297635378139,3.0,49.9,37.0,-22.06522606060148,12.194630789845203,True,31.65,68.15,True
2022_03_LV_TEN,2022,3,2022-09-25T13:00-04:00,3.3670321485131054,2.0,46.27777777777778,46.0,-13.762896276710235,20.496960573736445,True,28.02777777777778,64.52777777777777,True
2022_03_NO_CAR,2022,3,2022-09-25T13:00-04:00,0.5621885181429209,8.0,41.38235294117647,36.0,-16.56773990708042,17.692116943366262,True,23.13235294117647,59.63235294117647,True
2022_03_PHI_WAS,2022,3,2022-09-25T13:00-04:00,-2.3203725137718316,-16.0,46.923202614379086,32.0,-19.450300938995174,14.80955591145151,True,28.673202614379086,65.17320261437908,True
2022_03_JAX_LAC,2022,3,2022-09-25T16:05-04:00,4.4216012066429276,-28.0,48.32352941176471,48.0,-12.708327218580413,21.551529631866266,False,30.07352941176471,66.57352941176471,True
2022_03_ATL_SEA,2022,3,2022-09-25T16:25-04:00,3.7694430564858097,-4.0,45.088235294117645,50.0,-13.360485368737532,20.89937148170915,True,26.838235294117645,63.338235294117645,True
2022_03_GB_TB,2022,3,2022-09-25T16:25-04:00,3.523808183331447,-2.0,48.89181286549707,26.0,-13.606120241891894,20.653736608554787,True,30.641812865497073,67.14181286549707,False
2022_03_LA_ARI,2022,3,2022-09-25T16:25-04:00,-1.3905054351065451,-8.0,48.03174603174603,32.0,-18.520433860329884,15.739422990116795,True,29.78174603174603,66.28174603174602,True
2022_03_SF_DEN,2022,3,2022-09-25T20:20-04:00,-1.5908999594146844,1.0,41.62352941176471,21.0,-18.720828384638025,15.539028465808656,True,23.373529411764707,59.87352941176471,False
2022_03_DAL_NYG,2022,3,2022-09-26T20:15-04:00,-2.964949737053362,-7.0,45.60130718954248,39.0,-20.094878162276704,14.164978688169978,True,27.35130718954248,63.85130718954248,True
2022_04_MIA_CIN,2022,4,2022-09-29T20:15-04:00,4.454193228002318,12.0,45.04761904761905,42.0,-12.675735197221023,21.584121653225658,True,26.79761904761905,63.29761904761905,True
2022_04_MIN_NO,2022,4,2022-10-02T09:30-04:00,-3.495476496097107,-3.0,45.588235294117645,53.0,-20.62540492132045,13.634451929126234,True,27.338235294117645,63.838235294117645,True
2022_04_BUF_BAL,2022,4,2022-10-02T13:00-04:00,-5.0132657036233645,-3.0,46.96439628482972,43.0,-22.143194128846705,12.116662721599976,True,28.714396284829718,65.21439628482972,True
2022_04_CHI_NYG,2022,4,2022-10-02T13:00-04:00,2.6452406598632474,8.0,40.94117647058823,32.0,-14.484687765360093,19.77516908508659,True,22.691176470588232,59.19117647058823,True
2022_04_CLE_ATL,2022,4,2022-10-02T13:00-04:00,-0.1788429951815927,3.0,43.88235294117647,43.0,-17.308771420404934,16.951085430041747,True,25.63235294117647,62.13235294117647,True
2022_04_JAX_PHI,2022,4,2022-10-02T13:00-04:00,5.608681594245523,8.0,45.18790849673203,50.0,-11.521246830977818,22.738610019468865,True,26.937908496732028,63.43790849673203,True
2022_04_LAC_HOU,2022,4,2022-10-02T13:00-04:00,-3.9248597801545717,-10.0,48.970588235294116,58.0,-21.05478820537791,13.205068645068769,True,30.720588235294116,67.22058823529412,True
2022_04_NYJ_PIT,2022,4,2022-10-02T13:00-04:00,6.745534870080192,-4.0,46.27450980392157,44.0,-10.384393555143149,23.875463295303533,True,28.024509803921568,64.52450980392157,True
2022_04_SEA_DET,2022,4,2022-10-02T13:00-04:00,0.38602747688975986,-3.0,45.67647058823529,93.0,-16.743900948333582,17.5159559021131,True,27.42647058823529,63.92647058823529,False
2022_04_TEN_IND,2022,4,2022-10-02T13:00-04:00,1.880433654951129,-7.0,46.44444444444444,41.0,-15.24949477027221,19.01036208017447,True,28.194444444444443,64.69444444444444,True
2022_04_WAS_DAL,2022,4,2022-10-02T13:00-04:00,6.266125001874549,15.0,48.39542483660131,35.0,-10.863803423348791,23.39605342709789,True,30.145424836601308,66.64542483660131,True
2022_04_ARI_CAR,2022,4,2022-10-02T16:05-04:00,-0.75608131504955,-10.0,44.712418300653596,42.0,-17.88600974027289,16.37384711017379,True,26.462418300653596,62.962418300653596,True
2022_04_DEN_LV,2022,4,2022-10-02T16:25-04:00,-0.482445017225428,9.0,43.15686274509804,55.0,-17.612373442448767,16.647483407997914,True,24.90686274509804,61.40686274509804,True
2022_04_NE_GB,2022,4,2022-10-02T16:25-04:00,7.272482713128165,3.0,46.47222222222222,51.0,-9.857445712095176,24.402411138351503,True,28.22222222222222,64.72222222222223,True
2022_04_KC_TB,2022,4,2022-10-02T20:20-04:00,0.33454621722863875,-10.0,51.34736842105263,72.0,-16.795382207994702,17.46447464245198,True,33.09736842105263,69.59736842105264,False
2022_04_LA_SF,2022,4,2022-10-03T20:15-04:00,1.0494119023192598,15.0,46.44285714285714,33.0,-16.08051652290408,18.1793403275426,True,28.192857142857143,64.69285714285715,True
2022_05_IND_DEN,2022,5,2022-10-06T20:15-04:00,1.3056293089632147,-3.0,43.32352941176471,21.0,-15.824299116260125,18.435557734186556,True,25.07352941176471,61.57352941176471,False
2022_05_NYG_GB,2022,5,2022-10-09T09:30-04:00,7.812552896615729,-5.0,43.26797385620915,49.0,-9.317375528607611,24.942481321839068,True,25.017973856209153,61.51797385620915,True
2022_05_ATL_TB,2022,5,2022-10-09T13:00-04:00,8.238427567391206,6.0,48.153250773993804,36.0,-8.891500857832135,25.368355992614546,True,29.903250773993804,66.4032507739938,True
2022_05_CHI_MIN,2022,5,2022-10-09T13:00-04:00,8.363773072140933,7.0,46.14705882352941,51.0,-8.766155353082407,25.493701497364274,True,27.897058823529413,64.39705882352942,True
2022_05_DET_NE,2022,5,2022-10-09T13:00-04:00,1.830058554482978,29.0,46.3218954248366,29.0,-15.299869870740363,18.95998697970632,False,28.071895424836597,64.5718954248366,True
2022_05_HOU_JAX,2022,5,2022-10-09T13:00-04:00,4.817109803273299,-7.0,42.411764705882355,19.0,-12.312818621950042,21.947038228496638,True,24.161764705882355,60.661764705882355,False
2022_05_LAC_CLE,2022,5,2022-10-09T13:00-04:00,0.024805778169655568,-2.0,48.61764705882353,58.0,-17.105122647053683,17.154734203392998,True,30.36764705882353,66.86764705882354,True
2022_05_MIA_NYJ,2022,5,2022-10-09T13:00-04:00,-5.029882428602727,23.0,44.94117647058823,57.0,-22.159810853826066,12.100045996620613,False,26.691176470588232,63.19117647058823,True
2022_05_PIT_BUF,2022,5,2022-10-09T13:00-04:00,13.884452762337364,35.0,46.3859649122807,41.0,-3.245475662885976,31.014381187560705,False,28.1359649122807,64.6359649122807,True
2022_05_SEA_NO,2022,5,2022-10-09T13:00-04:00,-1.5162697398157072,7.0,42.94117647058823,71.0,-18.64619816503905,15.613658685407634,True,24.691176470588232,61.19117647058823,False
2022_05_TEN_WAS,2022,5,2022-10-09T13:00-04:00,-3.0562328475751315,-4.0,45.06209150326798,38.0,-20.186161272798472,14.073695577648209,True,26.81209150326798,63.31209150326798,True
2022_05_SF_CAR,2022,5,2022-10-09T16:05-04:00,-6.1232172580774265,-22.0,43.12352941176471,52.0,-23.253145683300765,11.006711167145914,True,24.873529411764707,61.37352941176471,True
2022_05_DAL_LA,2022,5,2022-10-09T16:25-04:00,1.5269067544980461,-12.0,49.920634920634924,32.0,-15.603021670725294,18.656835179721387,True,31.670634920634924,68.17063492063492,True
2022_05_PHI_ARI,2022,5,2022-10-09T16:25-04:00,-0.6796140620588532,-3.0,48.19444444444444,37.0,-17.809542487282194,16.450314363164487,True,29.944444444444443,66.44444444444444,True
2022_05_CIN_BAL,2022,5,2022-10-09T20:20-04:00,-0.04394849131841094,2.0,46.9593837535014,36.0,-17.17387691654175,17.08597993390493,True,28.7093837535014,65.2093837535014,True
2022_05_LV_KC,2022,5,2022-10-10T20:15-04:00,9.823243003273046,1.0,49.733333333333334,59.0,-7.306685421950295,26.953171428496386,True,31.483333333333334,67.98333333333333,True
2022_06_WAS_CHI,2022,6,2022-10-13T20:15-04:00,0.26854235950524696,-5.0,43.73529411764706,19.0,-16.861386065718094,17.398470784728588,True,25.485294117647058,61.98529411764706,False
2022_06_BAL_NYG,2022,6,2022-10-16T13:00-04:00,-2.6255154029695618,4.0,42.73529411764706,44.0,-19.755443828192902,14.504413022253779,True,24.485294117647058,60.98529411764706,True
2022_06_CIN_NO,2022,6,2022-10-16T13:00-04:00,-3.3602781850527377,-4.0,44.60644257703081,56.0,-20.49020661027608,13.769650240170602,True,26.356442577030812,62.85644257703081,True
2022_06_JAX_IND,2022,6,2022-10-16T13:00-04:00,4.3392157348117015,7.0,44.88235294117647,61.0,-12.790712690411638,21.469144160035043,True,26.63235294117647,63.13235294117647,True
2022_06_MIN_MIA,2022,6,2022-10-16T13:00-04:00,-1.8541692583602383,-8.0,46.029411764705884,40.0,-18.984097683583578,15.275759166863102,True,27.779411764705884,64.27941176470588,True
2022_06_NE_CLE,2022,6,2022-10-16T13:00-04:00,1.082057031225037,-23.0,44.204248366013076,53.0,-16.047871393998303,18.211985456448378,False,25.954248366013076,62.454248366013076,True
2022_06_NYJ_GB,2022,6,2022-10-16T13:00-04:00,9.514534343661957,-17.0,47.38562091503268,37.0,-7.615394081561384,26.644462768885298,False,29.135620915032682,65.63562091503269,True
2022_06_SF_ATL,2022,6,2022-10-16T13:00-04:00,-5.9064024145577685,14.0,45.00588235294118,42.0,-23.036330839781108,11.223526010665573,False,26.75588235294118,63.25588235294118,True
2022_06_TB_PIT,2022,6,2022-10-16T13:00-04:00,-7.931617604777983,2.0,47.78070175438596,38.0,-25.061546030001324,9.198310820445357,True,29.53070175438596,66.03070175438596,True
2022_06_ARI_SEA,2022,6,2022-10-16T16:05-04:00,0.9529987206111997,10.0,46.271241830065364,28.0,-16.176929704612142,18.08292714583454,True,28.021241830065364,64.52124183006536,False
2022_06_CAR_LA,2022,6,2022-10-16T16:05-04:00,9.014605412676406,14.0,44.96638655462185,34.0,-8.115323012546934,26.144533837899747,True,26.71638655462185,63.21638655462185,True
2022_06_BUF_KC,2022,6,2022-10-16T16:25-04:00,-1.2526336589843012,-4.0,49.95263157894737,44.0,-18.382562084207642,15.87729476623904,True,31.70263157894737,68.20263157894738,True
2022_06_DAL_PHI,2022,6,2022-10-16T20:20-04:00,2.8079656476680315,9.0,50.083333333333336,43.0,-14.32196277755531,19.93789407289137,True,31.833333333333336,68.33333333333334,True
2022_06_DEN_LAC,2022,6,2022-10-17T20:15-04:00,3.966624384838195,3.0,46.76470588235294,35.0,-13.163304040385146,21.096552810061535,True,28.514705882352942,65.01470588235294,True
2022_07_NO_ARI,2022,7,2022-10-20T20:15-04:00,3.2838700680390587,8.0,44.447712418300654,76.0,-13.846058357184281,20.413798493262398,True,26.197712418300654,62.697712418300654,False
2022_07_ATL_CIN,2022,7,2022-10-23T13:00-04:00,5.59010906100912,18.0,46.753501400560225,52.0,-11.539819364214221,22.72003748623246,True,28.503501400560225,65.00350140056022,True
2022_07_CLE_BAL,2022,7,2022-10-23T13:00-04:00,6.207799985457246,3.0,44.08823529411765,43.0,-10.922128439766094,23.337728410680587,True,25.838235294117652,62.33823529411765,True
2022_07_DET_DAL,2022,7,2022-10-23T13:00-04:00,8.751271573336286,18.0,49.0718954248366,30.0,-8.378656851887055,25.881199998559627,True,30.821895424836597,67.3218954248366,False
2022_07_GB_WAS,2022,7,2022-10-23T13:00-04:00,-4.404364762682101,2.0,46.06209150326798,44.0,-21.53429318790544,12.72556366254124,True,27.81209150326798,64.31209150326798,True
2022_07_IND_TEN,2022,7,2022-10-23T13:00-04:00,2.2221424656574555,9.0,46.44444444444444,29.0,-14.907785959565885,19.352070890880796,True,28.194444444444443,64.69444444444444,True
2022_07_NYG_JAX,2022,7,2022-10-23T13:00-04:00,0.10542414789331966,-6.0,40.705882352941174,40.0,-17.02450427733002,17.23535257311666,True,22.455882352941174,58.955882352941174,True
2022_07_TB_CAR,2022,7,2022-10-23T13:00-04:00,-10.777910068675768,18.0,46.27089783281734,24.0,-27.907838493899106,6.352018356547573,False,28.02089783281734,64.52089783281734,False
2022_07_HOU_LV,2022,7,2022-10-23T16:05-04:00,6.347917848382702,18.0,45.36274509803921,58.0,-10.782010576840639,23.47784627360604,True,27.112745098039213,63.61274509803921,True
2022_07_NYJ_DEN,2022,7,2022-10-23T16:05-04:00,-0.47310384566751407,-7.0,43.26470588235294,25.0,-17.603032270890854,16.656824579555828,True,25.014705882352942,61.51470588235294,False
2022_07_KC_SF,2022,7,2022-10-23T16:25-04:00,-0.7560723715174635,-21.0,48.2,67.0,-17.886000796740802,16.37385605370588,False,29.950000000000003,66.45,False
2022_07_SEA_LAC,2022,7,2022-10-23T16:25-04:00,2.55672696313498,-14.0,49.82352941176471,60.0,-14.57320146208836,19.68665538835832,True,31.57352941176471,68.07352941176471,True
2022_07_PIT_MIA,2022,7,2022-10-23T20:20-04:00,4.600259092529122,6.0,43.33333333333333,26.0,-12.529669332694219,21.730187517752462,True,25.08333333333333,61.58333333333333,True
2022_07_CHI_NE,2022,7,2022-10-24T20:15-04:00,8.994617487204177,-19.0,44.14542483660131,47.0,-8.135310938019163,26.124545912427518,False,25.895424836601308,62.39542483660131,True
2022_08_BAL_TB,2022,8,2022-10-27T20:15-04:00,1.867047223688103,-5.0,48.359133126934985,49.0,-15.262881201535237,18.996975648911445,True,30.109133126934985,66.60913312693498,True
2022_08_DEN_JAX,2022,8,2022-10-30T09:30-04:00,-2.9905721619854546,-4.0,40.205882352941174,38.0,-20.120500587208795,14.139356263237886,True,21.955882352941174,58.455882352941174,True
2022_08_ARI_MIN,2022,8,2022-10-30T13:00-04:00,2.5206389486019534,8.0,48.91830065359477,60.0,-14.609289476621388,19.650567373825293,True,30.66830065359477,67.16830065359477,True
2022_08_CAR_ATL,2022,8,2022-10-30T13:00-04:00,6.181650017192495,3.0,43.529411764705884,71.0,-10.948278408030845,23.311578442415836,True,25.279411764705884,61.779411764705884,False
2022_08_CHI_DAL,2022,8,2022-10-30T13:00-04:00,10.253620353671582,20.0,46.89542483660131,78.0,-6.876308071551758,27.383548778894923,True,28.645424836601308,65.14542483660131,False
2022_08_LV_NO,2022,8,2022-10-30T13:00-04:00,1.0027371067658017,24.0,44.3921568627451,24.0,-16.127191318457538,18.132665531989144,False,26.142156862745097,62.6421568627451,False
2022_08_MIA_DET,2022,8,2022-10-30T13:00-04:00,-2.9809623401403993,-4.0,44.294117647058826,58.0,-20.11089076536374,14.148966085082941,True,26.044117647058826,62.544117647058826,True
2022_08_NE_NYJ,2022,8,2022-10-30T13:00-04:00,-1.0375155249196655,-5.0,46.96895424836601,39.0,-18.167443950143007,16.092412900303675,True,28.71895424836601,65.218954248366,True
2022_08_PIT_PHI,2022,8,2022-10-30T13:00-04:00,10.590257218472871,22.0,46.638888888888886,48.0,-6.539671206750469,27.72018564369621,True,28.388888888888886,64.88888888888889,True
2022_08_TEN_HOU,2022,8,2022-10-30T16:05-04:00,-1.07921909092474,-7.0,43.97385620915033,27.0,-18.209147516148082,16.0507093342986,True,25.723856209150327,62.22385620915033,True
2022_08_NYG_SEA,2022,8,2022-10-30T16:25-04:00,3.920109939626227,14.0,42.205882352941174,40.0,-13.209818485597113,21.050038364849566,True,23.955882352941174,60.455882352941174,True
2022_08_SF_LA,2022,8,2022-10-30T16:25-04:00,0.6061441613200919,-17.0,46.44285714285714,45.0,-16.52378426390325,17.736072586543433,False,28.192857142857143,64.69285714285715,True
2022_08_WAS_IND,2022,8,2022-10-30T16:25-04:00,2.307437030521016,-1.0,46.61764705882353,33.0,-14.822491394702325,19.437365455744356,True,28.36764705882353,64.86764705882354,True
2022_08_GB_BUF,2022,8,2022-10-30T20:20-04:00,10.216091557087207,10.0,47.49707602339181,44.0,-6.9138368681361335,27.346019982310548,True,29.247076023391813,65.74707602339181,True
2022_08_CIN_CLE,2022,8,2022-10-31T20:15-04:00,-5.896300288893954,19.0,45.22408963585434,45.0,-23.026228714117295,11.233628136329386,False,26.97408963585434,63.47408963585434,True
2022_09_PHI_HOU,2022,9,2022-11-03T20:15-04:00,-9.436252388905983,-12.0,45.83496732026144,46.0,-26.566180814129325,7.693676036317358,True,27.58496732026144,64.08496732026144,True
2022_09_BUF_NYJ,2022,9,2022-11-06T13:00-05:00,-9.814312583210405,3.0,47.9938080495356,37.0,-26.944241008433746,7.315615842012935,True,29.743808049535602,66.2438080495356,True
2022_09_CAR_CIN,2022,9,2022-11-06T13:00-05:00,9.961300115976696,21.0,44.871148459383754,63.0,-7.168628309246644,27.09122854120004,True,26.621148459383754,63.121148459383754,True
2022_09_GB_DET,2022,9,2022-11-06T13:00-05:00,-4.183507875455294,6.0,46.73856209150327,24.0,-21.313436300678635,12.946420549768046,True,28.48856209150327,64.98856209150327,False
2022_09_IND_NE,2022,9,2022-11-06T13:00-05:00,5.0424695226373135,23.0,47.02777777777778,29.0,-12.087458902586027,22.172397947860652,False,28.77777777777778,65.27777777777777,True
2022_09_LAC_ATL,2022,9,2022-11-06T13:00-05:00,-0.7249950250612474,-3.0,50.14705882352941,37.0,-17.854923450284588,16.404933400162093,True,31.897058823529413,68.39705882352942,True
2022_09_LV_JAX,2022,9,2022-11-06T13:00-05:00,-1.1362323734194888,7.0,44.71568627450981,47.0,-18.26616079864283,15.993696051803852,True,26.465686274509807,62.96568627450981,True
2022_09_MIA_CHI,2022,9,2022-11-06T13:00-05:00,-3.220541669534482,-3.0,42.11764705882353,67.0,-20.350470094757824,13.909386755688859,True,23.86764705882353,60.36764705882353,False
2022_09_MIN_WAS,2022,9,2022-11-06T13:00-05:00,-4.669493848397229,-3.0,47.64705882352941,37.0,-21.79942227362057,12.460434576826112,True,29.397058823529413,65.89705882352942,True
2022_09_SEA_ARI,2022,9,2022-11-06T16:05-05:00,-0.8329335816786714,-10.0,46.271241830065364,52.0,-17.96286200690201,16.29699484354467,True,28.021241830065364,64.52124183006536,True
2022_09_LA_TB,2022,9,2022-11-06T16:25-05:00,3.8084760093743784,3.0,49.59022556390977,29.0,-13.321452415848963,20.938404434597718,True,31.34022556390977,67.84022556390977,False
2022_09_TEN_KC,2022,9,2022-11-06T20:20-05:00,12.828370181055433,3.0,48.34444444444444,37.0,-4.301558244167907,29.958298606278774,True,30.09444444444444,66.59444444444443,True
2022_09_BAL_NO,2022,9,2022-11-07T20:15-05:00,-0.181908131559005,-14.0,43.470588235294116,40.0,-17.311836556782346,16.948020293664335,True,25.220588235294116,61.720588235294116,True
2022_10_ATL_CAR,2022,10,2022-11-10T20:15-05:00,-4.340868034112294,10.0,43.529411764705884,40.0,-21.470796459335634,12.789060391111047,True,25.279411764705884,61.779411764705884,True
2022_10_SEA_TB,2022,10,2022-11-13T09:30-05:00,-1.4716037729293923,5.0,47.8297213622291,37.0,-18.601532198152732,15.658324652293949,True,29.5797213622291,66.0797213622291,True
2022_10_CLE_MIA,2022,10,2022-11-13T13:00-05:00,2.995423142069819,22.0,42.1764705882353,56.0,-14.134505283153521,20.12535156729316,False,23.926470588235297,60.4264705882353,True
2022_10_DEN_TEN,2022,10,2022-11-13T13:00-05:00,-0.42249200907524287,7.0,41.76797385620915,27.0,-17.552420434298583,16.7074364161481,True,23.517973856209153,60.01797385620915,True
2022_10_DET_CHI,2022,10,2022-11-13T13:00-05:00,1.084558928967705,-1.0,44.41176470588235,61.0,-16.045369496255635,18.214487354191046,True,26.161764705882348,62.66176470588235,True
2022_10_HOU_NYG,2022,10,2022-11-13T13:00-05:00,7.128692745458298,8.0,41.35294117647059,40.0,-10.001235679765042,24.25862117068164,True,23.102941176470587,59.60294117647059,True
2022_10_JAX_KC,2022,10,2022-11-13T13:00-05:00,11.89586901879001,10.0,46.78235294117647,44.0,-5.23405940643333,29.02579744401335,True,28.53235294117647,65.03235294117647,True
2022_10_MIN_BUF,2022,10,2022-11-13T13:00-05:00,4.149418197282357,-3.0,49.082043343653254,63.0,-12.980510227940982,21.2793466225057,True,30.832043343653254,67.33204334365325,True
2022_10_NO_PIT,2022,10,2022-11-13T13:00-05:00,-3.8805942666540933,10.0,42.8921568627451,30.0,-21.010522691877433,13.249334158569248,True,24.642156862745097,61.1421568627451,True
2022_10_IND_LV,2022,10,2022-11-13T16:05-05:00,3.065858382054459,-5.0,47.83333333333333,45.0,-14.064070043168881,20.1957868072778,True,29.58333333333333,66.08333333333333,True
2022_10_ARI_LA,2022,10,2022-11-13T16:25-05:00,0.05553390558330129,-10.0,48.03174603174603,44.0,-17.074394519640038,17.185462330806644,True,29.78174603174603,66.28174603174602,True
2022_10_DAL_GB,2022,10,2022-11-13T16:25-05:00,-3.640711859787399,3.0,49.22222222222222,59.0,-20.77064028501074,13.489216565435942,True,30.97222222222222,67.47222222222223,True
2022_10_LAC_SF,2022,10,2022-11-13T20:20-05:00,4.144440000557024,6.0,49.741176470588236,38.0,-12.985488424666316,21.274368425780366,True,31.491176470588236,67.99117647058824,True
2022_10_WAS_PHI,2022,10,2022-11-14T20:15-05:00,10.822238342715446,-11.0,46.923202614379086,53.0,-6.307690082507895,27.952166767938785,False,28.673202614379086,65.17320261437908,True
2022_11_TEN_GB,2022,11,2022-11-17T20:15-05:00,0.9841180363979134,-10.0,45.888888888888886,44.0,-16.145810388825428,18.114046461621253,True,27.638888888888886,64.13888888888889,True
2022_11_CAR_BAL,2022,11,2022-11-20T13:00-05:00,6.814752716146279,10.0,43.73529411764706,16.0,-10.315175709077062,23.94468114136962,True,25.485294117647058,61.98529411764706,False
2022_11_CHI_ATL,2022,11,2022-11-20T13:00-05:00,3.908812263109834,3.0,43.8235294117647,51.0,-13.221116162113507,21.038740688333174,True,25.573529411764703,62.0735294117647,True
2022_11_CLE_BUF,2022,11,2022-11-20T13:00-05:00,8.641359167085515,8.0,45.22910216718266,54.0,-8.488569258137826,25.771287592308855,True,26.97910216718266,63.47910216718266,True
2022_11_DET_NYG,2022,11,2022-11-20T13:00-05:00,3.5118679829560175,-13.0,43.11764705882353,49.0,-13.618060442267323,20.64179640817936,True,24.86764705882353,61.36764705882353,True
2022_11_LA_NO,2022,11,2022-11-20T13:00-05:00,-0.2601183788981616,7.0,44.70168067226891,47.0,-17.390046804121503,16.869810046325178,True,26.451680672268907,62.95168067226891,True
2022_11_NYJ_NE,2022,11,2022-11-20T13:00-05:00,4.778503061089119,7.0,46.96895424836601,13.0,-12.351425364134222,21.90843148631246,True,28.71895424836601,65.218954248366,False
2022_11_PHI_IND,2022,11,2022-11-20T13:00-05:00,-7.037424899646268,-1.0,48.30555555555556,33.0,-24.16735332486961,10.092503525577072,True,30.055555555555557,66.55555555555556,True
2022_11_WAS_HOU,2022,11,2022-11-20T13:00-05:00,-3.040015516012913,-13.0,44.14705882352941,33.0,-20.169943941236255,14.089912909210428,True,25.897058823529413,62.39705882352941,True
2022_11_LV_DEN,2022,11,2022-11-20T16:05-05:00,2.527019070870968,-6.0,43.15686274509804,38.0,-14.602909354352374,19.656947496094308,True,24.90686274509804,61.40686274509804,True
2022_11_CIN_PIT,2022,11,2022-11-20T16:25-05:00,-8.75675579457236,-7.0,46.38095238095238,67.0,-25.8866842197957,8.37317263065098,True,28.13095238095238,64.63095238095238,False
2022_11_DAL_MIN,2022,11,2022-11-20T16:25-05:00,-0.9391963687352436,-37.0,50.80718954248366,43.0,-18.069124793958583,16.1907320564881,False,32.55718954248366,69.05718954248366,True
2022_11_KC_LAC,2022,11,2022-11-20T20:20-05:00,-5.837494739385078,-3.0,53.34117647058824,57.0,-22.96742316460842,11.292433685838262,True,35.09117647058824,71.59117647058824,True
2022_11_SF_ARI,2022,11,2022-11-21T20:15-05:00,-4.23077164477076,-28.0,46.18888888888889,48.0,-21.360700069994103,12.89915678045258,False,27.93888888888889,64.4388888888889,True
2022_12_BUF_DET,2022,12,2022-11-24T12:30-05:00,-6.246417007058442,-3.0,47.34674922600619,53.0,-23.37634543228178,10.883511418164899,True,29.09674922600619,65.59674922600618,True
2022_12_NYG_DAL,2022,12,2022-11-24T16:30-05:00,10.894549306125004,8.0,45.60130718954248,48.0,-6.2353791190983365,28.024477731348345,True,27.35130718954248,63.85130718954248,True
2022_12_NE_MIN,2022,12,2022-11-24T20:20-05:00,0.7298978192436509,7.0,48.057189542483655,59.0,-16.40003060597969,17.85982624446699,True,29.807189542483655,66.30718954248366,True
2022_12_ATL_WAS,2022,12,2022-11-27T13:00-05:00,2.2159947894156895,6.0,45.32352941176471,32.0,-14.913933635807652,19.34592321463903,True,27.07352941176471,63.57352941176471,True
2022_12_BAL_JAX,2022,12,2022-11-27T13:00-05:00,-4.181861711435495,1.0,43.794117647058826,55.0,-21.311790136658836,12.948066713787846,True,25.544117647058826,62.044117647058826,True
2022_12_CHI_NYJ,2022,12,2022-11-27T13:00-05:00,3.3596409277657497,21.0,45.05882352941177,41.0,-13.770287497457591,20.48956935298909,False,26.808823529411768,63.30882352941177,True
2022_12_CIN_TEN,2022,12,2022-11-27T13:00-05:00,-1.084247421213833,-4.0,46.492063492063494,36.0,-18.214175846437172,16.04568100400951,True,28.242063492063494,64.7420634920635,True
2022_12_DEN_CAR,2022,12,2022-11-27T13:00-05:00,-2.7856723279105733,13.0,40.14705882352941,33.0,-19.915600753133916,14.344256097312767,True,21.897058823529413,58.39705882352941,True
2022_12_HOU_MIA,2022,12,2022-11-27T13:00-05:00,11.32499032920207,15.0,42.529411764705884,45.0,-5.804938096021271,28.45491875442541,True,24.279411764705884,60.779411764705884,True
2022_12_TB_CLE,2022,12,2022-11-27T13:00-05:00,-3.615416406358544,6.0,46.62383900928793,40.0,-20.745344831581885,13.514512018864796,True,28.373839009287927,64.87383900928793,True
2022_12_LAC_ARI,2022,12,2022-11-27T16:05-05:00,0.777120886991189,-1.0,51.330065359477125,49.0,-16.352807538232152,17.90704931221453,True,33.080065359477125,69.58006535947712,True
2022_12_LV_SEA,2022,12,2022-11-27T16:05-05:00,5.960416452733903,-6.0,46.21568627450981,74.0,-11.169511972489438,23.090344877957243,True,27.965686274509807,64.4656862745098,False
2022_12_LA_KC,2022,12,2022-11-27T16:25-05:00,13.374050131286356,16.0,50.042857142857144,36.0,-3.755878293936984,30.503978556509697,True,31.792857142857144,68.29285714285714,True
2022_12_NO_SF,2022,12,2022-11-27T16:25-05:00,9.49399681225195,13.0,42.858823529411765,13.0,-7.63593161297139,26.62392523747529,True,24.608823529411765,61.108823529411765,False
2022_12_GB_PHI,2022,12,2022-11-27T20:20-05:00,3.8435258764241067,7.0,47.75,73.0,-13.286402548799234,20.973454301647447,True,29.5,66.0,False
2022_12_PIT_IND,2022,12,2022-11-28T20:15-05:00,4.703471784108084,-7.0,46.33333333333333,41.0,-12.426456641115257,21.833400209331423,True,28.08333333333333,64.58333333333333,True
2022_13_BUF_NE,2022,13,2022-12-01T20:15-05:00,-4.365914253684775,-14.0,47.08040935672514,34.0,-21.495842678908115,12.764014171538566,True,28.83040935672514,65.33040935672514,True
2022_13_CLE_HOU,2022,13,2022-12-04T13:00-05:00,-6.118866420063916,-13.0,42.705882352941174,41.0,-23.248794845287257,11.011062005159424,True,24.455882352941174,60.955882352941174,True
2022_13_DEN_BAL,2022,13,2022-12-04T13:00-05:00,7.595774006198086,1.0,42.23529411764706,19.0,-9.534154419025255,24.725702431421425,True,23.985294117647058,60.48529411764706,False
2022_13_GB_CHI,2022,13,2022-12-04T13:00-05:00,-3.8118444472300266,-9.0,44.56209150326797,47.0,-20.941772872453367,13.318083977993314,True,26.312091503267972,62.81209150326797,True
2022_13_JAX_DET,2022,13,2022-12-04T13:00-05:00,2.729851296074989,26.0,44.17647058823529,54.0,-14.400077129148352,19.85977972129833,False,25.92647058823529,62.42647058823529,True
2022_13_NYJ_MIN,2022,13,2022-12-04T13:00-05:00,3.1159108535913407,5.0,48.970588235294116,49.0,-14.014017571632,20.24583927881468,True,30.720588235294116,67.22058823529412,True
2022_13_PIT_ATL,2022,13,2022-12-04T13:00-05:00,2.843648278417665,-3.0,45.03921568627451,35.0,-14.286280146805677,19.973576703641005,True,26.78921568627451,63.28921568627451,True
2022_13_TEN_PHI,2022,13,2022-12-04T13:00-05:00,3.9036345547045204,25.0,46.75,45.0,-13.22629387051882,21.03356297992786,False,28.5,65.0,True
2022_13_WAS_NYG,2022,13,2022-12-04T13:00-05:00,0.17595351515614735,0.0,42.44117647058823,40.0,-16.953974910067192,17.30588194037949,True,24.191176470588232,60.69117647058823,True
2022_13_MIA_SF,2022,13,2022-12-04T16:05-05:00,4.724355872538412,16.0,43.3,50.0,-12.405572552684928,21.85428429776175,True,25.049999999999997,61.55,True
2022_13_SEA_LA,2022,13,2022-12-04T16:05-05:00,-5.790904367014674,-4.0,46.52521008403362,50.0,-22.920832792238016,11.339024058208667,True,28.275210084033617,64.77521008403362,True
2022_13_KC_CIN,2022,13,2022-12-04T16:25-05:00,-2.4717892263579184,3.0,49.94761904761904,51.0,-19.60171765158126,14.658139198865422,True,31.697619047619042,68.19761904761904,True
2022_13_LAC_LV,2022,13,2022-12-04T16:25-05:00,0.588566590416546,7.0,51.27450980392157,47.0,-16.541361834806793,17.71849501563989,True,33.02450980392157,69.52450980392157,True
2022_13_IND_DAL,2022,13,2022-12-04T20:20-05:00,10.33826735548611,35.0,49.77777777777778,73.0,-6.791661069737231,27.46819578070945,False,31.52777777777778,68.02777777777777,False
2022_13_NO_TB,2022,13,2022-12-05T20:15-05:00,5.893922032415905,1.0,46.0061919504644,33.0,-11.236006392807436,23.023850457639245,True,27.756191950464398,64.2561919504644,True
2022_14_LV_LA,2022,14,2022-12-08T20:15-05:00,-1.698565120956499,1.0,47.976190476190474,33.0,-18.82849354617984,15.431363304266842,True,29.726190476190474,66.22619047619048,True
2022_14_BAL_PIT,2022,14,2022-12-11T13:00-05:00,-1.0932250157618395,-2.0,45.245098039215684,30.0,-18.22315344098518,16.036703409461502,True,26.995098039215684,63.495098039215684,True
2022_14_CLE_CIN,2022,14,2022-12-11T13:00-05:00,6.571679612863524,13.0,45.22408963585434,33.0,-10.558248812359817,23.701608038086864,True,26.97408963585434,63.47408963585434,True
2022_14_HOU_DAL,2022,14,2022-12-11T13:00-05:00,17.90788153461379,4.0,47.30718954248366,50.0,0.7779531093904488,35.03780995983713,True,29.057189542483663,65.55718954248366,True
2022_14_JAX_TEN,2022,14,2022-12-11T13:00-05:00,5.560062152962472,-14.0,43.326797385620914,58.0,-11.569866272260867,22.689990578185814,False,25.076797385620914,61.576797385620914,True
2022_14_MIN_DET,2022,14,2022-12-11T13:00-05:00,0.47177181141516356,11.0,48.3235294117647,57.0,-16.658156613808178,17.601700236638504,True,30.073529411764703,66.5735294117647,True
2022_14_NYJ_BUF,2022,14,2022-12-11T13:00-05:00,10.21674295952296,8.0,47.9938080495356,32.0,-6.91318546570038,27.3466713847463,True,29.743808049535602,66.2438080495356,True
2022_14_PHI_NYG,2022,14,2022-12-11T13:00-05:00,-6.53858340379305,-26.0,44.12908496732026,70.0,-23.66851182901639,10.59134502143029,False,25.87908496732026,62.37908496732026,False
2022_14_KC_DEN,2022,14,2022-12-11T16:05-05:00,-8.873332533695207,-6.0,45.2235294117647,62.0,-26.003260958918545,8.256595891528134,True,26.9735294117647,63.4735294117647,True
2022_14_CAR_SEA,2022,14,2022-12-11T16:25-05:00,7.073535575790934,-6.0,43.205882352941174,54.0,-10.056392849432406,24.203464001014275,True,24.955882352941174,61.455882352941174,True
2022_14_TB_SF,2022,14,2022-12-11T16:25-05:00,3.038272081109935,28.0,47.74736842105263,42.0,-14.091656344113407,20.168200506333275,False,29.497368421052627,65.99736842105263,True
2022_14_MIA_LAC,2022,14,2022-12-11T20:20-05:00,0.2160303443865561,6.0,48.44117647058823,40.0,-16.913898080836784,17.345958769609897,True,30.191176470588232,66.69117647058823,True
2022_14_NE_ARI,2022,14,2022-12-12T20:15-05:00,0.16275319085568438,-14.0,46.916666666666664,40.0,-16.967175234367655,17.292681616079026,True,28.666666666666664,65.16666666666666,True
2022_15_SF_SEA,2022,15,2022-12-15T20:15-05:00,-3.301624074796936,-8.0,44.682352941176475,34.0,-20.431552500020278,13.828304350426404,True,26.432352941176475,62.932352941176475,True
2022_15_IND_MIN,2022,15,2022-12-17T13:00-05:00,5.120955205544022,3.0,49.029411764705884,75.0,-12.00897321967932,22.250883630767362,True,30.779411764705884,67.27941176470588,False
2022_15_BAL_CLE,2022,15,2022-12-17T16:30-05:00,1.4729721097030133,10.0,44.08823529411765,16.0,-15.656956315520327,18.602900534926356,True,25.838235294117652,62.33823529411765,False
2022_15_MIA_BUF,2022,15,2022-12-17T20:15-05:00,7.597097703647552,3.0,45.05263157894737,61.0,-9.532830721575788,24.727026128870893,True,26.80263157894737,63.30263157894737,True
2022_15_ATL_NO,2022,15,2022-12-18T13:00-05:00,5.133917883805594,3.0,43.26470588235294,39.0,-11.996010541417746,22.263846309028935,True,25.014705882352942,61.51470588235294,True
2022_15_DAL_JAX,2022,15,2022-12-18T13:00-05:00,-8.440605892183815,6.0,46.66013071895425,74.0,-25.570534317407155,8.689322533039526,True,28.41013071895425,64.91013071895425,False
2022_15_DET_NYJ,2022,15,2022-12-18T13:00-05:00,-0.6984243979517042,-3.0,47.23529411764706,37.0,-17.828352823175045,16.431504027271636,True,28.985294117647058,65.48529411764706,True
2022_15_KC_HOU,2022,15,2022-12-18T13:00-05:00,-14.87632760145581,-6.0,47.42941176470588,54.0,-32.006256026679154,2.253600823767531,True,29.179411764705883,65.67941176470589,True
2022_15_PHI_CHI,2022,15,2022-12-18T13:00-05:00,-10.800906343028345,-5.0,45.423202614379086,45.0,-27.930834768251685,6.329022082194996,True,27.173202614379086,63.673202614379086,True
2022_15_PIT_CAR,2022,15,2022-12-18T13:00-05:00,1.7868533596019702,-8.0,43.15686274509804,40.0,-15.34307506562137,18.91678178482531,True,24.90686274509804,61.40686274509804,True
2022_15_ARI_DEN,2022,15,2022-12-18T16:05-05:00,-0.9794597524377118,9.0,43.212418300653596,39.0,-18.109388177661053,16.150468672785628,True,24.962418300653596,61.462418300653596,True
2022_15_NE_LV,2022,15,2022-12-18T16:05-05:00,0.5670596331103531,6.0,46.86111111111111,54.0,-16.562868792112987,17.696988058333694,True,28.611111111111107,65.11111111111111,True
2022_15_CIN_TB,2022,15,2022-12-18T16:25-05:00,-3.1793484218578123,-11.0,49.49498746867168,57.0,-20.309276847081154,13.950580003365529,True,31.24498746867168,67.74498746867168,True
2022_15_TEN_LAC,2022,15,2022-12-18T16:25-05:00,3.39474737659975,3.0,49.88562091503268,31.0,-13.735181048623591,20.52467580182309,True,31.635620915032682,68.13562091503269,False
2022_15_NYG_WAS,2022,15,2022-12-18T20:20-05:00,4.763018501495546,-8.0,42.44117647058823,32.0,-12.366909923727794,21.892946926718885,True,24.191176470588232,60.69117647058823,True
2022_15_LA_GB,2022,15,2022-12-19T20:15-05:00,6.3409478397001,12.0,47.58730158730159,36.0,-10.788980585523241,23.47087626492344,True,29.33730158730159,65.8373015873016,True
2022_16_JAX_NYJ,2022,16,2022-12-22T20:15-05:00,1.749067240484481,-16.0,44.82352941176471,22.0,-15.38086118473886,18.878995665707823,False,26.57352941176471,63.07352941176471,False
2022_16_ATL_BAL,2022,16,2022-12-24T13:00-05:00,5.340253723144485,8.0,45.61764705882353,26.0,-11.789674702078855,22.470182148367826,True,27.36764705882353,63.86764705882353,False
2022_16_BUF_CHI,2022,16,2022-12-24T13:00-05:00,-10.78232954159511,-22.0,45.1702786377709,48.0,-27.91225796681845,6.34759888362823,True,26.9202786377709,63.4202786377709,True
2022_16_CIN_NE,2022,16,2022-12-24T13:00-05:00,-3.9212524097383286,-4.0,47.07539682539682,40.0,-21.05118083496167,13.208676015485011,True,28.825396825396822,65.32539682539682,True
2022_16_DET_CAR,2022,16,2022-12-24T13:00-05:00,-3.3422297069418967,14.0,44.11764705882353,60.0,-20.472158132165237,13.787698718281444,False,25.86764705882353,62.36764705882353,True
2022_16_NO_CLE,2022,16,2022-12-24T13:00-05:00,4.540997994175779,-7.0,41.73529411764706,27.0,-12.588930431047562,21.67092641939912,True,23.485294117647058,59.98529411764706,True
2022_16_NYG_MIN,2022,16,2022-12-24T13:00-05:00,3.2507141812572753,3.0,44.85294117647059,51.0,-13.879214243966064,20.380642606480617,True,26.602941176470587,63.10294117647059,True
2022_16_SEA_KC,2022,16,2022-12-24T13:00-05:00,10.078375790077914,14.0,48.28235294117647,34.0,-7.051552635145427,27.208304215301254,True,30.03235294117647,66.53235294117647,True
2022_16_HOU_TEN,2022,16,2022-12-24T14:00-05:00,3.297969316197427,-5.0,43.97385620915033,33.0,-13.831959109025913,20.427897741420768,True,25.723856209150327,62.22385620915033,True
2022_16_WAS_SF,2022,16,2022-12-24T16:05-05:00,9.616256348622805,17.0,44.91764705882353,57.0,-7.513672076600535,26.746184773846146,True,26.667647058823533,63.16764705882353,True
2022_16_PHI_DAL,2022,16,2022-12-24T16:25-05:00,4.588192225248327,6.0,50.083333333333336,74.0,-12.541736199975013,21.71812065047167,True,31.833333333333336,68.33333333333334,False
2022_16_LV_PIT,2022,16,2022-12-24T20:15-05:00,-0.636701849538877,3.0,46.166666666666664,23.0,-17.766630274762218,16.493226575684464,True,27.916666666666664,64.41666666666666,False
2022_16_GB_MIA,2022,16,2022-12-25T13:00-05:00,1.110115080490116,-6.0,44.44444444444444,46.0,-16.019813344733226,18.240043505713455,True,26.194444444444443,62.69444444444444,True
2022_16_DEN_LA,2022,16,2022-12-25T16:30-05:00,-0.008258905845646591,37.0,43.46638655462185,65.0,-17.138187331068988,17.121669519377694,False,25.21638655462185,61.71638655462185,False
2022_16_TB_ARI,2022,16,2022-12-25T20:20-05:00,-4.513261932456815,-3.0,49.336257309941516,35.0,-21.643190357680155,12.616666492766527,True,31.086257309941516,67.58625730994152,True
2022_16_LAC_IND,2022,16,2022-12-26T20:15-05:00,-3.796933257330837,-17.0,51.44117647058823,23.0,-20.92686168255418,13.332995167892504,True,33.19117647058823,69.69117647058823,False
2022_17_DAL_TEN,2022,17,2022-12-29T20:15-05:00,-10.255667030637445,-14.0,48.22222222222222,40.0,-27.385595455860788,6.874261394585895,True,29.97222222222222,66.47222222222223,True
2022_17_ARI_ATL,2022,17,2023-01-01T13:00-05:00,3.0468132270568367,1.0,46.59477124183007,39.0,-14.083115198166503,20.176741652280178,True,28.344771241830067,64.84477124183007,True
2022_17_CAR_TB,2022,17,2023-01-01T13:00-05:00,4.127150609240203,6.0,46.27089783281734,54.0,-13.002777815983137,21.257079034463544,True,28.02089783281734,64.52089783281734,True
2022_17_CHI_DET,2022,17,2023-01-01T13:00-05:00,7.9419864225995935,31.0,44.41176470588235,51.0,-9.187942002623746,25.071914847822935,False,26.161764705882348,62.66176470588235,True
2022_17_CLE_WAS,2022,17,2023-01-01T13:00-05:00,0.2399486751865213,-14.0,43.794117647058826,34.0,-16.88997975003682,17.369877100409862,True,25.544117647058826,62.044117647058826,True
2022_17_DEN_KC,2022,17,2023-01-01T13:00-05:00,13.88499866656245,3.0,45.2235294117647,51.0,-3.2449297586608914,31.01492709178579,True,26.9735294117647,63.4735294117647,True
2022_17_IND_NYG,2022,17,2023-01-01T13:00-05:00,6.887385363978003,28.0,43.8235294117647,48.0,-10.242543061245337,24.017313789201346,False,25.573529411764703,62.0735294117647,True
2022_17_JAX_HOU,2022,17,2023-01-01T13:00-05:00,-4.04019427790724,-28.0,42.411764705882355,34.0,-21.17012270313058,13.0897341473161,False,24.161764705882355,60.661764705882355,True
2022_17_MIA_NE,2022,17,2023-01-01T13:00-05:00,2.0355101295915436,2.0,44.02777777777778,44.0,-15.094418295631797,19.165438554814884,True,25.77777777777778,62.27777777777778,True
2022_17_NO_PHI,2022,17,2023-01-01T13:00-05:00,6.885213443137339,-10.0,44.86437908496732,30.0,-10.244714982086002,24.01514186836068,True,26.614379084967318,63.11437908496732,True
2022_17_NYJ_SEA,2022,17,2023-01-01T16:05-05:00,3.819197337143211,17.0,46.32352941176471,29.0,-13.310731088080129,20.949125762366553,True,28.07352941176471,64.57352941176471,True
2022_17_SF_LV,2022,17,2023-01-01T16:05-05:00,-7.167963599320001,-3.0,46.13333333333333,71.0,-24.29789202454334,9.96196482590334,True,27.883333333333333,64.38333333333333,False
2022_17_LA_LAC,2022,17,2023-01-01T16:25-05:00,4.534938911667657,21.0,51.58403361344538,41.0,-12.594989513555683,21.664867336891,True,33.33403361344538,69.83403361344537,True
2022_17_MIN_GB,2022,17,2023-01-01T16:25-05:00,4.376421959508045,24.0,48.47385620915033,58.0,-12.753506465715295,21.506350384731384,False,30.223856209150327,66.72385620915033,True
2022_17_PIT_BAL,2022,17,2023-01-01T20:20-05:00,1.9070859549697143,-3.0,45.245098039215684,29.0,-15.222842470253626,19.037014380193057,True,26.995098039215684,63.495098039215684,True
2022_18_KC_LV,2022,18,2023-01-07T16:30-05:00,-9.177964440268811,-18.0,49.733333333333334,44.0,-26.30789286549215,7.95196398495453,True,31.483333333333334,67.98333333333333,True
2022_18_TEN_JAX,2022,18,2023-01-07T20:15-05:00,7.418706841353986,4.0,43.326797385620914,36.0,-9.711221583869355,24.548635266577328,True,25.076797385620914,61.576797385620914,True
2022_18_BAL_CIN,2022,18,2023-01-08T13:00-05:00,9.979223812798208,11.0,46.9593837535014,43.0,-7.150704612425132,27.10915223802155,True,28.7093837535014,65.2093837535014,True
2022_18_CAR_NO,2022,18,2023-01-08T13:00-05:00,3.310541814872897,-3.0,41.38235294117647,17.0,-13.819386610350444,20.44047024009624,True,23.13235294117647,59.63235294117647,False
2022_18_CLE_PIT,2022,18,2023-01-08T13:00-05:00,0.47622888718477596,14.0,43.509803921568626,42.0,-16.653699538038566,17.606157312408115,True,25.259803921568626,61.759803921568626,True
2022_18_HOU_IND,2022,18,2023-01-08T13:00-05:00,1.4429064543220291,-1.0,45.529411764705884,63.0,-15.687021970901311,18.57283487954537,True,27.279411764705884,63.779411764705884,True
2022_18_MIN_CHI,2022,18,2023-01-08T13:00-05:00,-7.584633567839526,-16.0,46.14705882352941,42.0,-24.714561993062865,9.545294857383816,True,27.897058823529413,64.39705882352942,True
2022_18_NE_BUF,2022,18,2023-01-08T13:00-05:00,8.61447648110193,12.0,47.08040935672514,58.0,-8.515451944121411,25.744404906325272,True,28.83040935672514,65.33040935672514,True
2022_18_NYJ_MIA,2022,18,2023-01-08T13:00-05:00,2.3359095745059073,5.0,44.94117647058823,17.0,-14.794018850717434,19.46583799972925,True,26.691176470588232,63.19117647058823,False
2022_18_TB_ATL,2022,18,2023-01-08T13:00-05:00,0.11932257580270167,13.0,48.153250773993804,47.0,-17.01060584942064,17.249251001026042,True,29.903250773993804,66.4032507739938,True
2022_18_ARI_SF,2022,18,2023-01-08T16:25-05:00,11.040979393779761,25.0,46.18888888888889,51.0,-6.08894903144358,28.1709078190031,True,27.93888888888889,64.4388888888889,True
2022_18_DAL_WAS,2022,18,2023-01-08T16:25-05:00,-10.156781220120639,20.0,48.39542483660131,32.0,-27.28670964534398,6.973147205102702,False,30.145424836601308,66.64542483660131,True
2022_18_LAC_DEN,2022,18,2023-01-08T16:25-05:00,-4.642145807986704,3.0,46.76470588235294,59.0,-21.772074233210045,12.487782617236636,True,28.514705882352942,65.01470588235294,True
2022_18_LA_SEA,2022,18,2023-01-08T16:25-05:00,4.353278700454949,3.0,46.52521008403362,35.0,-12.776649724768392,21.48320712567829,True,28.275210084033617,64.77521008403362,True
2022_18_NYG_PHI,2022,18,2023-01-08T16:25-05:00,9.283880867614112,6.0,44.12908496732026,38.0,-7.846047557609229,26.413809292837453,True,25.87908496732026,62.37908496732026,True
2022_18_DET_GB,2022,18,2023-01-08T20:20-05:00,4.644191634362588,-4.0,46.73856209150327,36.0,-12.485736790860752,21.77412005958593,True,28.48856209150327,64.98856209150327,True
2023_01_DET_KC,2023,1,2023-09-07T20:20-04:00,7.013785946658539,-1.0,51.58235294117647,41.0,-9.677546608544406,23.705118501861485,True,33.45350140056022,69.71120448179272,True
2023_01_ARI_WAS,2023,1,2023-09-10T13:00-04:00,2.588998384131963,4.0,42.73529411764706,36.0,-14.102334171070982,19.280330939334906,True,24.606442577030812,60.864145658263304,True
2023_01_CAR_ATL,2023,1,2023-09-10T13:00-04:00,3.6818063217015844,14.0,43.294117647058826,34.0,-13.00952623350136,20.373138876904527,True,25.16526610644258,61.42296918767507,True
2023_01_CIN_CLE,2023,1,2023-09-10T13:00-04:00,-4.580884158822325,21.0,44.481424148606806,27.0,-21.27221671402527,12.110448396380619,False,26.35257260799056,62.61027568922305,True
2023_01_HOU_BAL,2023,1,2023-09-10T13:00-04:00,7.7569235368122875,16.0,40.4640522875817,34.0,-8.934409018390657,24.44825609201523,True,22.335200746965455,58.59290382819795,True
2023_01_JAX_IND,2023,1,2023-09-10T13:00-04:00,-6.1161526223279035,-10.0,43.743034055727556,52.0,-22.807485177530847,10.575179932875042,True,25.61418251511131,61.8718855963438,True
2023_01_SF_PIT,2023,1,2023-09-10T13:00-04:00,-0.809992447562265,-23.0,40.73529411764706,37.0,-17.50132500276521,15.881340107640678,False,22.606442577030812,58.864145658263304,True
2023_01_TB_MIN,2023,1,2023-09-10T13:00-04:00,1.4047380215494196,-3.0,45.05555555555556,37.0,-15.286594533653524,18.096070576752364,True,26.92670401493931,63.1844070961718,True
2023_01_TEN_NO,2023,1,2023-09-10T13:00-04:00,2.3677803444597822,1.0,39.17647058823529,31.0,-14.323552210743163,19.059112899662725,True,21.047619047619044,57.305322128851536,True
2023_01_GB_CHI,2023,1,2023-09-10T16:25-04:00,-4.31802858411913,-18.0,45.0,58.0,-21.009361139322074,12.373303971083814,True,26.871148459383754,63.128851540616246,True
2023_01_LA_SEA,2023,1,2023-09-10T16:25-04:00,2.04021076741523,-17.0,44.54575163398693,43.0,-14.651121787787714,18.731543322618172,False,26.416900093370685,62.67460317460318,True
2023_01_LV_DEN,2023,1,2023-09-10T16:25-04:00,-0.24622423360547918,-1.0,42.911764705882355,33.0,-16.937556788808422,16.445108321597466,True,24.78291316526611,61.0406162464986,True
2023_01_MIA_LAC,2023,1,2023-09-10T16:25-04:00,3.010646778904002,-2.0,47.13888888888889,70.0,-13.680685776298942,19.701979334106944,True,29.010037348272647,65.26774042950514,False
2023_01_PHI_NE,2023,1,2023-09-10T16:25-04:00,-3.261401813369795,-5.0,45.33676470588235,45.0,-19.952734368572738,13.42993074183315,True,27.207913165266106,63.4656162464986,True
2023_01_DAL_NYG,2023,1,2023-09-10T20:20-04:00,-1.5492788358596596,-40.0,45.28947368421053,40.0,-18.240611391062604,15.142053719343284,False,27.16062214359428,63.41832522482677,True
2023_01_BUF_NYJ,2023,1,2023-09-11T20:15-04:00,-3.3818096052107296,6.0,41.416666666666664,38.0,-20.073142160413674,13.309522949992214,True,23.28781512605042,59.54551820728291,True
2023_02_MIN_PHI,2023,2,2023-09-14T20:15-04:00,7.941984128780669,6.0,49.59166666666667,62.0,-8.749348426422275,24.633316683983615,True,31.462815126050423,67.72051820728291,True
2023_02_BAL_CIN,2023,2,2023-09-17T13:00-04:00,4.965812964846667,-3.0,42.26900584795322,51.0,-11.725519590356278,21.65714552004961,True,24.14015430733697,60.39785738856946,True
2023_02_CHI_TB,2023,2,2023-09-17T13:00-04:00,8.674906906984393,10.0,43.09477124183007,44.0,-8.01642564821855,25.366239462187337,True,24.96591970121382,61.22362278244631,True
2023_02_GB_ATL,2023,2,2023-09-17T13:00-04:00,-1.2330975294263287,1.0,43.88235294117647,49.0,-17.92443008462927,15.458235025776615,True,25.753501400560225,62.01120448179272,True
2023_02_IND_HOU,2023,2,2023-09-17T13:00-04:00,0.9146016783173475,-11.0,41.911764705882355,51.0,-15.776730876885596,17.60593423352029,True,23.78291316526611,60.0406162464986,True
2023_02_KC_JAX,2023,2,2023-09-17T13:00-04:00,-3.2574095936111735,-8.0,48.38421052631579,26.0,-19.94874214881412,13.43392296159177,True,30.255358985699544,66.51306206693204,False
2023_02_LAC_TEN,2023,2,2023-09-17T13:00-04:00,-2.3978824349995063,3.0,42.54575163398693,51.0,-19.08921499020245,14.293450120203438,True,24.416900093370685,60.67460317460318,True
2023_02_LV_BUF,2023,2,2023-09-17T13:00-04:00,4.059167050059864,28.0,47.32843137254902,48.0,-12.63216550514308,20.75049960526281,False,29.199579831932773,65.45728291316527,True
2023_02_SEA_DET,2023,2,2023-09-17T13:00-04:00,5.727602854175619,-6.0,50.10457516339869,68.0,-10.963729701027326,22.418935409378562,True,31.975723622782446,68.23342670401493,True
2023_02_NYG_ARI,2023,2,2023-09-17T16:05-04:00,-0.5376809619094032,-3.0,45.205882352941174,59.0,-17.229013517112346,16.153651593293542,True,27.077030812324928,63.33473389355742,True
2023_02_SF_LA,2023,2,2023-09-17T16:05-04:00,-2.7702956206447755,-7.0,41.82352941176471,53.0,-19.46162817584772,13.921036934558169,True,23.694677871148464,59.952380952380956,True
2023_02_NYJ_DAL,2023,2,2023-09-17T16:25-04:00,8.98239531375441,20.0,41.28947368421053,40.0,-7.708937241448535,25.673727868957354,True,23.16062214359428,59.41832522482677,True
2023_02_WAS_DEN,2023,2,2023-09-17T16:25-04:00,3.191263087721218,-2.0,38.529411764705884,68.0,-13.500069467481726,19.882595642924162,True,20.400560224089638,56.65826330532213,False
2023_02_MIA_NE,2023,2,2023-09-17T20:20-04:00,0.4297452102944215,-7.0,44.82843137254902,41.0,-16.261587344908524,17.121077765497365,True,26.699579831932773,62.957282913165265,True
2023_02_NO_CAR,2023,2,2023-09-18T19:15-04:00,-0.929596691067486,-3.0,41.05882352941176,37.0,-17.62092924627043,15.761735864135458,True,22.929971988795515,59.18767507002801,True
2023_02_CLE_PIT,2023,2,2023-09-18T20:15-04:00,0.30765845481250537,4.0,41.05882352941176,48.0,-16.38367410039044,16.998991010015448,True,22.929971988795515,59.18767507002801,True
2023_03_NYG_SF,2023,3,2023-09-21T20:15-04:00,8.999745268575548,18.0,43.5,42.0,-7.691587286627396,25.691077823778492,True,25.371148459383754,61.628851540616246,True
2023_03_ATL_DET,2023,3,2023-09-24T13:00-04:00,2.784358742159452,14.0,47.970588235294116,26.0,-13.906973813043493,19.475691297362395,True,29.84173669467787,66.09943977591035,False
2023_03_BUF_WAS,2023,3,2023-09-24T13:00-04:00,-4.86506017550416,-34.0,42.94607843137255,40.0,-21.556392730707103,11.826272379698784,False,24.817226890756302,61.074929971988794,True
2023_03_DEN_MIA,2023,3,2023-09-24T13:00-04:00,6.26922723846216,50.0,42.91666666666667,90.0,-10.422105316740783,22.960559793665105,False,24.787815126050425,61.04551820728292,False
2023_03_HOU_JAX,2023,3,2023-09-24T13:00-04:00,7.044806135428468,-20.0,43.537151702786375,54.0,-9.646526419774476,23.736138690631414,False,25.40830016217013,61.66600324340262,True
2023_03_IND_BAL,2023,3,2023-09-24T13:00-04:00,7.166385936949407,-3.0,40.669934640522875,41.0,-9.524946618253537,23.85771849215235,True,22.54108309990663,58.79878618113912,True
2023_03_LAC_MIN,2023,3,2023-09-24T13:00-04:00,-1.4136928915453217,-4.0,48.388888888888886,52.0,-18.105025446748265,15.277639663657622,True,30.26003734827264,66.51774042950512,True
2023_03_NE_NYJ,2023,3,2023-09-24T13:00-04:00,-2.381947328292864,-5.0,38.91176470588235,25.0,-19.073279883495807,14.30938522691008,True,20.782913165266102,57.040616246498594,True
2023_03_NO_GB,2023,3,2023-09-24T13:00-04:00,4.564453095650345,1.0,41.64705882352941,35.0,-12.1268794595526,21.25578565085329,True,23.518207282913167,59.77591036414566,True
2023_03_TEN_CLE,2023,3,2023-09-24T13:00-04:00,2.615904213734688,24.0,41.14705882352941,30.0,-14.075428341468257,19.30723676893763,False,23.018207282913167,59.27591036414566,True
2023_03_CAR_SEA,2023,3,2023-09-24T16:05-04:00,3.959365125617695,10.0,45.4281045751634,64.0,-12.73196742958525,20.650697680820638,True,27.299253034547156,63.55695611577965,False
2023_03_CHI_KC,2023,3,2023-09-24T16:25-04:00,16.81456340252383,31.0,48.90588235294118,51.0,0.12323084732088674,33.50589595772678,True,30.77703081232493,67.03473389355742,True
2023_03_DAL_ARI,2023,3,2023-09-24T16:25-04:00,-8.065400886000102,12.0,46.4953560371517,44.0,-24.756733441203046,8.625931669202842,False,28.366504496535455,64.62420757776795,True
2023_03_PIT_LV,2023,3,2023-09-24T20:20-04:00,1.7660139547693232,-5.0,43.14705882352941,41.0,-14.92531860043362,18.457346509972268,True,25.018207282913167,61.27591036414566,True
2023_03_PHI_TB,2023,3,2023-09-25T19:15-04:00,-3.0522408619499273,-14.0,44.31388888888889,36.0,-19.74357341715287,13.639091693253016,True,26.185037348272644,62.442740429505136,True
2023_03_LA_CIN,2023,3,2023-09-25T20:15-04:00,1.9800161531939862,3.0,42.98142414860681,35.0,-14.711316402008958,18.67134870839693,True,24.852572607990567,61.11027568922306,True
2023_04_DET_GB,2023,4,2023-09-28T20:15-04:00,1.70874315331339,-14.0,47.6764705882353,54.0,-14.982589401889554,18.400075708516333,True,29.54761904761905,65.80532212885154,True
2023_04_ATL_JAX,2023,4,2023-10-01T09:30-04:00,1.873255625580234,16.0,44.77244582043343,30.0,-14.81807692962271,18.56458818078318,True,26.643594279817187,62.90129736104968,True
2023_04_BAL_CLE,2023,4,2023-10-01T13:00-04:00,-2.625214896808706,-25.0,41.43464052287582,31.0,-19.31654745201165,14.066117658394237,False,23.30578898225957,59.56349206349206,True
2023_04_CIN_TEN,2023,4,2023-10-01T13:00-04:00,-5.300541323222497,24.0,41.98142414860681,30.0,-21.99187387842544,11.390791231980447,False,23.852572607990567,60.11027568922306,True
2023_04_DEN_CHI,2023,4,2023-10-01T13:00-04:00,-3.670290271916544,-3.0,42.205882352941174,59.0,-20.36162282711949,13.0210422832864,True,24.077030812324928,60.33473389355742,True
2023_04_LA_IND,2023,4,2023-10-01T13:00-04:00,-1.816166902186355,-6.0,41.38235294117647,52.0,-18.5074994573893,14.87516565301659,True,23.253501400560225,59.51120448179272,True
2023_04_MIA_BUF,2023,4,2023-10-01T13:00-04:00,3.758188406112555,28.0,47.333333333333336,68.0,-12.933144149090388,20.4495209613155,False,29.20448179271709,65.46218487394958,False
2023_04_MIN_CAR,2023,4,2023-10-01T13:00-04:00,-0.9759450401990941,-8.0,46.372549019607845,34.0,-17.667277595402037,15.715387515003851,True,28.2436974789916,64.50140056022408,True
2023_04_PIT_HOU,2023,4,2023-10-01T13:00-04:00,-0.50500571727148,24.0,40.088235294117645,36.0,-17.196338272474424,16.186326837931464,False,21.9593837535014,58.21708683473389,True
2023_04_TB_NO,2023,4,2023-10-01T13:00-04:00,0.7357108958772747,-17.0,39.74183006535948,35.0,-15.955621659325669,17.42704345108022,False,21.612978524743234,57.870681605975726,True
2023_04_WAS_PHI,2023,4,2023-10-01T13:00-04:00,12.512912501820423,3.0,43.95441176470588,65.0,-4.178420053382521,29.204245057023368,True,25.825560224089635,62.08326330532213,False
2023_04_LV_LAC,2023,4,2023-10-01T16:05-04:00,9.377778799023783,7.0,47.13398692810458,41.0,-7.313553756179161,26.069111354226727,True,29.00513538748833,65.26283846872082,True
2023_04_ARI_SF,2023,4,2023-10-01T16:25-04:00,10.650602714137788,19.0,44.705882352941174,51.0,-6.040729841065156,27.34193526934073,True,26.577030812324928,62.83473389355742,True
2023_04_NE_DAL,2023,4,2023-10-01T16:25-04:00,5.549860038909552,35.0,44.201238390092875,41.0,-11.141472516293392,22.241192594112498,False,26.07238684947663,62.33008993070912,True
2023_04_KC_NYJ,2023,4,2023-10-01T20:20-04:00,-11.838958644419918,-3.0,43.7,43.0,-28.530291199622862,4.852373910783026,True,25.571148459383757,61.82885154061625,True
2023_04_SEA_NYG,2023,4,2023-10-02T20:15-04:00,-0.3485986526614908,-21.0,46.22222222222222,27.0,-17.039931207864434,16.342733902541454,False,28.093370681605975,64.35107376283847,False
2023_05_CHI_WAS,2023,5,2023-10-05T20:15-04:00,6.971620850154395,-20.0,42.73529411764706,60.0,-9.71971170504855,23.66295340535734,False,24.606442577030812,60.864145658263304,True
2023_05_JAX_BUF,2023,5,2023-10-08T09:30-04:00,6.944645741954133,-5.0,46.10087719298245,45.0,-9.746686813248811,23.635978297157077,True,27.972025652366206,64.2297287335987,True
2023_05_BAL_PIT,2023,5,2023-10-08T13:00-04:00,-3.256891879522928,7.0,38.84640522875817,27.0,-19.948224434725873,13.434440675680015,True,20.717553688141926,56.97525676937442,True
2023_05_CAR_DET,2023,5,2023-10-08T13:00-04:00,8.538921186638381,18.0,47.088235294117645,66.0,-8.152411368564563,25.230253741841324,True,28.9593837535014,65.21708683473389,False
2023_05_HOU_ATL,2023,5,2023-10-08T13:00-04:00,-1.7267783004577972,2.0,42.94117647058823,40.0,-18.418110855660743,14.964554254745147,True,24.812324929971986,61.07002801120448,True
2023_05_NO_NE,2023,5,2023-10-08T13:00-04:00,2.0882268745662538,-34.0,40.76470588235294,34.0,-14.603105680636691,18.779559429769197,False,22.635854341736696,58.89355742296919,True
2023_05_NYG_MIA,2023,5,2023-10-08T13:00-04:00,9.542736424920054,15.0,45.91666666666667,47.0,-7.14859613028289,26.234068980123,True,27.787815126050425,64.04551820728292,True
2023_05_TEN_IND,2023,5,2023-10-08T13:00-04:00,0.15182337260250756,7.0,40.38235294117647,39.0,-16.539509182600437,16.84315592780545,True,22.253501400560225,58.51120448179272,True
2023_05_CIN_ARI,2023,5,2023-10-08T16:05-04:00,-2.3975674259764688,-14.0,45.863777089783284,54.0,-19.088899981179413,14.293765129226475,True,27.734925549167038,63.99262863039953,True
2023_05_PHI_LA,2023,5,2023-10-08T16:05-04:00,-3.2132703992336187,-9.0,44.74852941176471,37.0,-19.904602954436562,13.478062155969326,True,26.61967787114846,62.87738095238095,True
2023_05_KC_MIN,2023,5,2023-10-08T16:25-04:00,-7.5392991026388225,-7.0,50.86666666666667,47.0,-24.230631657841766,9.152033452564122,True,32.73781512605042,68.99551820728291,True
2023_05_NYJ_DEN,2023,5,2023-10-08T16:25-04:00,2.7014685676122068,-10.0,37.0,52.0,-13.989863987590738,19.39280112281515,True,18.871148459383754,55.128851540616246,True
2023_05_DAL_SF,2023,5,2023-10-08T20:20-04:00,3.541307635048277,32.0,44.78947368421053,52.0,-13.150024920154667,20.23264019025122,False,26.66062214359428,62.91832522482677,True
2023_05_GB_LV,2023,5,2023-10-09T20:15-04:00,-0.999850525712294,4.0,45.705882352941174,30.0,-17.691183080915238,15.69148202949065,True,27.577030812324928,63.83473389355742,True
2023_06_DEN_KC,2023,6,2023-10-12T20:15-04:00,13.857872674798822,11.0,44.7,27.0,-2.8334598804041224,30.549205230001768,True,26.571148459383757,62.82885154061625,True
2023_06_BAL_TEN,2023,6,2023-10-15T09:30-04:00,-3.3726078453951978,-8.0,38.93464052287582,40.0,-20.063940400598142,13.318724709807746,True,20.80578898225957,57.06349206349206,True
2023_06_CAR_MIA,2023,6,2023-10-15T13:00-04:00,10.032968218496917,21.0,45.122549019607845,63.0,-6.658364336706027,26.72430077369986,True,26.9936974789916,63.25140056022409,True
2023_06_IND_JAX,2023,6,2023-10-15T13:00-04:00,5.619563620523042,17.0,43.743034055727556,57.0,-11.071768934679902,22.310896175725986,True,25.61418251511131,61.8718855963438,True
2023_06_MIN_CHI,2023,6,2023-10-15T13:00-04:00,-4.807122671018229,-6.0,48.372549019607845,32.0,-21.498455226221175,11.884209884184715,True,30.2436974789916,66.50140056022408,True
2023_06_NO_HOU,2023,6,2023-10-15T13:00-04:00,1.5382956382812225,7.0,40.705882352941174,33.0,-15.153036916921721,18.229628193484167,True,22.577030812324928,58.83473389355742,True
2023_06_SEA_CIN,2023,6,2023-10-15T13:00-04:00,2.844639389969074,4.0,46.880116959064324,30.0,-13.84669316523387,19.53597194517202,True,28.751265418448078,65.00896849968058,True
2023_06_SF_CLE,2023,6,2023-10-15T13:00-04:00,-11.8613285315357,2.0,43.3235294117647,36.0,-28.552661086738645,4.830004023667245,True,25.194677871148457,61.45238095238095,True
2023_06_WAS_ATL,2023,6,2023-10-15T13:00-04:00,2.694619373863305,-8.0,41.61764705882353,40.0,-13.99671318133964,19.38595192906625,True,23.488795518207283,59.746498599439775,True
2023_06_NE_LV,2023,6,2023-10-15T16:05-04:00,3.4847693028154034,4.0,44.8235294117647,38.0,-13.206563252387541,20.17610185801835,True,26.694677871148457,62.95238095238095,True
2023_06_ARI_LA,2023,6,2023-10-15T16:25-04:00,5.637732202475357,17.0,43.529411764705884,35.0,-11.053600352727587,22.329064757678303,True,25.400560224089638,61.65826330532213,True
2023_06_DET_TB,2023,6,2023-10-15T16:25-04:00,-1.0602429790601602,-14.0,45.771241830065364,26.0,-17.751575534263104,15.631089576142784,True,27.642390289449118,63.90009337068161,False
2023_06_PHI_NYJ,2023,6,2023-10-15T16:25-04:00,-7.851837635830562,6.0,42.425,34.0,-24.543170191033507,8.839494919372381,True,24.29614845938375,60.55385154061624,True
2023_06_NYG_BUF,2023,6,2023-10-15T20:20-04:00,17.016059052597846,5.0,45.416666666666664,23.0,0.3247264973949022,33.70739160780079,True,27.28781512605042,63.54551820728291,False
2023_06_DAL_LAC,2023,6,2023-10-16T20:15-04:00,1.0229697963077455,-3.0,46.51169590643275,37.0,-15.6683627588952,17.71430235151069,True,28.382844365816503,64.64054744704899,True
2023_07_JAX_NO,2023,7,2023-10-19T20:15-04:00,0.7347913346049507,-7.0,42.537151702786375,55.0,-15.956541220597993,17.426123889807894,True,24.40830016217013,60.66600324340262,True
2023_07_ATL_TB,2023,7,2023-10-22T13:00-04:00,5.462378991564775,-3.0,41.97712418300654,29.0,-11.228953563638168,22.15371154676772,True,23.84827264239029,60.105975723622784,True
2023_07_BUF_NE,2023,7,2023-10-22T13:00-04:00,-10.019592659351115,4.0,44.32843137254902,54.0,-26.71092521455406,6.671739895851829,True,26.199579831932773,62.457282913165265,True
2023_07_CLE_IND,2023,7,2023-10-22T13:00-04:00,0.19935804068187002,-1.0,42.88235294117647,77.0,-16.491974514521075,16.890690595884813,True,24.753501400560225,61.01120448179272,False
2023_07_DET_BAL,2023,7,2023-10-22T13:00-04:00,-1.047730846584706,32.0,45.49346405228758,44.0,-17.73906340178765,15.643601708618238,False,27.364612511671332,63.622315592903824,True
2023_07_LV_CHI,2023,7,2023-10-22T13:00-04:00,-4.676222405405322,18.0,47.11764705882353,42.0,-21.367554960608267,12.015110149797621,False,28.988795518207283,65.24649859943978,True
2023_07_WAS_NYG,2023,7,2023-10-22T13:00-04:00,-1.631542915508091,7.0,41.529411764705884,21.0,-18.322875470711036,15.059789639694854,True,23.400560224089638,59.65826330532213,False
2023_07_ARI_SEA,2023,7,2023-10-22T16:05-04:00,7.7398861485095685,10.0,47.4281045751634,30.0,-8.951446406693375,24.431218703712513,True,29.299253034547156,65.55695611577966,True
2023_07_PIT_LA,2023,7,2023-10-22T16:05-04:00,4.186090496526043,-7.0,39.55882352941177,41.0,-12.505242058676902,20.877423051728986,True,21.429971988795522,57.687675070028014,True
2023_07_GB_DEN,2023,7,2023-10-22T16:25-04:00,-1.0896863823582401,2.0,40.794117647058826,36.0,-17.781018937561186,15.601646172844704,True,22.66526610644258,58.92296918767507,True
2023_07_LAC_KC,2023,7,2023-10-22T16:25-04:00,7.5621786185819015,14.0,48.922222222222224,48.0,-9.129153936621043,24.253511173784844,True,30.79337068160598,67.05107376283847,True
2023_07_MIA_PHI,2023,7,2023-10-22T20:20-04:00,2.4974029135622593,14.0,48.34166666666667,48.0,-14.193929641640684,19.188735468765202,True,30.212815126050423,66.47051820728291,True
2023_07_SF_MIN,2023,7,2023-10-23T20:15-04:00,-6.9631834722136645,5.0,46.666666666666664,39.0,-23.65451602741661,9.72814908298928,True,28.53781512605042,64.79551820728291,True
2023_08_TB_BUF,2023,8,2023-10-26T20:15-04:00,9.770457415933329,6.0,43.30555555555556,42.0,-6.920875139269615,26.461789971136273,True,25.17670401493931,61.4344070961718,True
2023_08_ATL_TEN,2023,8,2023-10-29T13:00-04:00,-1.4616297154827178,5.0,41.411764705882355,51.0,-18.152962270685663,15.229702839720225,True,23.28291316526611,59.5406162464986,True
2023_08_HOU_CAR,2023,8,2023-10-29T13:00-04:00,-4.248309795478736,2.0,42.05882352941177,28.0,-20.93964235068168,12.443022759724208,True,23.929971988795522,60.187675070028014,True
2023_08_JAX_PIT,2023,8,2023-10-29T13:00-04:00,-1.1023534137814348,-10.0,41.919504643962846,30.0,-17.793685968984377,15.58897914142151,True,23.7906531033466,60.04835618457909,True
2023_08_LA_DAL,2023,8,2023-10-29T13:00-04:00,4.888346067421155,23.0,43.61300309597523,63.0,-11.802986487781789,21.5796786226241,False,25.484151555358984,61.741854636591476,False
2023_08_MIN_GB,2023,8,2023-10-29T13:00-04:00,-0.798353772179627,-14.0,46.96078431372549,34.0,-17.48968632738257,15.892978783023317,True,28.831932773109244,65.08963585434174,True
2023_08_NE_MIA,2023,8,2023-10-29T13:00-04:00,7.012467748857653,14.0,44.82843137254902,48.0,-9.678864806345292,23.703800304060596,True,26.699579831932773,62.957282913165265,True
2023_08_NO_IND,2023,8,2023-10-29T13:00-04:00,-2.4375504000885817,-11.0,40.91176470588235,65.0,-19.128882955291527,14.253782155114362,True,22.782913165266102,59.040616246498594,False
2023_08_NYJ_NYG,2023,8,2023-10-29T13:00-04:00,-1.5545663746927283,-3.0,40.0,23.0,-18.245898929895674,15.136766180510216,True,21.871148459383754,58.128851540616246,True
2023_08_PHI_WAS,2023,8,2023-10-29T13:00-04:00,-7.621623868373442,-7.0,43.95441176470588,69.0,-24.312956423576388,9.069708686829502,True,25.825560224089635,62.08326330532213,False
2023_08_CLE_SEA,2023,8,2023-10-29T16:05-04:00,6.1629654709498745,4.0,46.045751633986924,44.0,-10.52836708425307,22.85429802615282,True,27.91690009337068,64.17460317460316,True
2023_08_BAL_ARI,2023,8,2023-10-29T16:25-04:00,-7.17961577014162,-7.0,42.81699346405229,55.0,-23.870948325344564,9.511716785061324,True,24.688141923436042,60.945845004668534,True
2023_08_CIN_SF,2023,8,2023-10-29T16:25-04:00,1.4297351932946216,-14.0,44.1578947368421,48.0,-15.261597361908322,18.121067748497566,True,26.029043196225857,62.28674627745835,True
2023_08_KC_DEN,2023,8,2023-10-29T16:25-04:00,-10.148103762423881,15.0,44.7,33.0,-26.839436317626827,6.543228792779063,False,26.571148459383757,62.82885154061625,True
2023_08_CHI_LAC,2023,8,2023-10-29T20:20-04:00,9.138595109771163,17.0,46.4281045751634,43.0,-7.552737445431781,25.829927664974107,True,28.299253034547156,64.55695611577966,True
2023_08_LV_DET,2023,8,2023-10-30T20:15-04:00,6.20536086841246,12.0,49.794117647058826,40.0,-10.485971686790485,22.896693423615403,True,31.66526610644258,67.92296918767508,True
2023_09_TEN_PIT,2023,9,2023-11-02T20:15-04:00,3.8658105424558755,4.0,38.55882352941177,36.0,-12.825522012747069,20.55714309765882,True,20.429971988795522,56.687675070028014,True
2023_09_MIA_KC,2023,9,2023-11-05T09:30-05:00,4.117622594257359,7.0,49.61666666666667,35.0,-12.573709960945585,20.808955149460303,True,31.48781512605042,67.74551820728291,True
2023_09_ARI_CLE,2023,9,2023-11-05T13:00-05:00,7.011121247476439,27.0,45.029411764705884,27.0,-9.680211307726506,23.702453802679383,False,26.900560224089638,63.15826330532213,True
2023_09_CHI_NO,2023,9,2023-11-05T13:00-05:00,9.089507266603578,7.0,43.05882352941176,41.0,-7.6018252885993665,25.780839821806524,True,24.929971988795515,61.18767507002801,True
2023_09_LA_GB,2023,9,2023-11-05T13:00-05:00,4.054502393708105,17.0,42.11764705882353,23.0,-12.636830161494839,20.74583494891105,True,23.988795518207283,60.246498599439775,False
2023_09_MIN_ATL,2023,9,2023-11-05T13:00-05:00,-1.6626253455397237,-3.0,47.25490196078431,59.0,-18.353957900742667,15.02870720966322,True,29.126050420168063,65.38375350140055,True
2023_09_SEA_BAL,2023,9,2023-11-05T13:00-05:00,4.413797118138452,34.0,43.833333333333336,40.0,-12.277535437064493,21.105129673341395,False,25.70448179271709,61.96218487394958,True
2023_09_TB_HOU,2023,9,2023-11-05T13:00-05:00,2.4573578216341803,2.0,40.74183006535948,76.0,-14.233974733568765,19.148690376837123,True,22.612978524743234,58.870681605975726,False
2023_09_WAS_NE,2023,9,2023-11-05T13:00-05:00,1.0367683755850856,-3.0,40.44117647058823,37.0,-15.654564179617859,17.72810093078803,True,22.312324929971986,58.57002801120448,True
2023_09_IND_CAR,2023,9,2023-11-05T16:05-05:00,0.8803207200177487,-14.0,42.26470588235294,40.0,-15.811011835185194,17.571653275220694,True,24.135854341736696,60.39355742296919,True
2023_09_DAL_PHI,2023,9,2023-11-05T16:25-05:00,3.25945849134386,5.0,47.714473684210525,51.0,-13.431874063859084,19.950791046546804,True,29.58562214359428,65.84332522482677,True
2023_09_NYG_LV,2023,9,2023-11-05T16:25-05:00,1.433138988685101,24.0,45.911764705882355,36.0,-15.258193566517843,18.124471543888045,False,27.78291316526611,64.0406162464986,True
2023_09_BUF_CIN,2023,9,2023-11-05T20:20-05:00,-1.1368922360642935,6.0,46.07456140350877,42.0,-17.82822479126724,15.554440319138651,True,27.94570986289252,64.203412944125,True
2023_09_LAC_NYJ,2023,9,2023-11-06T20:15-05:00,-4.037891006459599,-21.0,41.22222222222222,33.0,-20.729223561662543,12.653441548743345,False,23.093370681605975,59.35107376283847,True
2023_10_CAR_CHI,2023,10,2023-11-09T20:15-05:00,1.0977861943202982,3.0,44.41176470588235,29.0,-15.593546360882646,17.789118749523244,True,26.282913165266102,62.540616246498594,True
2023_10_IND_NE,2023,10,2023-11-12T09:30-05:00,0.12012983054703003,-4.0,41.970588235294116,16.0,-16.571202724655915,16.811462385749973,True,23.84173669467787,60.09943977591036,False
2023_10_CLE_BAL,2023,10,2023-11-12T13:00-05:00,5.249380570730342,-2.0,41.43464052287582,64.0,-11.441951984472603,21.940713125933286,True,23.30578898225957,59.56349206349206,False
2023_10_GB_PIT,2023,10,2023-11-12T13:00-05:00,1.821914601590195,4.0,41.029411764705884,42.0,-14.86941795361275,18.51324715679314,True,22.900560224089638,59.15826330532213,True
2023_10_HOU_CIN,2023,10,2023-11-12T13:00-05:00,5.124661026250303,-3.0,43.51083591331269,57.0,-11.566671528952641,21.81599358145325,True,25.381984372696444,61.639687453928936,True
2023_10_NO_MIN,2023,10,2023-11-12T13:00-05:00,-1.0145185628836448,8.0,45.01960784313725,46.0,-17.70585111808659,15.6768139923193,True,26.890756302521005,63.1484593837535,True
2023_10_SF_JAX,2023,10,2023-11-12T13:00-05:00,-1.0592259180534163,-31.0,44.18421052631579,37.0,-17.750558473256362,15.632106637149528,False,26.05535898569954,62.313062066932034,True
2023_10_TEN_TB,2023,10,2023-11-12T13:00-05:00,4.72714389493714,14.0,39.212418300653596,26.0,-11.964188660265805,21.418476450140084,True,21.08356676003735,57.34126984126984,True
2023_10_ATL_ARI,2023,10,2023-11-12T16:05-05:00,1.1083903386921201,2.0,45.294117647058826,48.0,-15.582942216510824,17.799722893895066,True,27.16526610644258,63.42296918767507,True
2023_10_DET_LAC,2023,10,2023-11-12T16:05-05:00,1.873549573782227,-3.0,49.10457516339869,79.0,-14.817782981420716,18.56488212898517,True,30.975723622782446,67.23342670401493,False
2023_10_NYG_DAL,2023,10,2023-11-12T16:25-05:00,14.363508333367946,32.0,45.28947368421053,66.0,-2.327824221834998,31.05484088857089,False,27.16062214359428,63.41832522482677,False
2023_10_WAS_SEA,2023,10,2023-11-12T16:25-05:00,2.963408684625072,3.0,43.751633986928105,55.0,-13.727923870577872,19.654741239828017,True,25.62278244631186,61.88048552754435,True
2023_10_NYJ_LV,2023,10,2023-11-12T20:20-05:00,3.0981053755423424,4.0,41.911764705882355,28.0,-13.593227179660602,19.789437930745287,True,23.78291316526611,60.0406162464986,True
2023_10_DEN_BUF,2023,10,2023-11-13T20:15-05:00,9.663303139814811,-2.0,42.416666666666664,46.0,-7.028029415388133,26.354635695017755,True,24.28781512605042,60.54551820728291,True
2023_11_CIN_BAL,2023,11,2023-11-16T20:15-05:00,2.150336996080235,14.0,42.26900584795322,54.0,-14.54099555912271,18.84166955128318,True,24.14015430733697,60.39785738856946,True
2023_11_ARI_HOU,2023,11,2023-11-19T13:00-05:00,7.071380688674848,5.0,44.05882352941177,37.0,-9.619951866528096,23.76271324387779,True,25.929971988795522,62.187675070028014,True
2023_11_CHI_DET,2023,11,2023-11-19T13:00-05:00,9.058156170353481,5.0,49.088235294117645,57.0,-7.633176384849463,25.749488725556425,True,30.9593837535014,67.21708683473389,True
2023_11_DAL_CAR,2023,11,2023-11-19T13:00-05:00,-9.563796934341235,-23.0,44.4953560371517,43.0,-26.25512948954418,7.127535620861709,True,26.366504496535455,62.62420757776795,True
2023_11_LAC_GB,2023,11,2023-11-19T13:00-05:00,-3.065873050589314,3.0,45.01633986928105,43.0,-19.757205605792258,13.62545950461363,True,26.8874883286648,63.14519140989729,True
2023_11_LV_MIA,2023,11,2023-11-19T13:00-05:00,8.312373515477857,7.0,47.82843137254902,33.0,-8.378959039725087,25.0037060706808,True,29.699579831932773,65.95728291316527,True
2023_11_NYG_WAS,2023,11,2023-11-19T13:00-05:00,10.361218670461353,-12.0,41.529411764705884,50.0,-6.330113884741591,27.052551225664295,False,23.400560224089638,59.65826330532213,True
2023_11_PIT_CLE,2023,11,2023-11-19T13:00-05:00,1.2986754588030394,3.0,41.05882352941176,23.0,-15.392657096399905,17.990008014005983,True,22.929971988795515,59.18767507002801,True
2023_11_TEN_JAX,2023,11,2023-11-19T13:00-05:00,6.613284361679665,20.0,42.0077399380805,48.0,-10.07804819352328,23.30461691688261,True,23.87888839746425,60.136591478696744,True
2023_11_TB_SF,2023,11,2023-11-19T16:05-05:00,8.966418728999198,13.0,41.388888888888886,41.0,-7.724913826203746,25.657751284202142,True,23.26003734827264,59.51774042950513,True
2023_11_NYJ_BUF,2023,11,2023-11-19T16:25-05:00,11.868919475684521,26.0,41.416666666666664,38.0,-4.822413079518423,28.560252030887465,True,23.28781512605042,59.54551820728291,True
2023_11_SEA_LA,2023,11,2023-11-19T16:25-05:00,0.24523508890164925,1.0,44.54575163398693,33.0,-16.446097466301296,16.936567644104592,True,26.416900093370685,62.67460317460318,True
2023_11_MIN_DEN,2023,11,2023-11-19T20:20-05:00,0.7408827801063977,1.0,44.166666666666664,41.0,-15.950449775096546,17.43221533530934,True,26.03781512605042,62.29551820728291,True
2023_11_PHI_KC,2023,11,2023-11-20T20:15-05:00,3.457673564084848,-4.0,50.125,38.0,-13.233658991118096,20.14900611928779,True,31.996148459383754,68.25385154061624,True
2023_12_GB_DET,2023,12,2023-11-23T12:30-05:00,6.6151224326879206,-7.0,47.6764705882353,51.0,-10.076210122515024,23.306454987890866,True,29.54761904761905,65.80532212885154,True
2023_12_WAS_DAL,2023,12,2023-11-23T16:30-05:00,11.854357132597821,35.0,42.818885448916404,55.0,-4.836975422605123,28.545689687800767,False,24.69003390830016,60.94773698953265,True
2023_12_SF_SEA,2023,12,2023-11-23T20:20-05:00,-7.645179644948004,-18.0,45.72222222222222,44.0,-24.33651220015095,9.04615291025494,True,27.593370681605975,63.85107376283847,True
2023_12_MIA_NYJ,2023,12,2023-11-24T15:00-05:00,-8.431136127336892,-21.0,41.91666666666667,47.0,-25.122468682539836,8.260196427866052,True,23.787815126050425,60.04551820728292,True
2023_12_CAR_TEN,2023,12,2023-11-26T13:00-05:00,3.891669632843965,7.0,40.529411764705884,27.0,-12.79966292235898,20.58300218804691,True,22.400560224089638,58.65826330532213,True
2023_12_JAX_HOU,2023,12,2023-11-26T13:00-05:00,0.4238289299398885,-3.0,43.537151702786375,45.0,-16.267503625263057,17.11516148514283,True,25.40830016217013,61.66600324340262,True
2023_12_NE_NYG,2023,12,2023-11-26T13:00-05:00,-3.8442261332075804,3.0,42.91176470588235,17.0,-20.535558688410525,12.847106421995363,True,24.782913165266102,61.040616246498594,False
2023_12_NO_ATL,2023,12,2023-11-26T13:00-05:00,-2.7905705440088546,9.0,41.94117647058823,39.0,-19.4819030992118,13.90076201119409,True,23.812324929971986,60.07002801120448,True
2023_12_PIT_CIN,2023,12,2023-11-26T13:00-05:00,0.9553052548927572,-6.0,41.89318885448916,26.0,-15.736027300310187,17.6466378100957,True,23.764337313872915,60.02204039510541,True
2023_12_TB_IND,2023,12,2023-11-26T13:00-05:00,-0.3295340491794728,7.0,40.947712418300654,47.0,-17.020866604382416,16.361798506023472,True,22.818860877684408,59.0765639589169,True
2023_12_CLE_DEN,2023,12,2023-11-26T16:05-05:00,2.204164181792426,17.0,40.8235294117647,41.0,-14.487168373410519,18.89549673699537,True,22.694677871148457,58.95238095238095,True
2023_12_LA_ARI,2023,12,2023-11-26T16:05-05:00,-0.8115069513286387,-23.0,43.529411764705884,51.0,-17.502839506531583,15.879825603874306,False,25.400560224089638,61.65826330532213,True
2023_12_BUF_PHI,2023,12,2023-11-26T16:25-05:00,-0.7645395303815758,3.0,47.84166666666667,71.0,-17.45587208558452,15.926793024821368,True,29.712815126050423,65.97051820728291,False
2023_12_KC_LV,2023,12,2023-11-26T16:25-05:00,-9.764509430739272,-14.0,49.61176470588235,48.0,-26.455841985942214,6.926823124463672,True,31.482913165266105,67.7406162464986,True
2023_12_BAL_LAC,2023,12,2023-11-26T20:20-05:00,-0.2473388375165273,-10.0,42.833333333333336,30.0,-16.93867139271947,16.443993717686418,True,24.70448179271709,60.96218487394958,True
2023_12_CHI_MIN,2023,12,2023-11-27T20:15-05:00,3.7184636028036264,-2.0,48.372549019607845,22.0,-12.972868952399317,20.40979615800657,True,30.2436974789916,66.50140056022408,False
2023_13_SEA_DAL,2023,13,2023-11-30T20:15-05:00,11.56724654569662,6.0,47.51169590643275,76.0,-5.124086009506325,28.258579100899563,True,29.382844365816503,65.64054744704899,False
2023_13_ARI_PIT,2023,13,2023-12-03T13:00-05:00,6.2828449330903755,-14.0,42.44117647058823,34.0,-10.408487622112569,22.97417748829332,False,24.312324929971986,60.57002801120448,True
2023_13_ATL_NYJ,2023,13,2023-12-03T13:00-05:00,-3.6628481614122497,-5.0,40.088235294117645,21.0,-20.354180716615193,13.028484393790695,True,21.9593837535014,58.21708683473389,False
2023_13_DEN_HOU,2023,13,2023-12-03T13:00-05:00,1.099757267513369,5.0,39.85294117647059,39.0,-15.591575287689576,17.791089822716312,True,21.72408963585434,57.98179271708683,True
2023_13_DET_NO,2023,13,2023-12-03T13:00-05:00,-0.6738459029668831,-5.0,45.73529411764706,61.0,-17.365178458169826,16.017486652236062,True,27.606442577030812,63.864145658263304,True
2023_13_IND_TEN,2023,13,2023-12-03T13:00-05:00,-0.8373623657441512,-3.0,40.38235294117647,59.0,-17.528694920947096,15.853970189458792,True,22.253501400560225,58.51120448179272,False
2023_13_LAC_NE,2023,13,2023-12-03T13:00-05:00,-4.453460448269639,-6.0,44.13398692810458,6.0,-21.144793003472582,12.237872106933306,True,26.00513538748833,62.26283846872082,False
2023_13_MIA_WAS,2023,13,2023-12-03T13:00-05:00,-7.4629722247544805,-30.0,43.44607843137255,60.0,-24.154304779957425,9.228360330448464,False,25.317226890756302,61.574929971988794,True
2023_13_CAR_TB,2023,13,2023-12-03T16:05-05:00,8.138676924590243,3.0,41.09477124183007,39.0,-8.552655630612701,24.830009479793187,True,22.96591970121382,59.22362278244631,True
2023_13_CLE_LA,2023,13,2023-12-03T16:25-05:00,2.9766988143794197,17.0,42.14705882352941,55.0,-13.714633740823524,19.668031369582366,True,24.018207282913167,60.27591036414566,True
2023_13_SF_PHI,2023,13,2023-12-03T16:25-05:00,-2.306812525422675,-23.0,45.925,61.0,-18.99814508062562,14.38452002978027,False,27.79614845938375,64.05385154061625,True
2023_13_KC_GB,2023,13,2023-12-03T20:20-05:00,-6.08042828276322,8.0,47.49411764705882,46.0,-22.771760837966163,10.610904272439724,True,29.365266106442576,65.62296918767507,True
2023_13_CIN_JAX,2023,13,2023-12-04T20:15-05:00,5.480290903370127,-3.0,45.34210526315789,65.0,-11.211041651832817,22.171623458573073,True,27.213253722541644,63.470956803774136,False
2023_14_NE_PIT,2023,14,2023-12-07T20:15-05:00,4.887793513907219,-3.0,40.147058823529406,39.0,-11.803539041295725,21.579126069110163,True,22.01820728291316,58.27591036414565,True
2023_14_CAR_NO,2023,14,2023-12-10T13:00-05:00,7.107785359069284,22.0,41.05882352941176,34.0,-9.58354719613366,23.79911791427223,True,22.929971988795515,59.18767507002801,True
2023_14_DET_CHI,2023,14,2023-12-10T13:00-05:00,-2.8749412677633654,15.0,49.088235294117645,41.0,-19.56627382296631,13.81639128743958,False,30.9593837535014,67.21708683473389,True
2023_14_HOU_NYJ,2023,14,2023-12-10T13:00-05:00,-5.931092703117078,24.0,38.85294117647059,36.0,-22.62242525832002,10.760239852085867,False,20.72408963585434,56.98179271708683,True
2023_14_IND_CIN,2023,14,2023-12-10T13:00-05:00,3.112784306574175,20.0,43.71671826625387,48.0,-13.578548248628769,19.804116861777118,False,25.587866725637625,61.84556980687012,True
2023_14_JAX_CLE,2023,14,2023-12-10T13:00-05:00,-0.5066531701464891,4.0,44.50773993808049,58.0,-17.197985725349433,16.184679385056455,True,26.378888397464245,62.63659147869674,True
2023_14_LA_BAL,2023,14,2023-12-10T13:00-05:00,5.794578794461976,6.0,39.93464052287582,68.0,-10.896753760740967,22.48591134966492,True,21.80578898225957,58.06349206349206,False
2023_14_TB_ATL,2023,14,2023-12-10T13:00-05:00,-0.22426477648990262,-4.0,41.97712418300654,54.0,-16.915597331692847,16.46706777871304,True,23.84827264239029,60.105975723622784,True
2023_14_MIN_LV,2023,14,2023-12-10T16:05-05:00,-0.6369383465026116,-3.0,49.07843137254902,3.0,-17.328270901705555,16.054394208700334,True,30.949579831932773,67.20728291316527,False
2023_14_SEA_SF,2023,14,2023-12-10T16:05-05:00,14.990945167904407,12.0,45.72222222222222,44.0,-1.7003873872985373,31.68227772310735,True,27.593370681605975,63.85107376283847,True
2023_14_BUF_KC,2023,14,2023-12-10T16:25-05:00,0.45245832981859413,-3.0,49.11666666666667,37.0,-16.23887422538435,17.143790885021538,True,30.98781512605042,67.24551820728291,True
2023_14_DEN_LAC,2023,14,2023-12-10T16:25-05:00,3.6010089477811045,-17.0,42.22222222222222,31.0,-13.09032360742184,20.292341502984048,False,24.093370681605975,60.35107376283847,True
2023_14_PHI_DAL,2023,14,2023-12-10T20:20-05:00,5.733341306146933,20.0,47.714473684210525,46.0,-10.957991249056011,22.424673861349877,True,29.58562214359428,65.84332522482677,True
2023_14_GB_NYG,2023,14,2023-12-11T20:15-05:00,-7.208151152345616,2.0,43.794117647058826,46.0,-23.899483707548562,9.483181402857328,True,25.66526610644258,61.92296918767507,True
2023_14_TEN_MIA,2023,14,2023-12-11T20:15-05:00,11.65063075477576,-1.0,43.240196078431374,55.0,-5.040701800427184,28.341963309978702,True,25.11134453781513,61.36904761904762,True
2023_15_LAC_LV,2023,15,2023-12-14T20:15-05:00,0.1754028568589856,42.0,47.13398692810458,84.0,-16.51592969834396,16.866735412061928,False,29.00513538748833,65.26283846872082,False
2023_15_MIN_CIN,2023,15,2023-12-16T13:00-05:00,3.4244749501272183,3.0,47.82456140350877,51.0,-13.266857605075726,20.115807505330164,True,29.69570986289252,65.953412944125,True
2023_15_PIT_IND,2023,15,2023-12-16T16:30-05:00,1.5020965112466476,17.0,40.294117647058826,43.0,-15.189236043956296,18.193429066449593,True,22.16526610644258,58.42296918767507,True
2023_15_DEN_DET,2023,15,2023-12-16T20:15-05:00,1.335590926883411,25.0,44.88235294117647,59.0,-15.355741628319533,18.026923482086357,False,26.753501400560225,63.01120448179272,True
2023_15_ATL_CAR,2023,15,2023-12-17T13:00-05:00,-3.1874303099116936,2.0,43.294117647058826,16.0,-19.878762865114638,13.50390224529125,True,25.16526610644258,61.42296918767507,False
2023_15_CHI_CLE,2023,15,2023-12-17T13:00-05:00,0.8146209935120172,3.0,45.029411764705884,37.0,-15.876711561690927,17.505953548714963,True,26.900560224089638,63.15826330532213,True
2023_15_HOU_TEN,2023,15,2023-12-17T13:00-05:00,3.5411359070242967,-3.0,40.1764705882353,35.0,-13.150196648178648,20.232468462227242,True,22.04761904761905,58.30532212885154,True
2023_15_KC_NE,2023,15,2023-12-17T13:00-05:00,-9.404947468990253,-10.0,46.61176470588235,44.0,-26.0962800241932,7.286385086212691,True,28.482913165266105,64.7406162464986,True
2023_15_NYG_NO,2023,15,2023-12-17T13:00-05:00,8.050972690135191,18.0,41.85294117647059,30.0,-8.640359865067753,24.742305245338137,True,23.72408963585434,59.98179271708683,True
2023_15_NYJ_MIA,2023,15,2023-12-17T13:00-05:00,11.858353886792754,30.0,41.91666666666667,30.0,-4.83297866841019,28.549686441995696,False,23.787815126050425,60.04551820728292,True
2023_15_TB_GB,2023,15,2023-12-17T13:00-05:00,2.980993110928538,-14.0,41.68300653594771,54.0,-13.710339444274407,19.67232566613148,False,23.554154995331466,59.81185807656396,True
2023_15_SF_ARI,2023,15,2023-12-17T16:05-05:00,-11.710060280388099,-16.0,44.705882352941174,74.0,-28.401392835591043,4.981272274814845,True,26.577030812324928,62.83473389355742,False
2023_15_WAS_LA,2023,15,2023-12-17T16:05-05:00,9.239332353412786,8.0,39.85294117647059,48.0,-7.452000201790158,25.930664908615732,True,21.72408963585434,57.98179271708683,True
2023_15_DAL_BUF,2023,15,2023-12-17T16:25-05:00,0.3329335541275704,21.0,46.70614035087719,41.0,-16.358399001075373,17.024266109330515,False,28.577288810260946,64.83499189149344,True
2023_15_BAL_JAX,2023,15,2023-12-17T20:20-05:00,-2.661859153006328,-16.0,42.2953216374269,30.0,-19.353191708209273,14.029473402196617,True,24.166470096810656,60.42417317804315,True
2023_15_PHI_SEA,2023,15,2023-12-18T20:15-05:00,-3.889789047076057,3.0,48.647222222222226,37.0,-20.581121602279,12.801543508126887,True,30.51837068160598,66.77607376283848,True
2023_16_NO_LA,2023,16,2023-12-21T20:15-05:00,2.0170936353398883,8.0,40.17647058823529,52.0,-14.674238919863056,18.70842619054283,True,22.047619047619044,58.305322128851536,True
2023_16_CIN_PIT,2023,16,2023-12-23T16:30-05:00,-5.341038408395319,23.0,41.89318885448916,45.0,-22.03237096359826,11.350294146807625,False,23.764337313872915,60.02204039510541,True
2023_16_BUF_LAC,2023,16,2023-12-23T20:00-05:00,-13.025551244983362,-2.0,46.638888888888886,46.0,-29.716883800186306,3.6657813102195824,True,28.51003734827264,64.76774042950512,True
2023_16_CLE_HOU,2023,16,2023-12-24T13:00-05:00,-0.5784557592598601,-14.0,42.67647058823529,58.0,-17.269788314462804,16.112876795943084,True,24.547619047619044,60.805322128851536,True
2023_16_DET_MIN,2023,16,2023-12-24T13:00-05:00,-1.2697812780509987,-6.0,51.049019607843135,54.0,-17.961113833253943,15.421551277151945,True,32.92016806722689,69.17787114845939,True
2023_16_GB_CAR,2023,16,2023-12-24T13:00-05:00,-5.150263352840622,-3.0,43.0,63.0,-21.841595908043566,11.541069202362323,True,24.871148459383754,61.128851540616246,False
2023_16_IND_ATL,2023,16,2023-12-24T13:00-05:00,-0.9851650851296017,19.0,43.14705882352941,39.0,-17.676497640332546,15.706167470073343,False,25.018207282913167,61.27591036414566,True
2023_16_SEA_TEN,2023,16,2023-12-24T13:00-05:00,-0.9872892637636212,-3.0,43.54575163398693,37.0,-17.678621818966565,15.704043291439323,True,25.416900093370685,61.67460317460318,True
2023_16_WAS_NYJ,2023,16,2023-12-24T13:00-05:00,-1.3347741577176007,2.0,37.529411764705884,58.0,-18.026106712920544,15.356558397485344,True,19.400560224089638,55.65826330532213,False
2023_16_JAX_TB,2023,16,2023-12-24T16:05-05:00,2.1924364420025393,18.0,42.57309941520468,42.0,-14.498896113200406,18.883768997205483,True,24.444247874588434,60.70195095582093,True
2023_16_ARI_CHI,2023,16,2023-12-24T16:25-05:00,4.558939540343552,11.0,46.41176470588235,43.0,-12.132393014859392,21.250272095546496,True,28.282913165266102,64.54061624649859,True
2023_16_DAL_MIA,2023,16,2023-12-24T16:25-05:00,0.3931678686295018,2.0,47.20614035087719,42.0,-16.298164686573443,17.084500423832445,True,29.077288810260946,65.33499189149344,True
2023_16_NE_DEN,2023,16,2023-12-24T20:15-05:00,6.231116950300597,-3.0,39.91176470588235,49.0,-10.460215604902347,22.922449505503543,True,21.782913165266102,58.040616246498594,True
2023_16_LV_KC,2023,16,2023-12-25T13:00-05:00,9.689839147743964,-6.0,49.61176470588235,34.0,-7.00149340745898,26.381171702946908,True,31.482913165266105,67.7406162464986,True
2023_16_NYG_PHI,2023,16,2023-12-25T16:30-05:00,11.805831977808538,8.0,46.425,58.0,-4.8855005773944065,28.497164533011482,True,28.29614845938375,64.55385154061625,True
2023_16_BAL_SF,2023,16,2023-12-25T20:15-05:00,6.240683841795924,-14.0,41.111111111111114,52.0,-10.45064871340702,22.93201639699887,False,22.98225957049487,59.23996265172736,True
2023_17_NYJ_CLE,2023,17,2023-12-28T20:15-05:00,9.102950291922992,17.0,39.8235294117647,57.0,-7.588382263279952,25.794282847125935,True,21.694677871148457,57.95238095238095,True
2023_17_DET_DAL,2023,17,2023-12-30T20:15-05:00,4.949690285378571,1.0,49.171826625387,39.0,-11.741642269824373,21.641022840581513,True,31.042975084770752,67.30067816600325,True
2023_17_ARI_PHI,2023,17,2023-12-31T13:00-05:00,12.56441604764713,-4.0,47.63088235294118,66.0,-4.126916507555814,29.255748602850076,True,29.502030812324932,65.75973389355742,False
2023_17_ATL_CHI,2023,17,2023-12-31T13:00-05:00,2.4144535846002477,20.0,45.294117647058826,54.0,-14.276878970602697,19.105786139803193,False,27.16526610644258,63.42296918767507,True
2023_17_CAR_JAX,2023,17,2023-12-31T13:00-05:00,6.164635921796108,26.0,43.89009287925697,26.0,-10.526696633406836,22.855968476999053,False,25.761241338640723,62.018944419873215,True
2023_17_LA_NYG,2023,17,2023-12-31T13:00-05:00,-7.287724200627931,-1.0,42.32352941176471,51.0,-23.979056755830875,9.403608354575013,True,24.194677871148464,60.452380952380956,True
2023_17_LV_IND,2023,17,2023-12-31T13:00-05:00,0.37853916154482675,3.0,44.970588235294116,43.0,-16.31279339365812,17.06987171674777,True,26.84173669467787,63.09943977591036,True
2023_17_MIA_BAL,2023,17,2023-12-31T13:00-05:00,2.256634942909638,37.0,43.52777777777778,75.0,-14.434697612293306,18.947967498112583,False,25.398926237161533,61.656629318394025,False
2023_17_NE_BUF,2023,17,2023-12-31T13:00-05:00,13.978801136469146,6.0,44.32843137254902,48.0,-2.712531418733798,30.670133691672092,True,26.199579831932773,62.457282913165265,True
2023_17_NO_TB,2023,17,2023-12-31T13:00-05:00,2.5365328347449854,-10.0,39.74183006535948,36.0,-14.154799720457959,19.22786538994793,True,21.612978524743234,57.870681605975726,True
2023_17_SF_WAS,2023,17,2023-12-31T13:00-05:00,-11.71232794295057,-17.0,41.029411764705884,37.0,-28.403660498153513,4.979004612252375,True,22.900560224089638,59.15826330532213,True
2023_17_TEN_HOU,2023,17,2023-12-31T13:00-05:00,4.209972399821247,23.0,40.1764705882353,29.0,-12.481360155381697,20.90130495502419,False,22.04761904761905,58.30532212885154,True
2023_17_PIT_SEA,2023,17,2023-12-31T16:05-05:00,3.132266226409671,-7.0,43.45751633986928,53.0,-13.559066328793273,19.823598781612617,True,25.328664799253033,61.586367880485525,True
2023_17_CIN_KC,2023,17,2023-12-31T16:25-05:00,6.469118776222169,8.0,48.357894736842105,42.0,-10.222213778980775,23.160451331425115,True,30.22904319622586,66.48674627745835,True
2023_17_LAC_DEN,2023,17,2023-12-31T16:25-05:00,2.606150509266658,7.0,42.22222222222222,25.0,-14.085182045936286,19.297483064469603,True,24.093370681605975,60.35107376283847,True
2023_17_GB_MIN,2023,17,2023-12-31T20:20-05:00,-0.46945345645107084,-23.0,46.96078431372549,43.0,-17.160786011654015,16.221879098751874,False,28.831932773109244,65.08963585434174,True
2023_18_PIT_BAL,2023,18,2024-01-06T16:30-05:00,8.586192419287132,-7.0,38.84640522875817,27.0,-8.105140135915812,25.277524974490078,True,20.717553688141926,56.97525676937442,True
2023_18_HOU_IND,2023,18,2024-01-06T20:15-05:00,-1.533044375548247,-4.0,41.911764705882355,42.0,-18.22437693075119,15.158288179654697,True,23.78291316526611,60.0406162464986,True
2023_18_ATL_NO,2023,18,2024-01-07T13:00-05:00,6.417135707832409,31.0,41.94117647058823,65.0,-10.274196847370536,23.108468263035352,False,23.812324929971986,60.07002801120448,False
2023_18_CLE_CIN,2023,18,2024-01-07T13:00-05:00,1.2707104969324017,17.0,44.481424148606806,45.0,-15.420622058270542,17.962043052135346,True,26.35257260799056,62.61027568922305,True
2023_18_JAX_TEN,2023,18,2024-01-07T13:00-05:00,-3.4169059357603366,8.0,42.0077399380805,48.0,-20.10823849096328,13.274426619442607,True,23.87888839746425,60.136591478696744,True
2023_18_MIN_DET,2023,18,2024-01-07T13:00-05:00,7.896785312349351,10.0,51.049019607843135,50.0,-8.794547242853593,24.588117867552295,True,32.92016806722689,69.17787114845939,True
2023_18_NYJ_NE,2023,18,2024-01-07T13:00-05:00,5.4705842773847255,-14.0,38.91176470588235,20.0,-11.220748277818219,22.16191683258767,False,20.782913165266102,57.040616246498594,False
2023_18_TB_CAR,2023,18,2024-01-07T13:00-05:00,-4.580621888180494,-9.0,41.09477124183007,9.0,-21.27195444338344,12.110710667022449,True,22.96591970121382,59.22362278244631,False
2023_18_CHI_GB,2023,18,2024-01-07T16:25-05:00,3.0575167416842204,8.0,45.0,26.0,-13.633815813518723,19.748849296887165,True,26.871148459383754,63.128851540616246,False
2023_18_DAL_WAS,2023,18,2024-01-07T16:25-05:00,-10.354477983777496,-28.0,42.818885448916404,48.0,-27.04581053898044,6.336854571425448,False,24.69003390830016,60.94773698953265,True
2023_18_DEN_LV,2023,18,2024-01-07T16:25-05:00,2.9309322863552696,13.0,42.911764705882355,41.0,-13.760400268847675,19.622264841558213,True,24.78291316526611,61.0406162464986,True
2023_18_KC_LAC,2023,18,2024-01-07T16:25-05:00,-2.0943203223288624,-1.0,48.922222222222224,25.0,-18.785652877531806,14.597012232874082,True,30.79337068160598,67.05107376283847,False
2023_18_LA_SF,2023,18,2024-01-07T16:25-05:00,6.167459846580753,-1.0,41.82352941176471,41.0,-10.523872708622191,22.858792401783695,True,23.694677871148464,59.952380952380956,True
2023_18_PHI_NYG,2023,18,2024-01-07T16:25-05:00,-8.364880923671933,17.0,46.425,37.0,-25.056213478874877,8.326451631531011,False,28.29614845938375,64.55385154061625,True
2023_18_SEA_ARI,2023,18,2024-01-07T16:25-05:00,-0.22289934590900606,-1.0,47.4281045751634,41.0,-16.91423190111195,16.468433209293938,True,29.299253034547156,65.55695611577966,True
2023_18_BUF_MIA,2023,18,2024-01-07T20:20-05:00,-1.7882645515142133,-7.0,47.333333333333336,35.0,-18.479597106717158,14.90306800368873,True,29.20448179271709,65.46218487394958,True
2024_01_BAL_KC,2024,1,2024-09-05T20:20-04:00,2.00949902716724,7.0,41.542606516290725,47.0,-14.762154646427145,18.781152700761627,True,23.573856516290725,59.511356516290725,True
2024_01_GB_PHI,2024,1,2024-09-06T20:15-04:00,-2.5167321154053495,5.0,47.63450292397661,63.0,-19.288385788999737,14.254921558189036,True,29.665752923976612,65.60325292397661,True
2024_01_ARI_BUF,2024,1,2024-09-08T13:00-04:00,9.066776104787216,6.0,45.746130030959755,62.0,-7.70487756880717,25.838429778381602,True,27.777380030959755,63.714880030959755,True
2024_01_CAR_NO,2024,1,2024-09-08T13:00-04:00,10.201017105511736,37.0,40.61764705882353,57.0,-6.57063656808265,26.972670779106124,False,22.64889705882353,58.58639705882353,True
2024_01_HOU_IND,2024,1,2024-09-08T13:00-04:00,-1.266882090719632,-2.0,45.77399380804953,56.0,-18.03853576431402,15.504771582874755,True,27.805243808049532,63.74274380804953,True
2024_01_JAX_MIA,2024,1,2024-09-08T13:00-04:00,4.164980928248175,3.0,47.55555555555556,37.0,-12.606672745346211,20.936634601842563,True,29.586805555555557,65.52430555555556,True
2024_01_MIN_NYG,2024,1,2024-09-08T13:00-04:00,1.6873695058487832,-22.0,40.55882352941176,34.0,-15.084284167745603,18.459023179443168,False,22.59007352941176,58.52757352941176,True
2024_01_NE_CIN,2024,1,2024-09-08T13:00-04:00,5.182066861852448,-6.0,39.76470588235294,26.0,-11.589586811741938,21.953720535446834,True,21.795955882352942,57.73345588235294,True
2024_01_PIT_ATL,2024,1,2024-09-08T13:00-04:00,0.2632368266916626,-8.0,39.189542483660134,28.0,-16.508416846902723,17.03489050028605,True,21.220792483660134,57.158292483660134,True
2024_01_TEN_CHI,2024,1,2024-09-08T13:00-04:00,2.404192656844815,7.0,41.5,41.0,-14.367461016749571,19.1758463304392,True,23.53125,59.46875,True
2024_01_DEN_SEA,2024,1,2024-09-08T16:05-04:00,5.426676751638981,6.0,45.17647058823529,46.0,-11.344976921955405,22.198330425233365,True,27.20772058823529,63.14522058823529,True
2024_01_LV_LAC,2024,1,2024-09-08T16:05-04:00,0.8352207606109541,12.0,41.38235294117647,32.0,-15.936432912983433,17.60687443420534,True,23.41360294117647,59.35110294117647,True
2024_01_DAL_CLE,2024,1,2024-09-08T16:25-04:00,-3.8247825422624535,-16.0,47.80555555555556,50.0,-20.59643621585684,12.946871131331932,True,29.836805555555557,65.77430555555556,True
2024_01_WAS_TB,2024,1,2024-09-08T16:25-04:00,8.802090516158227,17.0,45.12229102167183,57.0,-7.969563157436159,25.573744189752613,True,27.153541021671828,63.09104102167183,True
2024_01_LA_DET,2024,1,2024-09-08T20:20-04:00,2.134437534434878,6.0,48.55,46.0,-14.63721613915951,18.906091208029263,True,30.581249999999997,66.51875,True
2024_01_NYJ_SF,2024,1,2024-09-09T20:15-04:00,8.256364628481375,13.0,41.97352941176471,51.0,-8.515289045113011,25.02801830207576,True,24.00477941176471,59.94227941176471,True
2024_02_BUF_MIA,2024,2,2024-09-12T20:15-04:00,-1.530775903285007,-21.0,48.21345029239766,41.0,-18.302429576879394,15.240877770309378,False,30.24470029239766,66.18220029239765,True
2024_02_CLE_JAX,2024,2,2024-09-15T13:00-04:00,2.9247632852070735,-5.0,44.69444444444444,31.0,-13.846890388387312,19.69641695880146,True,26.725694444444443,62.66319444444444,True
2024_02_IND_GB,2024,2,2024-09-15T13:00-04:00,3.4463049712637845,6.0,46.43188854489164,26.0,-13.3253487023306,20.21795864485817,True,28.463138544891642,64.40063854489165,False
2024_02_LAC_CAR,2024,2,2024-09-15T13:00-04:00,-7.022694882823388,-23.0,41.05882352941176,29.0,-23.794348556417773,9.748958790770999,True,23.09007352941176,59.02757352941176,True
2024_02_LV_BAL,2024,2,2024-09-15T13:00-04:00,7.896849991766982,-3.0,41.44736842105263,49.0,-8.874803681827405,24.668503665361367,True,23.47861842105263,59.41611842105263,True
2024_02_NO_DAL,2024,2,2024-09-15T13:00-04:00,3.2483289604046037,-25.0,46.552287581699346,63.0,-13.523324713189783,20.01998263399899,False,28.583537581699346,64.52103758169935,True
2024_02_NYG_WAS,2024,2,2024-09-15T13:00-04:00,0.6927345211269866,3.0,44.705882352941174,39.0,-16.0789191524674,17.464388194721373,True,26.737132352941174,62.674632352941174,True
2024_02_NYJ_TEN,2024,2,2024-09-15T13:00-04:00,-1.2099791808604388,-7.0,38.08823529411765,41.0,-17.981632854454826,15.561674492733948,True,20.119485294117652,56.05698529411765,True
2024_02_SEA_NE,2024,2,2024-09-15T13:00-04:00,1.031958110928814,-3.0,40.23529411764706,43.0,-15.739695562665572,17.8036117845232,True,22.266544117647058,58.20404411764706,True
2024_02_SF_MIN,2024,2,2024-09-15T13:00-04:00,-5.16558407213517,6.0,44.41470588235294,40.0,-21.937237745729554,11.606069601459216,True,26.44595588235294,62.38345588235294,True
2024_02_TB_DET,2024,2,2024-09-15T13:00-04:00,3.0192950016160243,-4.0,45.76052631578948,36.0,-13.752358671978362,19.79094867521041,True,27.791776315789477,63.72927631578948,True
2024_02_LA_ARI,2024,2,2024-09-15T16:05-04:00,-1.4933054381592537,31.0,46.088235294117645,51.0,-18.26495911175364,15.278348235435132,False,28.119485294117645,64.05698529411765,True
2024_02_CIN_KC,2024,2,2024-09-15T16:25-04:00,5.989416236858826,1.0,41.65406162464986,51.0,-10.78223743673556,22.761069910453212,True,23.685311624649863,59.62281162464986,True
2024_02_PIT_DEN,2024,2,2024-09-15T16:25-04:00,-3.459275010301517,-7.0,41.42483660130719,19.0,-20.230928683895904,13.312378663292868,True,23.45608660130719,59.39358660130719,False
2024_02_CHI_HOU,2024,2,2024-09-15T20:20-04:00,4.481711795758252,6.0,43.656346749226,32.0,-12.289941877836135,21.253365469352637,True,25.687596749226003,61.625096749226,True
2024_02_ATL_PHI,2024,2,2024-09-16T20:15-04:00,4.375287169204914,-1.0,45.46732026143791,43.0,-12.396366504389473,21.1469408427993,True,27.498570261437912,63.43607026143791,True
2024_03_NE_NYJ,2024,3,2024-09-19T20:15-04:00,2.158791242120723,21.0,36.029411764705884,27.0,-14.612862431473664,18.93044491571511,False,18.060661764705884,53.998161764705884,True
2024_03_CHI_IND,2024,3,2024-09-22T13:00-04:00,1.1699659920197796,5.0,45.588235294117645,37.0,-15.601687681574607,17.941619665614166,True,27.619485294117645,63.556985294117645,True
2024_03_DEN_TB,2024,3,2024-09-22T13:00-04:00,7.948501178645431,-19.0,42.857585139318886,33.0,-8.823152494948955,24.720154852239816,False,24.888835139318886,60.826335139318886,True
2024_03_GB_TEN,2024,3,2024-09-22T13:00-04:00,-4.1368815665552345,-16.0,42.343653250774,44.0,-20.90853524014962,12.63477210703915,True,24.374903250773997,60.312403250774,True
2024_03_HOU_MIN,2024,3,2024-09-22T13:00-04:00,-0.27940366885364254,27.0,42.68575851393189,41.0,-17.05105734244803,16.492250004740743,False,24.717008513931887,60.65450851393189,True
2024_03_LAC_PIT,2024,3,2024-09-22T13:00-04:00,2.944005687691961,10.0,40.66013071895425,30.0,-13.827647985902425,19.71565936128635,True,22.69138071895425,58.62888071895425,True
2024_03_NYG_CLE,2024,3,2024-09-22T13:00-04:00,3.559257236199551,-6.0,42.48856209150327,36.0,-13.212396437394835,20.330910909793936,True,24.51981209150327,60.45731209150327,True
2024_03_PHI_NO,2024,3,2024-09-22T13:00-04:00,7.082213164460939,-3.0,46.49673202614379,27.0,-9.689440509133448,23.853866838055325,True,28.52798202614379,64.46548202614379,False
2024_03_CAR_LV,2024,3,2024-09-22T16:05-04:00,6.861392762873745,-14.0,38.67647058823529,58.0,-9.910260910720641,23.63304643646813,False,20.70772058823529,56.64522058823529,False
2024_03_MIA_SEA,2024,3,2024-09-22T16:05-04:00,3.8652000194794423,21.0,48.08496732026144,27.0,-12.906453654114944,20.636853693073828,False,30.11621732026144,66.05371732026144,False
2024_03_BAL_DAL,2024,3,2024-09-22T16:25-04:00,1.8640431375023803,-3.0,47.058479532163744,53.0,-14.907610536092006,18.635696811096768,True,29.089729532163744,65.02722953216374,True
2024_03_DET_ARI,2024,3,2024-09-22T16:25-04:00,-1.039994956497598,-7.0,48.63823529411765,33.0,-17.811648630091984,15.731658717096789,True,30.66948529411765,66.60698529411765,True
2024_03_SF_LA,2024,3,2024-09-22T16:25-04:00,-3.7485401487417724,3.0,46.65,51.0,-20.520193822336157,13.023113524852613,True,28.68125,64.61875,True
2024_03_KC_ATL,2024,3,2024-09-22T20:20-04:00,-4.746606956016439,-5.0,40.00700280112045,39.0,-21.518260629610825,12.025046717577947,True,22.03825280112045,57.97575280112045,True
2024_03_JAX_BUF,2024,3,2024-09-23T19:30-04:00,10.459635640938242,37.0,44.65789473684211,57.0,-6.312018032656145,27.231289314532628,False,26.68914473684211,62.62664473684211,True
2024_03_WAS_CIN,2024,3,2024-09-23T20:15-04:00,6.768534531551552,-5.0,46.970588235294116,71.0,-10.003119142042834,23.540188205145938,True,29.001838235294116,64.93933823529412,False
2024_04_DAL_NYG,2024,4,2024-09-26T20:15-04:00,-4.4985434086732266,-5.0,44.90522875816993,35.0,-21.270197082267615,12.27311026492116,True,26.936478758169933,62.87397875816993,True
2024_04_CIN_CAR,2024,4,2024-09-29T13:00-04:00,-5.06713304026834,-10.0,41.23529411764706,58.0,-21.838786713862724,11.704520633326046,True,23.266544117647058,59.20404411764706,True
2024_04_DEN_NYJ,2024,4,2024-09-29T13:00-04:00,5.848881903745469,-1.0,40.970588235294116,19.0,-10.922771769848918,22.620535577339854,True,23.001838235294116,58.939338235294116,False
2024_04_JAX_HOU,2024,4,2024-09-29T13:00-04:00,4.156444002045951,4.0,43.921052631578945,44.0,-12.615209671548435,20.928097675640338,True,25.952302631578945,61.889802631578945,True
2024_04_LA_CHI,2024,4,2024-09-29T13:00-04:00,-1.177083414834454,6.0,44.73529411764706,42.0,-17.94873708842884,15.594570258759932,True,26.766544117647058,62.70404411764706,True
2024_04_MIN_GB,2024,4,2024-09-29T13:00-04:00,1.2020530777480716,-2.0,43.343653250774,60.0,-15.569600595846314,17.97370675134246,True,25.374903250773997,61.312403250774,True
2024_04_NO_ATL,2024,4,2024-09-29T13:00-04:00,-4.330927764414542,2.0,41.85294117647059,50.0,-21.10258143800893,12.440725909179843,True,23.884191176470587,59.82169117647059,True
2024_04_PHI_TB,2024,4,2024-09-29T13:00-04:00,0.4966088280392885,17.0,45.26608187134503,49.0,-16.275044845555097,17.268262501633675,True,27.29733187134503,63.23483187134503,True
2024_04_PIT_IND,2024,4,2024-09-29T13:00-04:00,-2.4506640116583593,3.0,42.630718954248366,51.0,-19.222317685252747,14.320989661936027,True,24.661968954248366,60.599468954248366,True
2024_04_NE_SF,2024,4,2024-09-29T16:05-04:00,9.32036731846057,17.0,41.35588235294118,43.0,-7.451286355133815,26.092020992054955,True,23.38713235294118,59.32463235294118,True
2024_04_WAS_ARI,2024,4,2024-09-29T16:05-04:00,2.521560149254965,-28.0,48.0,56.0,-14.250093524339421,19.293213822849353,False,30.03125,65.96875,True
2024_04_CLE_LV,2024,4,2024-09-29T16:25-04:00,1.4383374949720626,4.0,42.19444444444444,36.0,-15.333316178622324,18.20999116856645,True,24.225694444444443,60.16319444444444,True
2024_04_KC_LAC,2024,4,2024-09-29T16:25-04:00,-5.155986434870038,-7.0,41.477591036414566,27.0,-21.927640108464423,11.615667238724349,True,23.508841036414566,59.446341036414566,True
2024_04_BUF_BAL,2024,4,2024-09-29T20:20-04:00,-2.603548949912268,25.0,44.60526315789474,45.0,-19.375202623506652,14.168104723682118,False,26.63651315789474,62.57401315789474,True
2024_04_TEN_MIA,2024,4,2024-09-30T19:30-04:00,6.272467108585474,-19.0,45.3202614379085,43.0,-10.499186565008912,23.04412078217986,False,27.3515114379085,63.2890114379085,True
2024_04_SEA_DET,2024,4,2024-09-30T20:15-04:00,4.160178735457946,13.0,48.07941176470588,71.0,-12.611474938136439,20.931832409052333,True,30.11066176470588,66.04816176470588,False
2024_05_TB_ATL,2024,5,2024-10-03T20:15-04:00,-0.7609611421731792,6.0,40.62229102167183,66.0,-17.532614815767566,16.010692531421206,True,22.653541021671828,58.59104102167183,False
2024_05_NYJ_MIN,2024,5,2024-10-06T09:30-04:00,1.0800327259208626,6.0,39.088235294117645,40.0,-15.691620947673524,17.85168639951525,True,21.119485294117645,57.056985294117645,True
2024_05_BAL_CIN,2024,5,2024-10-06T13:00-04:00,-1.5211978399619017,-3.0,44.0061919504644,79.0,-18.292851513556286,15.250455833632484,True,26.037441950464398,61.9749419504644,False
2024_05_BUF_HOU,2024,5,2024-10-06T13:00-04:00,-4.968591585956103,3.0,44.578947368421055,43.0,-21.74024525955049,11.803062087638283,True,26.610197368421055,62.547697368421055,True
2024_05_CAR_CHI,2024,5,2024-10-06T13:00-04:00,4.431059255468928,26.0,40.91176470588235,46.0,-12.340594418125459,21.202712929063313,False,22.943014705882348,58.88051470588235,True
2024_05_CLE_WAS,2024,5,2024-10-06T13:00-04:00,5.521833926088332,21.0,47.6062091503268,47.0,-11.249819747506054,22.29348759968272,True,29.637459150326798,65.5749591503268,True
2024_05_IND_JAX,2024,5,2024-10-06T13:00-04:00,1.3599577717477485,3.0,45.85294117647059,71.0,-15.411695901846638,18.131611445342134,True,27.884191176470587,63.82169117647059,False
2024_05_MIA_NE,2024,5,2024-10-06T13:00-04:00,1.0718069260604333,-5.0,43.26143790849673,25.0,-15.699846747533954,17.84346059965482,True,25.29268790849673,61.23018790849673,False
2024_05_ARI_SF,2024,5,2024-10-06T16:05-04:00,9.197624743726015,-1.0,46.73823529411764,47.0,-7.574028929868371,25.969278417320403,True,28.769485294117644,64.70698529411764,True
2024_05_LV_DEN,2024,5,2024-10-06T16:05-04:00,1.7963894440158872,16.0,42.14705882352941,52.0,-14.9752642295785,18.568043117610273,True,24.178308823529413,60.11580882352941,True
2024_05_GB_LA,2024,5,2024-10-06T16:25-04:00,-1.521673986997634,-5.0,45.578947368421055,43.0,-18.29332766059202,15.249979686596753,True,27.610197368421055,63.547697368421055,True
2024_05_NYG_SEA,2024,5,2024-10-06T16:25-04:00,4.26527282017616,-9.0,42.3235294117647,49.0,-12.506380853418225,21.036926493770547,True,24.354779411764703,60.2922794117647,True
2024_05_DAL_PIT,2024,5,2024-10-06T20:20-04:00,-1.5784112118285087,-3.0,43.888888888888886,37.0,-18.350064885422896,15.193242461765877,True,25.920138888888886,61.857638888888886,True
2024_05_NO_KC,2024,5,2024-10-07T20:15-04:00,2.779063710632016,13.0,41.036414565826334,39.0,-13.99258996296237,19.550717384226402,True,23.067664565826334,59.005164565826334,True
2024_06_SF_SEA,2024,6,2024-10-10T20:15-04:00,-3.6798858683799454,-12.0,46.17941176470588,60.0,-20.45153954197433,13.091767805214442,True,28.210661764705883,64.14816176470589,True
2024_06_JAX_CHI,2024,6,2024-10-13T09:30-04:00,2.0388067137900947,19.0,43.73529411764706,51.0,-14.732846959804291,18.81046038738448,False,25.766544117647058,61.70404411764706,True
2024_06_ARI_GB,2024,6,2024-10-13T13:00-04:00,5.308847824317432,21.0,45.6671826625387,47.0,-11.462805849276954,22.08050149791182,True,27.6984326625387,63.6359326625387,True
2024_06_CLE_PHI,2024,6,2024-10-13T13:00-04:00,6.347813210353766,4.0,47.75,36.0,-10.42384046324062,23.119466883948153,True,29.78125,65.71875,True
2024_06_HOU_NE,2024,6,2024-10-13T13:00-04:00,-4.4185171888173045,-20.0,39.626934984520126,62.0,-21.19017086241169,12.353136484777082,True,21.658184984520126,57.595684984520126,False
2024_06_IND_TEN,2024,6,2024-10-13T13:00-04:00,-1.8180622770166492,-3.0,43.61764705882353,37.0,-18.589715950611037,14.953591396577737,True,25.64889705882353,61.58639705882353,True
2024_06_TB_NO,2024,6,2024-10-13T13:00-04:00,-0.26519140452733003,-24.0,41.65170278637771,78.0,-17.036845078121715,16.506462269067057,False,23.68295278637771,59.62045278637771,False
2024_06_WAS_BAL,2024,6,2024-10-13T13:00-04:00,5.645218326509149,7.0,46.859133126934985,53.0,-11.126435347085238,22.416872000103535,True,28.890383126934985,64.82788312693498,True
2024_06_LAC_DEN,2024,6,2024-10-13T16:05-04:00,-0.8688104140492712,-7.0,44.529411764705884,39.0,-17.640464087643657,15.902843259545115,True,26.560661764705884,62.498161764705884,True
2024_06_PIT_LV,2024,6,2024-10-13T16:05-04:00,-3.1611870814498326,-19.0,38.27777777777778,45.0,-19.932840755044218,13.610466592144554,True,20.30902777777778,56.24652777777778,True
2024_06_ATL_CAR,2024,6,2024-10-13T16:25-04:00,-4.448119264190779,-18.0,39.588235294117645,58.0,-21.219772937785166,12.323534409403607,True,21.619485294117645,57.556985294117645,False
2024_06_DET_DAL,2024,6,2024-10-13T16:25-04:00,1.8590704915286826,-38.0,50.66111111111111,56.0,-14.912583182065703,18.63072416512307,False,32.69236111111111,68.62986111111111,True
2024_06_CIN_NYG,2024,6,2024-10-13T20:20-04:00,-2.73712179283838,-10.0,41.85294117647059,24.0,-19.508775466432766,14.034531880756006,True,23.884191176470587,59.82169117647059,True
2024_06_BUF_NYJ,2024,6,2024-10-14T20:15-04:00,-5.301107667172362,-3.0,40.98142414860681,43.0,-22.072761340766746,11.470546006422024,True,23.012674148606813,58.95017414860681,True
2024_07_DEN_NO,2024,7,2024-10-17T20:15-04:00,2.8117774832705393,-23.0,44.088235294117645,43.0,-13.959876190323847,19.583431156864926,False,26.119485294117645,62.056985294117645,True
2024_07_NE_JAX,2024,7,2024-10-20T09:30-04:00,4.729076116076333,16.0,39.705882352941174,48.0,-12.042577557518054,21.500729789670718,True,21.737132352941174,57.674632352941174,True
2024_07_CIN_CLE,2024,7,2024-10-20T13:00-04:00,-6.236465829220604,-7.0,44.75326797385621,35.0,-23.008119502814992,10.535187844373782,True,26.78451797385621,62.72201797385621,True
2024_07_DET_MIN,2024,7,2024-10-20T13:00-04:00,-1.9664021391972872,-2.0,46.31470588235294,60.0,-18.738055812791675,14.8052515343971,True,28.34595588235294,64.28345588235294,True
2024_07_HOU_GB,2024,7,2024-10-20T13:00-04:00,4.592284308658181,2.0,44.5,46.0,-12.179369364936205,21.363937982252565,True,26.53125,62.46875,True
2024_07_MIA_IND,2024,7,2024-10-20T13:00-04:00,4.6596337681539595,6.0,49.408496732026144,26.0,-12.112019905440427,21.431287441748346,True,31.439746732026144,67.37724673202615,False
2024_07_PHI_NYG,2024,7,2024-10-20T13:00-04:00,-0.6588893509434517,-25.0,44.84967320261438,31.0,-17.430543024537837,16.112764322650936,False,26.880923202614383,62.81842320261438,True
2024_07_SEA_ATL,2024,7,2024-10-20T13:00-04:00,3.7692900913023637,-20.0,42.94117647058823,48.0,-13.002363582292023,20.54094376489675,False,24.972426470588232,60.90992647058823,True
2024_07_TEN_BUF,2024,7,2024-10-20T13:00-04:00,12.071112776306267,24.0,42.42260061919505,44.0,-4.7005408972881195,28.84276644990065,True,24.45385061919505,60.39135061919505,True
2024_07_CAR_WAS,2024,7,2024-10-20T16:05-04:00,10.856406331530447,33.0,44.088235294117645,47.0,-5.915247342063939,27.628060005124834,False,26.119485294117645,62.056985294117645,True
2024_07_LV_LA,2024,7,2024-10-20T16:05-04:00,6.923234545547782,5.0,42.5,35.0,-9.848419128046604,23.694888219142168,True,24.53125,60.46875,True
2024_07_KC_SF,2024,7,2024-10-20T16:25-04:00,1.999946942502637,-10.0,43.24523809523809,46.0,-14.771706731091749,18.77160061609702,True,25.276488095238093,61.21398809523809,True
2024_07_NYJ_PIT,2024,7,2024-10-20T20:20-04:00,4.512247382974184,22.0,37.10130718954248,52.0,-12.259406290620202,21.28390105656857,False,19.13255718954248,55.07005718954248,True
2024_07_BAL_TB,2024,7,2024-10-21T20:15-04:00,-1.0151859765167544,-10.0,42.1578947368421,72.0,-17.78683965011114,15.756467697077632,True,24.189144736842103,60.1266447368421,False
2024_07_LAC_ARI,2024,7,2024-10-21T21:00-04:00,-0.1289088220168873,2.0,44.970588235294116,32.0,-16.900562495611272,16.6427448515775,True,27.001838235294116,62.939338235294116,True
2024_08_MIN_LA,2024,8,2024-10-24T20:15-04:00,0.45015999823017067,10.0,43.76470588235294,50.0,-16.321493675364216,17.221813671824556,True,25.795955882352942,61.73345588235294,True
2024_08_ARI_MIA,2024,8,2024-10-27T13:00-04:00,-4.05958069718251,-1.0,48.6437908496732,55.0,-20.831234370776897,12.712072976411875,True,30.675040849673202,66.6125408496732,True
2024_08_ATL_TB,2024,8,2024-10-27T13:00-04:00,4.5778577103222835,-5.0,40.62229102167183,57.0,-12.193795963272102,21.34951138391667,True,22.653541021671828,58.59104102167183,True
2024_08_BAL_CLE,2024,8,2024-10-27T13:00-04:00,-9.472078853702808,5.0,44.64181286549707,53.0,-26.243732527297194,7.299574819891578,True,26.673062865497073,62.61056286549707,True
2024_08_GB_JAX,2024,8,2024-10-27T13:00-04:00,-3.747872478165287,-3.0,44.578947368421055,57.0,-20.519526151759674,13.023781195429098,True,26.610197368421055,62.547697368421055,True
2024_08_IND_HOU,2024,8,2024-10-27T13:00-04:00,4.790613081784942,3.0,45.77399380804953,43.0,-11.981040591809444,21.562266755379326,True,27.805243808049532,63.74274380804953,True
2024_08_NYJ_NE,2024,8,2024-10-27T13:00-04:00,-3.784425309431994,3.0,36.029411764705884,47.0,-20.55607898302638,12.987228364162393,True,18.060661764705884,53.998161764705884,True
2024_08_PHI_CIN,2024,8,2024-10-27T13:00-04:00,3.651250658990456,-20.0,47.114379084967325,54.0,-13.12040301460393,20.422904332584842,False,29.145629084967325,65.08312908496733,True
2024_08_TEN_DET,2024,8,2024-10-27T13:00-04:00,12.08406295725809,38.0,45.31470588235294,66.0,-4.687590716336295,28.855716630852477,False,27.34595588235294,63.28345588235294,False
2024_08_BUF_SEA,2024,8,2024-10-27T16:05-04:00,-5.54320601361796,-21.0,45.18730650154799,41.0,-22.314859687212348,11.228447659976426,True,27.218556501547987,63.15605650154799,True
2024_08_NO_LAC,2024,8,2024-10-27T16:05-04:00,6.36314450395638,18.0,43.3235294117647,34.0,-10.408509169638005,23.134798177550767,True,25.354779411764703,61.2922794117647,True
2024_08_CAR_DEN,2024,8,2024-10-27T16:25-04:00,11.250771193708982,14.0,41.8235294117647,42.0,-5.520882479885405,28.022424867303368,True,23.854779411764703,59.7922794117647,True
2024_08_CHI_WAS,2024,8,2024-10-27T16:25-04:00,0.1142054931331149,3.0,46.647058823529406,33.0,-16.657448180461273,16.8858591667275,True,28.678308823529406,64.6158088235294,True
2024_08_KC_LV,2024,8,2024-10-27T16:25-04:00,-6.503205378546058,-7.0,39.095238095238095,47.0,-23.274859052140442,10.268448295048328,True,21.126488095238095,57.063988095238095,True
2024_08_DAL_SF,2024,8,2024-10-27T20:20-04:00,4.326512114083432,6.0,48.76111111111111,54.0,-12.445141559510954,21.098165787677818,True,30.792361111111113,66.72986111111112,True
2024_08_NYG_PIT,2024,8,2024-10-28T20:15-04:00,9.72547586504245,8.0,38.5718954248366,44.0,-7.046177808551937,26.497129538636834,True,20.603145424836597,56.5406454248366,True
2024_09_HOU_NYJ,2024,9,2024-10-31T20:15-04:00,-1.850021400785853,8.0,40.244582043343655,34.0,-18.62167507438024,14.921632272808534,True,22.275832043343655,58.213332043343655,True
2024_09_DAL_ATL,2024,9,2024-11-03T13:00-05:00,1.0139123674323114,6.0,45.52287581699346,48.0,-15.757741306162075,17.785566041026698,True,27.554125816993462,63.49162581699346,True
2024_09_DEN_BAL,2024,9,2024-11-03T13:00-05:00,6.860907242908511,31.0,44.59442724458204,51.0,-9.910746430685876,23.632560916502896,False,26.625677244582043,62.56317724458204,True
2024_09_LAC_CLE,2024,9,2024-11-03T13:00-05:00,-3.577519002756483,-17.0,44.576797385620914,37.0,-20.349172676350868,13.194134670837903,True,26.608047385620914,62.545547385620914,True
2024_09_LV_CIN,2024,9,2024-11-03T13:00-05:00,8.561250662832785,17.0,41.55882352941177,65.0,-8.2104030107616,25.33290433642717,True,23.590073529411768,59.52757352941177,False
2024_09_MIA_BUF,2024,9,2024-11-03T13:00-05:00,12.307703264728477,3.0,48.21345029239766,57.0,-4.463950408865909,29.079356938322864,True,30.24470029239766,66.18220029239765,True
2024_09_NE_TEN,2024,9,2024-11-03T13:00-05:00,1.2232830781189226,3.0,37.470588235294116,37.0,-15.548370595475463,17.994936751713308,True,19.501838235294116,55.439338235294116,True
2024_09_NO_CAR,2024,9,2024-11-03T13:00-05:00,-5.459020614027523,1.0,40.61764705882353,45.0,-22.23067428762191,11.312633059566863,True,22.64889705882353,58.58639705882353,True
2024_09_WAS_NYG,2024,9,2024-11-03T13:00-05:00,-3.5741437454535285,-5.0,44.705882352941174,49.0,-20.345797419047916,13.197509928140857,True,26.737132352941174,62.674632352941174,True
2024_09_CHI_ARI,2024,9,2024-11-03T16:05-05:00,1.1160187028195216,20.0,44.8235294117647,38.0,-15.655634970774864,17.887672376413907,False,26.854779411764703,62.7922794117647,True
2024_09_JAX_PHI,2024,9,2024-11-03T16:05-05:00,5.973834126250391,5.0,47.05555555555556,51.0,-10.797819547343995,22.745487799844778,True,29.086805555555557,65.02430555555556,True
2024_09_DET_GB,2024,9,2024-11-03T16:25-05:00,-2.779894472031433,-10.0,48.12894736842105,38.0,-19.55154814562582,13.991759201562953,True,30.160197368421052,66.09769736842105,True
2024_09_LA_SEA,2024,9,2024-11-03T16:25-05:00,-0.5608418419350167,-6.0,45.529411764705884,46.0,-17.332495515529402,16.21081183165937,True,27.560661764705884,63.498161764705884,True
2024_09_IND_MIN,2024,9,2024-11-03T20:20-05:00,4.133578515846881,8.0,44.61764705882353,34.0,-12.638075157747505,20.905232189441268,True,26.64889705882353,62.58639705882353,True
2024_09_TB_KC,2024,9,2024-11-04T20:15-05:00,6.65061109485072,6.0,39.80576441102757,54.0,-10.121042578743666,23.422264768445107,True,21.837014411027567,57.77451441102757,True
2024_10_CIN_BAL,2024,10,2024-11-07T20:15-05:00,5.619692731277029,1.0,44.0061919504644,69.0,-11.151960942317357,22.391346404871413,True,26.037441950464398,61.9749419504644,False
2024_10_NYG_CAR,2024,10,2024-11-10T09:30-05:00,-4.24178065731215,3.0,38.970588235294116,37.0,-21.013434330906534,12.529873016282236,True,21.001838235294116,56.939338235294116,True
2024_10_ATL_NO,2024,10,2024-11-10T13:00-05:00,-0.5636004876986525,3.0,41.85294117647059,37.0,-17.33525416129304,16.208053185895732,True,23.884191176470587,59.82169117647059,True
2024_10_BUF_IND,2024,10,2024-11-10T13:00-05:00,-8.938892925689174,-10.0,46.51083591331269,50.0,-25.71054659928356,7.832760747905212,True,28.54208591331269,64.47958591331269,True
2024_10_DEN_KC,2024,10,2024-11-10T13:00-05:00,10.12574674302974,2.0,42.24229691876751,30.0,-6.645906930564646,26.897400416624127,True,24.273546918767508,60.21104691876751,True
2024_10_MIN_JAX,2024,10,2024-11-10T13:00-05:00,-3.356563713890803,-5.0,42.76470588235294,19.0,-20.12821738748519,13.415089959703582,True,24.795955882352942,60.73345588235294,False
2024_10_NE_CHI,2024,10,2024-11-10T13:00-05:00,8.059747316086707,-16.0,39.44117647058823,22.0,-8.71190635750768,24.831400989681093,False,21.472426470588232,57.40992647058823,True
2024_10_PIT_WAS,2024,10,2024-11-10T13:00-05:00,-0.8937713885396096,-1.0,43.68954248366013,55.0,-17.665425062133995,15.877882285054776,True,25.720792483660126,61.65829248366013,True
2024_10_SF_TB,2024,10,2024-11-10T13:00-05:00,-2.5855570855307337,-3.0,43.86052631578947,43.0,-19.35721075912512,14.186096588063652,True,25.89177631578947,61.82927631578947,True
2024_10_TEN_LAC,2024,10,2024-11-10T16:05-05:00,9.869668537477782,10.0,41.64705882352941,44.0,-6.901985136116604,26.64132221107217,True,23.678308823529413,59.61580882352941,True
2024_10_NYJ_ARI,2024,10,2024-11-10T16:25-05:00,3.8015198191487913,25.0,41.411764705882355,37.0,-12.970133854445596,20.573173492743177,False,23.443014705882355,59.380514705882355,True
2024_10_PHI_DAL,2024,10,2024-11-10T16:25-05:00,-3.029701036140665,-28.0,50.16666666666667,40.0,-19.80135470973505,13.741952637453721,False,32.19791666666667,68.13541666666667,True
2024_10_DET_HOU,2024,10,2024-11-10T20:20-05:00,-3.4849174315192997,-3.0,47.47105263157895,49.0,-20.256571105113686,13.286736242075087,True,29.50230263157895,65.43980263157894,True
2024_10_MIA_LA,2024,10,2024-11-11T20:15-05:00,3.6585295522751564,-8.0,48.55555555555556,38.0,-13.11312412131923,20.43018322586954,True,30.586805555555557,66.52430555555556,True
2024_11_WAS_PHI,2024,11,2024-11-14T20:15-05:00,4.7719002322198625,8.0,49.967320261437905,44.0,-11.999753441374523,21.54355390581425,True,31.998570261437905,67.9360702614379,True
2024_11_BAL_PIT,2024,11,2024-11-17T13:00-05:00,-2.9203281020272347,2.0,40.72514619883041,34.0,-19.69198177562162,13.851325571567152,True,22.75639619883041,58.69389619883041,True
2024_11_CLE_NO,2024,11,2024-11-17T13:00-05:00,4.890420900611362,21.0,44.13562091503268,49.0,-11.881232772983024,21.662074574205747,True,26.166870915032682,62.10437091503268,True
2024_11_GB_CHI,2024,11,2024-11-17T13:00-05:00,-4.053592945639384,-1.0,44.31424148606811,39.0,-20.82524661923377,12.718060727955002,True,26.345491486068113,62.28299148606811,True
2024_11_IND_NYJ,2024,11,2024-11-17T13:00-05:00,2.8733693470585604,-1.0,42.17647058823529,55.0,-13.898284326535826,19.645023020652946,True,24.20772058823529,60.14522058823529,True
2024_11_JAX_DET,2024,11,2024-11-17T13:00-05:00,12.58859324524489,46.0,47.55,58.0,-4.183060428349496,29.360246918839277,False,29.581249999999997,65.51875,True
2024_11_LA_NE,2024,11,2024-11-17T13:00-05:00,-4.254275838874477,-6.0,40.705882352941174,50.0,-21.025929512468863,12.517377834719909,True,22.737132352941174,58.674632352941174,True
2024_11_LV_MIA,2024,11,2024-11-17T13:00-05:00,7.053763745750073,15.0,45.05555555555556,53.0,-9.717889927844313,23.82541741934446,True,27.086805555555557,63.02430555555556,True
2024_11_MIN_TEN,2024,11,2024-11-17T13:00-05:00,-6.6784265118436394,-10.0,40.529411764705884,36.0,-23.450080185438026,10.093227161750747,True,22.560661764705884,58.498161764705884,True
2024_11_ATL_DEN,2024,11,2024-11-17T16:05-05:00,0.12506118613890482,32.0,43.05882352941177,44.0,-16.646592487455482,16.89671485973329,False,25.090073529411768,61.02757352941177,True
2024_11_SEA_SF,2024,11,2024-11-17T16:05-05:00,9.486260526855034,-3.0,46.17941176470588,37.0,-7.285393146739352,26.25791420044942,True,28.210661764705883,64.14816176470589,True
2024_11_KC_BUF,2024,11,2024-11-17T16:25-05:00,4.353338117480974,9.0,42.2531328320802,51.0,-12.418315556113413,21.12499179107536,True,24.284382832080198,60.2218828320802,True
2024_11_CIN_LAC,2024,11,2024-11-17T20:20-05:00,1.0090607778707303,7.0,43.94117647058823,61.0,-15.762592895723657,17.780714451465116,True,25.972426470588232,61.90992647058823,True
2024_11_HOU_DAL,2024,11,2024-11-18T20:15-05:00,-3.847966837454928,-24.0,47.03216374269006,44.0,-20.619620511049312,12.923686836139458,False,29.06341374269006,65.00091374269006,True
2024_12_PIT_CLE,2024,12,2024-11-21T20:15-05:00,-6.482758167257637,5.0,41.47222222222222,43.0,-23.254411840852022,10.28889550633675,True,23.50347222222222,59.44097222222222,True
2024_12_DAL_WAS,2024,12,2024-11-24T13:00-05:00,7.481208002703919,-8.0,50.02287581699346,60.0,-9.290445670890467,24.252861676298306,True,32.05412581699346,67.99162581699346,True
2024_12_DET_IND,2024,12,2024-11-24T13:00-05:00,-10.147640628858943,-18.0,49.40294117647059,30.0,-26.91929430245333,6.6240130447354435,True,31.43419117647059,67.37169117647059,False
2024_12_KC_CAR,2024,12,2024-11-24T13:00-05:00,-10.409224016553662,-3.0,38.77170868347339,57.0,-27.180877690148048,6.362429657040725,True,20.802958683473392,56.74045868347339,False
2024_12_MIN_CHI,2024,12,2024-11-24T13:00-05:00,-1.9209353809885465,-3.0,42.5,57.0,-18.692589054582932,14.85071829260584,True,24.53125,60.46875,True
2024_12_NE_MIA,2024,12,2024-11-24T13:00-05:00,7.879610611270067,19.0,43.26143790849673,49.0,-8.89204306232432,24.651264284864453,True,25.29268790849673,61.23018790849673,True
2024_12_TB_NYG,2024,12,2024-11-24T13:00-05:00,-5.45953724139781,-23.0,40.0046439628483,37.0,-22.231190914992197,11.312116432196575,False,22.0358939628483,57.9733939628483,True
2024_12_TEN_HOU,2024,12,2024-11-24T13:00-05:00,11.578806420267167,-5.0,41.68575851393189,59.0,-5.192847253327219,28.350460093861553,True,23.717008513931887,59.65450851393189,True
2024_12_DEN_LV,2024,12,2024-11-24T16:05-05:00,-5.614643200868283,-10.0,42.14705882352941,48.0,-22.38629687446267,11.157010472726103,True,24.178308823529413,60.11580882352941,True
2024_12_ARI_SEA,2024,12,2024-11-24T16:25-05:00,-3.6836193641463986,10.0,45.61764705882353,22.0,-20.455273037740785,13.088034309447988,True,27.64889705882353,63.58639705882353,False
2024_12_SF_GB,2024,12,2024-11-24T16:25-05:00,3.7221808794238562,28.0,46.22894736842105,48.0,-13.04947279417053,20.493834553018242,False,28.260197368421053,64.19769736842105,True
2024_12_PHI_LA,2024,12,2024-11-24T20:20-05:00,-1.6328765608508893,-17.0,48.05555555555556,57.0,-18.404530234445275,15.138777112743497,True,30.086805555555557,66.02430555555556,True
2024_12_BAL_LAC,2024,12,2024-11-25T20:15-05:00,-3.1401547990453924,-7.0,43.8297213622291,53.0,-19.911808472639777,13.631498874548994,True,25.8609713622291,61.7984713622291,True
2024_13_CHI_DET,2024,13,2024-11-28T12:30-05:00,11.011717504065505,3.0,47.285294117647055,43.0,-5.759936169528881,27.78337117765989,True,29.316544117647055,65.25404411764706,True
2024_13_NYG_DAL,2024,13,2024-11-28T16:30-05:00,4.906006075505814,7.0,44.90522875816993,47.0,-11.865647598088572,21.6776597491002,True,26.936478758169933,62.87397875816993,True
2024_13_MIA_GB,2024,13,2024-11-28T20:20-05:00,4.028340948314171,13.0,48.13450292397661,47.0,-12.743312725280216,20.799994621908557,True,30.165752923976612,66.10325292397661,True
2024_13_LV_KC,2024,13,2024-11-29T15:00-05:00,9.740920210958057,2.0,39.095238095238095,36.0,-7.030733462636329,26.512573884552445,True,21.126488095238095,57.063988095238095,True
2024_13_ARI_MIN,2024,13,2024-12-01T13:00-05:00,1.7792094651268084,1.0,43.85294117647059,45.0,-14.992444208467578,18.550863138721194,True,25.884191176470587,61.82169117647059,True
2024_13_HOU_JAX,2024,13,2024-12-01T13:00-05:00,-6.576411056231527,-3.0,43.921052631578945,43.0,-23.348064729825914,10.195242617362858,True,25.952302631578945,61.889802631578945,True
2024_13_IND_NE,2024,13,2024-12-01T13:00-05:00,-0.5218281439850994,-1.0,41.55882352941177,49.0,-17.293481817579487,16.249825529609286,True,23.590073529411768,59.52757352941177,True
2024_13_LAC_ATL,2024,13,2024-12-01T13:00-05:00,-1.2657788678208317,-4.0,42.294117647058826,30.0,-18.037432541415217,15.505874805773555,True,24.325367647058826,60.262867647058826,True
2024_13_PIT_CIN,2024,13,2024-12-01T13:00-05:00,2.624986549156482,-6.0,40.83660130718954,82.0,-14.146667124437904,19.396640222750868,True,22.86785130718954,58.80535130718954,False
2024_13_SEA_NYJ,2024,13,2024-12-01T13:00-05:00,1.4319565057865362,-5.0,40.85294117647059,47.0,-15.33969716780785,18.203610179380924,True,22.884191176470587,58.82169117647059,True
2024_13_TEN_WAS,2024,13,2024-12-01T13:00-05:00,8.303615035888823,23.0,44.67647058823529,61.0,-8.468038637705563,25.07526870948321,True,26.70772058823529,62.64522058823529,True
2024_13_LA_NO,2024,13,2024-12-01T16:05-05:00,2.1077075811316237,-7.0,44.44117647058823,35.0,-14.663946092462762,18.87936125472601,True,26.472426470588232,62.40992647058823,True
2024_13_TB_CAR,2024,13,2024-12-01T16:05-05:00,-8.948852335624657,-3.0,39.38699690402477,49.0,-25.720506009219044,7.822801337969729,True,21.41824690402477,57.35574690402477,True
2024_13_PHI_BAL,2024,13,2024-12-01T16:25-05:00,3.4433650267268243,-5.0,47.00292397660819,43.0,-13.328288646867563,20.21501870032121,True,29.034173976608187,64.97167397660819,True
2024_13_SF_BUF,2024,13,2024-12-01T20:20-05:00,14.304274758377197,25.0,46.30789473684211,45.0,-2.467378915217189,31.075928431971583,True,28.33914473684211,64.27664473684212,True
2024_13_CLE_DEN,2024,13,2024-12-02T20:15-05:00,8.064807814963913,9.0,45.341503267973856,73.0,-8.706845858630473,24.8364614885583,True,27.372753267973856,63.310253267973856,False
2024_14_GB_DET,2024,14,2024-12-05T20:15-05:00,4.669512194772312,3.0,48.12894736842105,65.0,-12.102141478822073,21.4411658683667,True,30.160197368421052,66.09769736842105,True
2024_14_ATL_MIN,2024,14,2024-12-08T13:00-05:00,5.11296915647369,21.0,41.17647058823529,63.0,-11.658684517120697,21.884622830068075,True,23.20772058823529,59.14522058823529,False
2024_14_CAR_PHI,2024,14,2024-12-08T13:00-05:00,13.926033326875906,6.0,44.23202614379085,38.0,-2.84562034671848,30.697687000470292,True,26.263276143790847,62.20077614379085,True
2024_14_CLE_PIT,2024,14,2024-12-08T13:00-05:00,8.783857997623379,13.0,41.47222222222222,41.0,-7.987795675971007,25.555511671217765,True,23.50347222222222,59.44097222222222,True
2024_14_JAX_TEN,2024,14,2024-12-08T13:00-05:00,-0.24585900280503364,-4.0,41.76470588235294,16.0,-17.01751267639942,16.525794670789352,True,23.795955882352942,59.73345588235294,False
2024_14_LV_TB,2024,14,2024-12-08T13:00-05:00,8.115536840457338,15.0,39.71052631578947,41.0,-8.656116833137048,24.887190514051724,True,21.741776315789473,57.67927631578947,True
2024_14_NO_NYG,2024,14,2024-12-08T13:00-05:00,-3.9057484502357247,-3.0,41.23529411764706,25.0,-20.67740212383011,12.865905223358661,True,23.266544117647058,59.20404411764706,True
2024_14_NYJ_MIA,2024,14,2024-12-08T13:00-05:00,5.699023275101332,6.0,43.87908496732026,58.0,-11.072630398493054,22.47067694869572,True,25.91033496732026,61.84783496732026,True
2024_14_SEA_ARI,2024,14,2024-12-08T16:05-05:00,4.816261174578962,-12.0,45.61764705882353,48.0,-11.955392499015424,21.587914848173348,False,27.64889705882353,63.58639705882353,True
2024_14_BUF_LA,2024,14,2024-12-08T16:25-05:00,-8.40356209324748,2.0,45.65789473684211,86.0,-25.175215766841866,8.368091580346906,True,27.68914473684211,63.62664473684211,False
2024_14_CHI_SF,2024,14,2024-12-08T16:25-05:00,4.2369257176247785,25.0,45.38529411764706,51.0,-12.534727955969608,21.008579391219165,False,27.416544117647057,63.35404411764706,True
2024_14_LAC_KC,2024,14,2024-12-08T20:20-05:00,3.507201105239277,2.0,41.477591036414566,36.0,-13.264452568355109,20.27885477883366,True,23.508841036414566,59.446341036414566,True
2024_14_CIN_DAL,2024,14,2024-12-09T20:15-05:00,-3.4134961525717835,-7.0,47.16993464052288,47.0,-20.18514982616617,13.358157521022603,True,29.201184640522882,65.13868464052288,True
2024_15_LA_SF,2024,15,2024-12-12T20:15-05:00,4.816791224305771,-6.0,46.65,18.0,-11.954862449288616,21.588444897900157,True,28.68125,64.61875,False
2024_15_BAL_NYG,2024,15,2024-12-15T13:00-05:00,-11.447369090497038,-21.0,41.741486068111456,49.0,-28.219022764091424,5.324284583097349,True,23.772736068111456,59.710236068111456,True
2024_15_CIN_TEN,2024,15,2024-12-15T13:00-05:00,-6.960873613697784,-10.0,41.82352941176471,64.0,-23.73252728729217,9.810780059896603,True,23.85477941176471,59.79227941176471,False
2024_15_DAL_CAR,2024,15,2024-12-15T13:00-05:00,-0.48352160801739075,-16.0,44.287581699346404,44.0,-17.255175281611777,16.288132065576995,True,26.318831699346404,62.256331699346404,True
2024_15_KC_CLE,2024,15,2024-12-15T13:00-05:00,-6.563648493004631,-14.0,42.28968253968254,28.0,-23.335302166599018,10.208005180589755,True,24.320932539682538,60.25843253968254,True
2024_15_MIA_HOU,2024,15,2024-12-15T13:00-05:00,2.65989601203259,8.0,47.4766081871345,32.0,-14.111757661561796,19.431549685626976,True,29.507858187134502,65.4453581871345,True
2024_15_NYJ_JAX,2024,15,2024-12-15T13:00-05:00,-1.3497367045965818,-7.0,40.32352941176471,57.0,-18.121390378190966,15.421916968997804,True,22.35477941176471,58.29227941176471,True
2024_15_WAS_NO,2024,15,2024-12-15T13:00-05:00,-5.159955973248213,-1.0,46.35294117647059,39.0,-21.9316096468426,11.611697700346173,True,28.384191176470587,64.32169117647058,True
2024_15_BUF_DET,2024,15,2024-12-15T16:25-05:00,-0.5105366361534087,-6.0,48.20789473684211,90.0,-17.282190309747794,16.26111703744098,True,30.239144736842107,66.1766447368421,False
2024_15_IND_DEN,2024,15,2024-12-15T16:25-05:00,6.935742816660473,18.0,46.5,44.0,-9.835910856933914,23.707396490254858,True,28.53125,64.46875,True
2024_15_NE_ARI,2024,15,2024-12-15T16:25-05:00,7.098349899406658,13.0,40.794117647058826,47.0,-9.673303774187728,23.870003573001043,True,22.825367647058826,58.762867647058826,True
2024_15_PIT_PHI,2024,15,2024-12-15T16:25-05:00,3.766237802513257,14.0,43.833333333333336,40.0,-13.00541587108113,20.537891476107642,True,25.864583333333336,61.802083333333336,True
2024_15_TB_LAC,2024,15,2024-12-15T16:25-05:00,0.7072452131060005,-23.0,42.092879256965944,57.0,-16.064408460488387,17.478898886700385,False,24.124129256965944,60.061629256965944,True
2024_15_GB_SEA,2024,15,2024-12-15T20:20-05:00,-3.28205176307348,-17.0,45.10835913312694,43.0,-20.053705436667865,13.489601910520907,True,27.13960913312694,63.07710913312694,True
2024_15_CHI_MIN,2024,15,2024-12-16T20:00-05:00,6.785423743034733,18.0,42.5,42.0,-9.986229930559652,23.55707741662912,True,24.53125,60.46875,True
2024_15_ATL_LV,2024,15,2024-12-16T20:30-05:00,-0.6887066617062767,-6.0,39.911764705882355,24.0,-17.460360335300663,16.08294701188811,True,21.943014705882355,57.880514705882355,True
2024_16_DEN_LAC,2024,16,2024-12-19T20:15-05:00,-0.25348554752217584,7.0,44.529411764705884,61.0,-17.02513922111656,16.51816812607221,True,26.560661764705884,62.498161764705884,True
2024_16_HOU_KC,2024,16,2024-12-21T13:00-05:00,4.370708426506872,8.0,41.51629072681704,46.0,-12.400945247087513,21.14236210010126,True,23.54754072681704,59.48504072681704,True
2024_16_PIT_BAL,2024,16,2024-12-21T16:30-05:00,7.229552236948853,17.0,40.72514619883041,51.0,-9.542101436645533,24.00120591054324,True,22.75639619883041,58.69389619883041,True
2024_16_ARI_CAR,2024,16,2024-12-22T13:00-05:00,-7.411841143757436,6.0,42.26470588235294,66.0,-24.18349481735182,9.359812529836951,True,24.295955882352942,60.23345588235294,False
2024_16_CLE_CIN,2024,16,2024-12-22T13:00-05:00,7.62582184459351,18.0,44.75326797385621,30.0,-9.145831829000876,24.397475518187896,True,26.78451797385621,62.72201797385621,True
2024_16_DET_CHI,2024,16,2024-12-22T13:00-05:00,-7.993685079178061,-17.0,47.285294117647055,51.0,-24.765338752772447,8.777968594416325,True,29.316544117647055,65.25404411764706,True
2024_16_LA_NYJ,2024,16,2024-12-22T13:00-05:00,-1.5644176781703103,-10.0,41.32352941176471,28.0,-18.336071351764698,15.207235995424076,True,23.35477941176471,59.29227941176471,True
2024_16_NYG_ATL,2024,16,2024-12-22T13:00-05:00,3.866938767638538,27.0,40.205882352941174,41.0,-12.90471490595585,20.638592441232923,False,22.237132352941174,58.174632352941174,True
2024_16_PHI_WAS,2024,16,2024-12-22T13:00-05:00,-0.9042416338966546,3.0,49.967320261437905,69.0,-17.67589530749104,15.867412039697731,True,31.998570261437905,67.9360702614379,False
2024_16_TEN_IND,2024,16,2024-12-22T13:00-05:00,4.48112039254741,8.0,43.61764705882353,68.0,-12.290533281046976,21.252774066141797,True,25.64889705882353,61.58639705882353,False
2024_16_MIN_SEA,2024,16,2024-12-22T16:05-05:00,-2.713216277208872,-3.0,43.294117647058826,51.0,-19.484869950803258,14.058437396385514,True,25.325367647058826,61.262867647058826,True
2024_16_JAX_LV,2024,16,2024-12-22T16:25-05:00,0.9002353353405568,5.0,41.5,33.0,-15.871418338253829,17.671889008934944,True,23.53125,59.46875,True
2024_16_NE_BUF,2024,16,2024-12-22T16:25-05:00,17.69091760024339,3.0,40.363777089783284,45.0,0.9192639266490055,34.46257127383778,True,22.395027089783284,58.332527089783284,True
2024_16_SF_MIA,2024,16,2024-12-22T16:25-05:00,-0.8104310757304114,12.0,49.205555555555556,46.0,-17.582084749324796,15.961222597863975,True,31.236805555555556,67.17430555555555,True
2024_16_TB_DAL,2024,16,2024-12-22T20:20-05:00,-4.5597383093297985,2.0,45.32163742690059,50.0,-21.331391982924185,12.211915364264588,True,27.352887426900587,63.29038742690059,True
2024_16_NO_GB,2024,16,2024-12-23T20:15-05:00,11.362294847330318,34.0,44.02012383900929,34.0,-5.409358826264068,28.133948520924704,False,26.051373839009287,61.98887383900929,True
2024_17_KC_PIT,2024,17,2024-12-25T13:00-05:00,-2.592073879050187,-19.0,38.37301587301587,39.0,-19.363727552644573,14.1795797945442,True,20.404265873015873,56.34176587301587,True
2024_17_BAL_HOU,2024,17,2024-12-25T16:30-05:00,-4.935485217819378,-29.0,43.868421052631575,33.0,-21.707138891413763,11.836168455775008,False,25.899671052631575,61.837171052631575,True
2024_17_SEA_CHI,2024,17,2024-12-26T20:15-05:00,-1.1176870691966074,-3.0,44.26470588235294,9.0,-17.889340742790992,15.653966604397779,True,26.295955882352942,62.23345588235294,False
2024_17_LAC_NE,2024,17,2024-12-28T13:00-05:00,-4.704669354078245,-33.0,39.588235294117645,47.0,-21.47632302767263,12.066984319516141,False,21.619485294117645,57.556985294117645,True
2024_17_DEN_CIN,2024,17,2024-12-28T16:30-05:00,2.23067889475721,6.0,44.705882352941174,54.0,-14.540974778837176,19.002332568351598,True,26.737132352941174,62.674632352941174,True
2024_17_ARI_LA,2024,17,2024-12-28T20:15-05:00,4.342192581213078,4.0,46.088235294117645,22.0,-12.429461092381308,21.113846254807463,True,28.119485294117645,64.05698529411765,False
2024_17_CAR_TB,2024,17,2024-12-29T13:00-05:00,12.549775792052674,34.0,39.38699690402477,62.0,-4.221877881541712,29.32142946564706,False,21.41824690402477,57.35574690402477,False
2024_17_DAL_PHI,2024,17,2024-12-29T13:00-05:00,5.4716945465649305,34.0,50.16666666666667,48.0,-11.299959127029457,22.243348220159316,False,32.19791666666667,68.13541666666667,True
2024_17_IND_NYG,2024,17,2024-12-29T13:00-05:00,-2.220409783333643,12.0,43.64705882352941,78.0,-18.99206345692803,14.551243890260743,True,25.678308823529413,61.61580882352941,False
2024_17_LV_NO,2024,17,2024-12-29T13:00-05:00,2.173026843027335,-15.0,40.94117647058823,35.0,-14.598626830567051,18.944680516621723,False,22.972426470588232,58.90992647058823,True
2024_17_NYJ_BUF,2024,17,2024-12-29T13:00-05:00,12.732228488658198,26.0,40.98142414860681,54.0,-4.039425184936189,29.503882162252584,True,23.012674148606813,58.95017414860681,True
2024_17_TEN_JAX,2024,17,2024-12-29T13:00-05:00,2.627182131718069,7.0,41.76470588235294,33.0,-14.144471541876317,19.398835805312455,True,23.795955882352942,59.73345588235294,True
2024_17_MIA_CLE,2024,17,2024-12-29T16:05-05:00,-3.4546639235290453,-17.0,48.25,23.0,-20.226317597123433,13.316989750065341,True,30.28125,66.21875,False
2024_17_GB_MIN,2024,17,2024-12-29T16:25-05:00,-2.2065775765854765,2.0,43.343653250774,52.0,-18.978231250179864,14.565076097008909,True,25.374903250773997,61.312403250774,True
2024_17_ATL_WAS,2024,17,2024-12-29T20:20-05:00,6.283312831963478,6.0,45.3235294117647,54.0,-10.488340841630908,23.054966505557864,True,27.354779411764703,63.2922794117647,True
2024_17_DET_SF,2024,17,2024-12-30T20:15-05:00,-4.40587069427136,-6.0,49.2,74.0,-21.177524367865747,12.365782979323026,True,31.231250000000003,67.16875,False
2024_18_CLE_BAL,2024,18,2025-01-04T16:30-05:00,20.036740096699525,25.0,44.64181286549707,45.0,3.2650864231051386,36.80839377029391,True,26.673062865497073,62.61056286549707,True
2024_18_CIN_PIT,2024,18,2025-01-04T20:00-05:00,-2.6830634769596884,-2.0,40.83660130718954,36.0,-19.454717150554075,14.088590196634698,True,22.86785130718954,58.80535130718954,True
2024_18_BUF_NE,2024,18,2025-01-05T13:00-05:00,-14.71660983609226,7.0,40.363777089783284,39.0,-31.488263509686647,2.055043837502126,False,22.395027089783284,58.332527089783284,True
2024_18_CAR_ATL,2024,18,2025-01-05T13:00-05:00,8.701950479993931,-6.0,39.588235294117645,82.0,-8.069703193600455,25.47360415358832,True,21.619485294117645,57.556985294117645,False
2024_18_CHI_GB,2024,18,2025-01-05T13:00-05:00,12.165560477208485,-2.0,44.31424148606811,46.0,-4.606093196385901,28.937214150802873,True,26.345491486068113,62.28299148606811,True
2024_18_HOU_TEN,2024,18,2025-01-05T13:00-05:00,-1.8083604579379478,-9.0,41.68575851393189,37.0,-18.580014131532334,14.963293215656439,True,23.717008513931887,59.65450851393189,True
2024_18_JAX_IND,2024,18,2025-01-05T13:00-05:00,2.6637819196629624,3.0,45.85294117647059,49.0,-14.107871753931423,19.43543559325735,True,27.884191176470587,63.82169117647059,True
2024_18_NO_TB,2024,18,2025-01-05T13:00-05:00,14.626188390252567,8.0,41.65170278637771,46.0,-2.145465283341819,31.39784206384695,True,23.68295278637771,59.62045278637771,True
2024_18_NYG_PHI,2024,18,2025-01-05T13:00-05:00,12.951879092078045,7.0,44.84967320261438,33.0,-3.8197745815163415,29.72353276567243,True,26.880923202614383,62.81842320261438,True
2024_18_WAS_DAL,2024,18,2025-01-05T13:00-05:00,-5.235869199751059,-4.0,50.02287581699346,42.0,-22.007522873345444,11.535784473843327,True,32.05412581699346,67.99162581699346,True
2024_18_KC_DEN,2024,18,2025-01-05T16:25-05:00,0.6981572276350381,38.0,42.24229691876751,38.0,-16.07349644595935,17.469810901229422,False,24.273546918767508,60.21104691876751,True
2024_18_LAC_LV,2024,18,2025-01-05T16:25-05:00,-6.1565848738259366,-14.0,41.38235294117647,54.0,-22.92823854742032,10.61506879976845,True,23.41360294117647,59.35110294117647,True
2024_18_MIA_NYJ,2024,18,2025-01-05T16:25-05:00,-1.8535773778501627,12.0,43.87908496732026,52.0,-18.625231051444548,14.918076295744223,True,25.91033496732026,61.84783496732026,True
2024_18_SEA_LA,2024,18,2025-01-05T16:25-05:00,4.6737897523325564,-5.0,45.529411764705884,55.0,-12.09786392126183,21.445443425926943,True,27.560661764705884,63.498161764705884,True
2024_18_SF_ARI,2024,18,2025-01-05T16:25-05:00,5.1993723954315545,23.0,46.73823529411764,71.0,-11.572281278162832,21.97102606902594,False,28.769485294117644,64.70698529411764,False
2024_18_MIN_DET,2024,18,2025-01-05T20:20-05:00,5.235848437876849,22.0,46.31470588235294,40.0,-11.535805235717536,22.007502111471236,True,28.34595588235294,64.28345588235294,True
2025_01_DAL_PHI,2025,1,2025-09-04T20:20-04:00,8.158701064096132,4.0,47.582633053221286,44.0,-8.526116936061108,24.84351906425337,True,29.863883053221286,65.30138305322129,True
2025_01_KC_LAC,2025,1,2025-09-05T20:00-04:00,0.42638070011878704,6.0,42.525,48.0,-16.25843730003845,17.111198700276027,True,24.80625,60.24375,True
2025_01_ARI_NO,2025,1,2025-09-07T13:00-04:00,-5.246781473480751,-7.0,44.55882352941177,33.0,-21.93159947363799,11.438036526676488,True,26.840073529411768,62.27757352941177,True
2025_01_CAR_JAX,2025,1,2025-09-07T13:00-04:00,3.633835693369644,16.0,47.94117647058823,36.0,-13.050982306787596,20.318653693526883,True,30.222426470588232,65.65992647058823,True
2025_01_CIN_CLE,2025,1,2025-09-07T13:00-04:00,-8.261231927313748,-1.0,47.029411764705884,33.0,-24.946049927470987,8.423586072843491,True,29.310661764705884,64.74816176470588,True
2025_01_LV_NE,2025,1,2025-09-07T13:00-04:00,-0.3693814188081346,-7.0,42.61764705882353,33.0,-17.054199418965375,16.315436581349104,True,24.89889705882353,60.33639705882353,True
2025_01_MIA_IND,2025,1,2025-09-07T13:00-04:00,-1.0768891131393927,25.0,44.5,41.0,-17.761707113296634,15.607928887017847,False,26.78125,62.21875,True
2025_01_NYG_WAS,2025,1,2025-09-07T13:00-04:00,7.015299710773537,15.0,47.06029411764706,27.0,-9.669518289383703,23.700117710930776,True,29.34154411764706,64.77904411764706,False
2025_01_PIT_NYJ,2025,1,2025-09-07T13:00-04:00,1.721270736902818,-2.0,43.18464052287582,66.0,-14.963547263254421,18.406088737060056,True,25.465890522875817,60.90339052287582,False
2025_01_TB_ATL,2025,1,2025-09-07T13:00-04:00,-2.7802112565850137,-3.0,49.71568627450981,43.0,-19.465029256742252,13.904606743572225,True,31.996936274509807,67.4344362745098,True
2025_01_SF_SEA,2025,1,2025-09-07T16:05-04:00,0.9727559050455823,-4.0,46.11764705882353,30.0,-15.712062095111657,17.65757390520282,True,28.39889705882353,63.83639705882353,True
2025_01_TEN_DEN,2025,1,2025-09-07T16:05-04:00,10.511261942033451,8.0,44.17647058823529,32.0,-6.173556058123788,27.196079942190693,True,26.45772058823529,61.89522058823529,True
2025_01_DET_GB,2025,1,2025-09-07T16:25-04:00,0.12298075768815736,14.0,50.333333333333336,40.0,-16.561837242469082,16.807798757845397,True,32.614583333333336,68.05208333333334,True
2025_01_HOU_LA,2025,1,2025-09-07T16:25-04:00,1.3334638438793909,5.0,43.78947368421053,23.0,-15.351354156277848,18.01828184403663,True,26.070723684210527,61.50822368421053,False
2025_01_BAL_BUF,2025,1,2025-09-07T20:20-04:00,1.699565945565792,1.0,51.70526315789474,81.0,-14.985252054591447,18.38438394572303,True,33.98651315789474,69.42401315789473,False
2025_01_MIN_CHI,2025,1,2025-09-08T20:15-04:00,3.0573750356482927,-3.0,42.22222222222222,51.0,-13.627442964508948,19.74219303580553,True,24.50347222222222,59.94097222222222,True
2025_02_WAS_GB,2025,2,2025-09-11T20:15-04:00,2.5687590019640165,9.0,49.88055555555556,45.0,-14.116058998193223,19.253577002121254,True,32.16180555555556,67.59930555555556,True
2025_02_BUF_NYJ,2025,2,2025-09-14T13:00-04:00,-6.0871390950403645,-20.0,47.923529411764704,40.0,-22.771957095197603,10.597678905116876,True,30.204779411764704,65.6422794117647,True
2025_02_CHI_DET,2025,2,2025-09-14T13:00-04:00,7.20797100999866,31.0,47.27777777777778,73.0,-9.47684699015858,23.8927890101559,False,29.55902777777778,64.99652777777777,False
2025_02_CLE_BAL,2025,2,2025-09-14T13:00-04:00,14.164702928732224,24.0,45.98761609907121,58.0,-2.520115071425016,30.84952092888946,True,28.26886609907121,63.70636609907121,True
2025_02_JAX_CIN,2025,2,2025-09-14T13:00-04:00,5.935639152559677,4.0,48.852941176470594,58.0,-10.749178847597562,22.620457152716916,True,31.134191176470594,66.5716911764706,True
2025_02_LA_TEN,2025,2,2025-09-14T13:00-04:00,-4.574350089915099,-14.0,44.755417956656345,52.0,-21.25916809007234,12.11046791024214,True,27.036667956656345,62.474167956656345,True
2025_02_NE_MIA,2025,2,2025-09-14T13:00-04:00,5.616342056180896,-6.0,41.61764705882353,60.0,-11.068475943976344,22.301160056338134,True,23.89889705882353,59.33639705882353,False
2025_02_NYG_DAL,2025,2,2025-09-14T13:00-04:00,5.0102320762561865,3.0,44.294117647058826,77.0,-11.674585923901052,21.695050076413427,True,26.575367647058826,62.012867647058826,False
2025_02_SEA_PIT,2025,2,2025-09-14T13:00-04:00,1.1543890645864763,-14.0,43.2140522875817,48.0,-15.530428935570763,17.839207064743714,True,25.4953022875817,60.9328022875817,True
2025_02_SF_NO,2025,2,2025-09-14T13:00-04:00,-1.1488479824429345,-5.0,45.911764705882355,47.0,-17.833665982600174,15.535970017714305,True,28.193014705882355,63.630514705882355,True
2025_02_CAR_ARI,2025,2,2025-09-14T16:05-04:00,8.52477806510884,5.0,48.64705882352941,49.0,-8.160039935048399,25.20959606526608,True,30.928308823529413,66.36580882352942,True
2025_02_DEN_IND,2025,2,2025-09-14T16:05-04:00,0.16122289871235967,1.0,45.14705882352941,57.0,-16.52359510144488,16.8460408988696,True,27.428308823529413,62.86580882352941,True
2025_02_PHI_KC,2025,2,2025-09-14T16:25-04:00,-2.6024492477816197,-3.0,45.298809523809524,37.0,-19.28726724793886,14.08236875237562,True,27.580059523809524,63.017559523809524,True
2025_02_ATL_MIN,2025,2,2025-09-14T20:20-04:00,0.10050813066617126,-16.0,46.10457516339869,28.0,-16.58430986949107,16.78532613082341,True,28.385825163398692,63.82332516339869,False
2025_02_TB_HOU,2025,2,2025-09-15T19:00-04:00,-1.59552899206382,-1.0,47.54385964912281,39.0,-18.28034699222106,15.08928900809342,True,29.82510964912281,65.26260964912281,True
2025_02_LAC_LV,2025,2,2025-09-15T22:00-04:00,-2.6085631158571116,-11.0,42.60294117647059,29.0,-19.293381116014352,14.076254884300127,True,24.884191176470587,60.32169117647059,True
2025_03_MIA_BUF,2025,3,2025-09-18T20:15-04:00,10.866535763198346,10.0,46.95294117647059,52.0,-5.818282236958893,27.551353763355586,True,29.23419117647059,64.67169117647059,True
2025_03_ATL_CAR,2025,3,2025-09-21T13:00-04:00,-4.592586089375679,30.0,49.61764705882353,30.0,-21.27740408953292,12.09223191078156,False,31.89889705882353,67.33639705882354,False
2025_03_CIN_MIN,2025,3,2025-09-21T13:00-04:00,-0.7432411593454578,38.0,48.869281045751634,58.0,-17.4280591595027,15.941576840811782,False,31.150531045751634,66.58803104575163,True
2025_03_GB_CLE,2025,3,2025-09-21T13:00-04:00,-10.15560078139389,3.0,43.43790849673203,23.0,-26.84041878155113,6.52921721876335,True,25.719158496732028,61.15665849673203,False
2025_03_HOU_JAX,2025,3,2025-09-21T13:00-04:00,1.1704510530719061,7.0,43.916408668730654,27.0,-15.514366947085334,17.855269053229147,True,26.197658668730654,61.635158668730654,True
2025_03_IND_TEN,2025,3,2025-09-21T13:00-04:00,-5.079881566994064,-21.0,46.3235294117647,61.0,-21.764699567151304,11.604936433163175,True,28.604779411764703,64.0422794117647,True
2025_03_LA_PHI,2025,3,2025-09-21T13:00-04:00,5.212610334876428,7.0,45.60275689223057,59.0,-11.472207665280813,21.897428335033666,True,27.884006892230573,63.32150689223057,True
2025_03_LV_WAS,2025,3,2025-09-21T13:00-04:00,4.44629299672529,17.0,48.67794117647059,65.0,-12.238525003431949,21.13111099688253,True,30.95919117647059,66.3966911764706,True
2025_03_NYJ_TB,2025,3,2025-09-21T13:00-04:00,8.490322009685691,2.0,47.65686274509804,56.0,-8.194495990471548,25.17514000984293,True,29.93811274509804,65.37561274509804,True
2025_03_PIT_NE,2025,3,2025-09-21T13:00-04:00,0.6975944493639124,-7.0,42.125816993464056,35.0,-15.987223550793328,17.38241244952115,True,24.407066993464056,59.844566993464056,True
2025_03_DEN_LAC,2025,3,2025-09-21T16:05-04:00,2.428750317694431,3.0,42.25,43.0,-14.256067682462808,19.11356831785167,True,24.53125,59.96875,True
2025_03_NO_SEA,2025,3,2025-09-21T16:05-04:00,6.641889218685796,31.0,43.5,57.0,-10.042928781471444,23.326707218843033,False,25.78125,61.21875,True
2025_03_ARI_SF,2025,3,2025-09-21T16:25-04:00,-2.111311681038444,1.0,47.1764705882353,31.0,-18.796129681195684,14.573506319118795,True,29.457720588235297,64.8952205882353,True
2025_03_DAL_CHI,2025,3,2025-09-21T16:25-04:00,-1.7865715711346197,17.0,44.05882352941177,45.0,-18.47138957129186,14.89824642902262,False,26.340073529411768,61.77757352941177,True
2025_03_KC_NYG,2025,3,2025-09-21T20:20-04:00,-2.7015282317027407,-13.0,42.01029411764706,31.0,-19.38634623185998,13.9832897684545,True,24.291544117647057,59.72904411764706,True
2025_03_DET_BAL,2025,3,2025-09-22T20:15-04:00,3.455714584921573,-8.0,52.88304093567252,68.0,-13.229103415235667,20.140532585078812,True,35.16429093567252,70.60179093567251,True
2025_04_SEA_ARI,2025,4,2025-09-25T20:15-04:00,1.8316900622310506,-3.0,44.76470588235294,43.0,-14.853127937926189,18.51650806238829,True,27.045955882352942,62.48345588235294,True
2025_04_MIN_PIT,2025,4,2025-09-28T09:30-04:00,-0.5989320574164065,3.0,43.58333333333333,45.0,-17.283750057573645,16.085885942740834,True,25.86458333333333,61.30208333333333,True
2025_04_CAR_NE,2025,4,2025-09-28T13:00-04:00,1.2204139141176742,29.0,46.5,55.0,-15.464404086039565,17.905231914274914,False,28.78125,64.21875,True
2025_04_CLE_DET,2025,4,2025-09-28T13:00-04:00,14.475973451626219,24.0,47.66013071895425,44.0,-2.2088445485310206,31.16079145178346,True,29.94138071895425,65.37888071895425,True
2025_04_LAC_NYG,2025,4,2025-09-28T13:00-04:00,-8.060058279987228,3.0,40.98529411764706,39.0,-24.744876280144467,8.624759720170012,True,23.266544117647058,58.70404411764706,True
2025_04_NO_BUF,2025,4,2025-09-28T13:00-04:00,15.222213890760528,12.0,47.747058823529414,50.0,-1.462604109396711,31.907031890917768,True,30.028308823529414,65.46580882352941,True
2025_04_PHI_TB,2025,4,2025-09-28T13:00-04:00,-2.9824090128810643,-6.0,49.35714285714286,56.0,-19.667227013038303,13.702408987276176,True,31.63839285714286,67.07589285714286,True
2025_04_TEN_HOU,2025,4,2025-09-28T13:00-04:00,8.64401251041853,26.0,44.38699690402477,26.0,-8.040805489738709,25.32883051057577,False,26.66824690402477,62.10574690402477,False
2025_04_WAS_ATL,2025,4,2025-09-28T13:00-04:00,0.847062964332523,7.0,50.707352941176474,61.0,-15.837755035824717,17.531880964489762,True,32.988602941176474,68.42610294117648,True
2025_04_IND_LA,2025,4,2025-09-28T16:05-04:00,1.1882143760407584,7.0,45.72600619195046,47.0,-15.496603624116482,17.873032376197997,True,28.00725619195046,63.44475619195046,True
2025_04_JAX_SF,2025,4,2025-09-28T16:05-04:00,2.57032365160954,-5.0,46.470588235294116,47.0,-14.1144943485477,19.255141651766777,True,28.751838235294116,64.18933823529412,True
2025_04_BAL_KC,2025,4,2025-09-28T16:25-04:00,-1.1110940345048284,17.0,47.38026315789474,57.0,-17.795912034662067,15.57372396565241,False,29.66151315789474,65.09901315789475,True
2025_04_CHI_LV,2025,4,2025-09-28T16:25-04:00,-0.18725673423219424,-1.0,41.85294117647059,49.0,-16.872074734389432,16.497561265925047,True,24.134191176470587,59.57169117647059,True
2025_04_GB_DAL,2025,4,2025-09-28T20:20-04:00,-3.5031736066806953,0.0,47.114379084967325,80.0,-20.187991606837933,13.181644393476544,True,29.395629084967325,64.83312908496733,False
2025_04_NYJ_MIA,2025,4,2025-09-29T19:15-04:00,4.0595663835629505,6.0,42.67647058823529,48.0,-12.625251616594289,20.74438438372019,True,24.95772058823529,60.39522058823529,True
2025_04_CIN_DEN,2025,4,2025-09-29T20:15-04:00,6.749248066244745,25.0,48.14705882352941,31.0,-9.935569933912493,23.434066066401986,False,30.428308823529413,65.86580882352942,True
2025_05_SF_LA,2025,5,2025-10-02T20:15-04:00,6.29409370878355,-3.0,46.343653250774,49.0,-10.39072429137369,22.97891170894079,True,28.624903250773997,64.062403250774,True
2025_05_MIN_CLE,2025,5,2025-10-05T09:30-04:00,-6.167774571579564,-4.0,42.60457516339869,38.0,-22.852592571736803,10.517043428577676,True,24.885825163398692,60.32332516339869,True
2025_05_DAL_NYJ,2025,5,2025-10-05T13:00-04:00,-0.9380166326652066,-15.0,45.88235294117647,59.0,-17.622834632822446,15.746801367492033,True,28.16360294117647,63.60110294117647,True
2025_05_DEN_PHI,2025,5,2025-10-05T13:00-04:00,3.963163865095029,-4.0,45.023809523809526,38.0,-12.72165413506221,20.64798186525227,True,27.305059523809526,62.742559523809526,True
2025_05_HOU_BAL,2025,5,2025-10-05T13:00-04:00,-0.3713833085129705,-34.0,47.31578947368421,54.0,-17.05620130867021,16.313434691644268,False,29.597039473684212,65.03453947368422,True
2025_05_LV_IND,2025,5,2025-10-05T13:00-04:00,6.541471567146316,34.0,45.5,46.0,-10.143346433010922,23.226289567303557,False,27.78125,63.21875,True
2025_05_MIA_CAR,2025,5,2025-10-05T13:00-04:00,-2.539545926808888,3.0,46.588235294117645,51.0,-19.224363926966127,14.145272073348352,True,28.869485294117645,64.30698529411765,True
2025_05_NYG_NO,2025,5,2025-10-05T13:00-04:00,1.4754748310564256,12.0,41.88235294117647,40.0,-15.209343169100814,18.160292831213667,True,24.16360294117647,59.60110294117647,True
2025_05_TB_SEA,2025,5,2025-10-05T16:05-04:00,1.0786248942916359,-3.0,47.68627450980392,73.0,-15.606193105865604,17.763442894448875,True,29.967524509803923,65.40502450980392,False
2025_05_TEN_ARI,2025,5,2025-10-05T16:05-04:00,11.82779377964384,-1.0,45.588235294117645,43.0,-4.857024220513399,28.51261177980108,True,27.869485294117645,63.306985294117645,True
2025_05_DET_CIN,2025,5,2025-10-05T16:25-04:00,-10.723147843628276,-13.0,53.92483660130719,61.0,-27.407965843785515,5.961670156528964,True,36.20608660130719,71.64358660130719,True
2025_05_WAS_LAC,2025,5,2025-10-05T16:25-04:00,0.6190282985120386,-17.0,47.575,37.0,-16.0657897016452,17.303846298669278,False,29.856250000000003,65.29375,True
2025_05_NE_BUF,2025,5,2025-10-05T20:20-04:00,11.306755663824102,-3.0,46.86470588235294,43.0,-5.378062336333137,27.99157366398134,True,29.145955882352943,64.58345588235295,True
2025_05_KC_JAX,2025,5,2025-10-06T20:15-04:00,-1.3402565673836568,3.0,43.98088235294118,59.0,-18.025074567540898,15.344561432773583,True,26.26213235294118,61.69963235294118,True
2025_06_PHI_NYG,2025,6,2025-10-09T20:15-04:00,-9.398641124465856,17.0,43.75910364145658,51.0,-26.083459124623097,7.286176875691384,False,26.040353641456583,61.47785364145658,True
2025_06_DEN_NYJ,2025,6,2025-10-12T09:30-04:00,-7.649614526236855,-2.0,43.32352941176471,24.0,-24.334432526394096,9.035203473920385,True,25.60477941176471,61.04227941176471,False
2025_06_ARI_IND,2025,6,2025-10-12T13:00-04:00,7.153131492027329,4.0,46.55882352941177,58.0,-9.53168650812991,23.83794949218457,True,28.840073529411768,64.27757352941177,True
2025_06_CLE_PIT,2025,6,2025-10-12T13:00-04:00,6.47878705626521,14.0,41.74346405228758,32.0,-10.20603094389203,23.163605056422448,True,24.024714052287578,59.46221405228758,True
2025_06_DAL_CAR,2025,6,2025-10-12T13:00-04:00,-3.5130712565569358,3.0,49.794117647058826,57.0,-20.197889256714177,13.171746743600304,True,32.075367647058826,67.51286764705883,True
2025_06_LAC_MIA,2025,6,2025-10-12T13:00-04:00,-0.17156111546003716,-2.0,41.60294117647059,56.0,-16.856379115617276,16.513256884697203,True,23.884191176470587,59.32169117647059,True
2025_06_LA_BAL,2025,6,2025-10-12T13:00-04:00,-3.679622775932499,-14.0,47.684210526315795,20.0,-20.364440776089737,13.00519522422474,True,29.965460526315795,65.4029605263158,False
2025_06_NE_NO,2025,6,2025-10-12T13:00-04:00,-1.014036868320896,-6.0,42.411764705882355,44.0,-17.698854868478136,15.670781131836343,True,24.693014705882355,60.130514705882355,True
2025_06_SEA_JAX,2025,6,2025-10-12T13:00-04:00,-0.3032657275512478,-8.0,44.05882352941177,32.0,-16.98808372770849,16.38155227260599,True,26.340073529411768,61.77757352941177,True
2025_06_TEN_LV,2025,6,2025-10-12T16:05-04:00,4.299934959313953,10.0,44.529411764705884,30.0,-12.384883040843286,20.984752959471194,True,26.810661764705884,62.248161764705884,True
2025_06_CIN_GB,2025,6,2025-10-12T16:25-04:00,11.940397207901302,9.0,49.70261437908497,45.0,-4.744420792255937,28.625215208058542,True,31.98386437908497,67.42136437908496,True
2025_06_SF_TB,2025,6,2025-10-12T16:25-04:00,6.779908121537238,11.0,50.09803921568628,49.0,-9.904909878620002,23.464726121694476,True,32.37928921568628,67.81678921568627,True
2025_06_DET_KC,2025,6,2025-10-12T20:20-04:00,-1.777239974328582,13.0,49.05277777777778,47.0,-18.462057974485823,14.907578025828657,True,31.334027777777777,66.77152777777778,True
2025_06_BUF_ATL,2025,6,2025-10-13T19:15-04:00,-4.699952044172944,10.0,49.98235294117647,38.0,-21.384770044330182,11.984865955984295,True,32.26360294117647,67.70110294117647,True
2025_06_CHI_WAS,2025,6,2025-10-13T20:15-04:00,6.485256906289101,-1.0,46.825,49.0,-10.199561093868137,23.17007490644634,True,29.106250000000003,64.54375,True
2025_07_PIT_CIN,2025,7,2025-10-16T20:15-04:00,-4.482105163102359,2.0,48.00816993464052,64.0,-21.166923163259597,12.20271283705488,True,30.28941993464052,65.72691993464052,True
2025_07_LA_JAX,2025,7,2025-10-19T09:30-04:00,-3.4395416089538666,-28.0,44.28482972136223,42.0,-20.124359609111107,13.245276391203372,False,26.56607972136223,62.00357972136223,True
2025_07_CAR_NYJ,2025,7,2025-10-19T13:00-04:00,0.6794088383182565,-7.0,47.55882352941177,19.0,-16.005409161838983,17.364226838475496,True,29.840073529411768,65.27757352941177,False
2025_07_LV_KC,2025,7,2025-10-19T13:00-04:00,10.955659212751497,31.0,43.627941176470586,31.0,-5.729158787405742,27.640477212908735,False,25.909191176470586,61.346691176470586,True
2025_07_MIA_CLE,2025,7,2025-10-19T13:00-04:00,-2.555038782978312,25.0,41.23529411764706,37.0,-19.23985678313555,14.129779217178928,False,23.516544117647058,58.95404411764706,True
2025_07_NE_TEN,2025,7,2025-10-19T13:00-04:00,-6.6039908851503295,-18.0,43.44117647058823,44.0,-23.288808885307567,10.08082711500691,True,25.722426470588232,61.15992647058823,True
2025_07_NO_CHI,2025,7,2025-10-19T13:00-04:00,5.521745133582324,12.0,41.64705882352941,40.0,-11.163072866574915,22.206563133739564,True,23.928308823529413,59.36580882352941,True
2025_07_PHI_MIN,2025,7,2025-10-19T13:00-04:00,-1.4966962512687638,-6.0,45.74603174603175,50.0,-18.181514251426,15.188121748888475,True,28.027281746031747,63.46478174603175,True
2025_07_IND_LAC,2025,7,2025-10-19T16:05-04:00,-0.1343870173113858,-14.0,44.39705882352941,62.0,-16.819205017468626,16.550430982845853,True,26.678308823529413,62.11580882352941,True
2025_07_NYG_DEN,2025,7,2025-10-19T16:05-04:00,8.656777624575321,1.0,41.73529411764706,65.0,-8.028040375581918,25.341595624732562,True,24.016544117647058,59.45404411764706,False
2025_07_GB_ARI,2025,7,2025-10-19T16:25-04:00,-4.104895225759335,-4.0,45.967320261437905,50.0,-20.789713225916575,12.579922774397904,True,28.248570261437905,63.686070261437905,True
2025_07_WAS_DAL,2025,7,2025-10-19T16:25-04:00,-0.5429413469195388,22.0,50.88382352941177,66.0,-17.227759347076777,16.141876653237702,False,33.16507352941177,68.60257352941177,True
2025_07_ATL_SF,2025,7,2025-10-19T20:20-04:00,-1.1789151869423597,10.0,48.14705882352941,30.0,-17.863733187099598,15.50590281321488,True,30.428308823529413,65.86580882352942,False
2025_07_TB_DET,2025,7,2025-10-20T19:00-04:00,4.2885136856781445,15.0,53.111111111111114,33.0,-12.396304314479096,20.973331685835383,True,35.392361111111114,70.82986111111111,False
2025_07_HOU_SEA,2025,7,2025-10-20T22:00-04:00,0.278887566655455,8.0,43.56346749226006,46.0,-16.405930433501783,16.963705566812695,True,25.84471749226006,61.28221749226006,True
2025_08_MIN_LAC,2025,8,2025-10-23T20:15-04:00,3.2702642608824695,27.0,42.97222222222222,47.0,-13.41455373927477,19.95508226103971,False,25.25347222222222,60.69097222222222,True
2025_08_BUF_CAR,2025,8,2025-10-26T13:00-04:00,-2.860425168439161,-31.0,51.83529411764706,49.0,-19.5452431685964,13.824392831718079,False,34.11654411764706,69.55404411764707,True
2025_08_CHI_BAL,2025,8,2025-10-26T13:00-04:00,-1.8856880334923853,14.0,45.60526315789474,46.0,-18.570506033649625,14.799129966664854,True,27.88651315789474,63.32401315789474,True
2025_08_CLE_NE,2025,8,2025-10-26T13:00-04:00,6.863001500619107,19.0,41.14705882352941,45.0,-9.821816499538134,23.547819500776345,True,23.428308823529413,58.86580882352941,True
2025_08_MIA_ATL,2025,8,2025-10-26T13:00-04:00,4.960247480837238,-24.0,44.73529411764706,44.0,-11.72457051932,21.64506548099448,False,27.016544117647058,62.45404411764706,True
2025_08_NYG_PHI,2025,8,2025-10-26T13:00-04:00,8.545646160276737,18.0,43.75910364145658,58.0,-8.139171839880502,25.230464160433975,True,26.040353641456583,61.47785364145658,True
2025_08_NYJ_CIN,2025,8,2025-10-26T13:00-04:00,3.2219818026730644,-1.0,48.470588235294116,77.0,-13.462836197484176,19.906799802830303,True,30.751838235294116,66.18933823529412,False
2025_08_SF_HOU,2025,8,2025-10-26T13:00-04:00,5.598711104251549,11.0,45.975232198142415,41.0,-11.08610689590569,22.28352910440879,True,28.256482198142415,63.693982198142415,True
2025_08_TB_NO,2025,8,2025-10-26T16:05-04:00,-5.781595116046121,-20.0,47.48039215686275,26.0,-22.466413116203363,10.903222884111118,True,29.76164215686275,65.19914215686275,False
2025_08_DAL_DEN,2025,8,2025-10-26T16:25-04:00,2.7315589669033957,20.0,45.55882352941177,68.0,-13.953259033253843,19.416376967060636,False,27.840073529411768,63.27757352941177,False
2025_08_TEN_IND,2025,8,2025-10-26T16:25-04:00,15.715735738374633,24.0,46.3235294117647,52.0,-0.9690822617826065,32.40055373853187,True,28.604779411764703,64.0422794117647,True
2025_08_GB_PIT,2025,8,2025-10-26T20:20-04:00,-2.0285449906226694,-10.0,44.416666666666664,60.0,-18.71336299077991,14.65627300953457,True,26.697916666666664,62.135416666666664,True
2025_08_WAS_KC,2025,8,2025-10-27T20:15-04:00,6.318455982329528,21.0,48.6,35.0,-10.366362017827711,23.003273982486768,True,30.88125,66.31875,True
2025_09_BAL_MIA,2025,9,2025-10-30T20:15-04:00,-2.273824483053276,-22.0,46.45820433436533,34.0,-18.958642483210514,14.410993517103964,False,28.739454334365327,64.17695433436532,True
2025_09_ATL_NE,2025,9,2025-11-02T13:00-05:00,4.564726196564643,1.0,44.64705882352941,47.0,-12.120091803592597,21.24954419672188,True,26.928308823529413,62.36580882352941,True
2025_09_CAR_GB,2025,9,2025-11-02T13:00-05:00,13.057641321010907,-3.0,48.790849673202615,29.0,-3.6271766791463325,29.74245932116815,True,31.072099673202615,66.50959967320262,False
2025_09_CHI_CIN,2025,9,2025-11-02T13:00-05:00,-3.419236216249642,-5.0,46.64705882352941,89.0,-20.10405421640688,13.265581783907598,True,28.928308823529413,64.36580882352942,False
2025_09_DEN_HOU,2025,9,2025-11-02T13:00-05:00,0.9147686062179422,-3.0,43.21052631578947,33.0,-15.770049393939297,17.599586606375183,True,25.491776315789473,60.92927631578947,True
2025_09_IND_PIT,2025,9,2025-11-02T13:00-05:00,-3.6791168207956657,7.0,45.00816993464052,47.0,-20.363934820952906,13.005701179361573,True,27.28941993464052,62.72691993464052,True
2025_09_LAC_TEN,2025,9,2025-11-02T13:00-05:00,-10.946308628796947,-7.0,43.42647058823529,47.0,-27.631126628954185,5.738509371360292,True,25.70772058823529,61.14522058823529,True
2025_09_MIN_DET,2025,9,2025-11-02T13:00-05:00,14.914482843729122,-3.0,49.5,51.0,-1.7703351564281178,31.59930084388636,False,31.78125,67.21875,True
2025_09_SF_NYG,2025,9,2025-11-02T13:00-05:00,-0.7755628065067073,-10.0,44.5,58.0,-17.460380806663945,15.909255193650532,True,26.78125,62.21875,True
2025_09_JAX_LV,2025,9,2025-11-02T16:05-05:00,-2.6401799517870916,-1.0,44.05882352941177,59.0,-19.324997951944333,14.044638048370148,True,26.340073529411768,61.77757352941177,True
2025_09_NO_LA,2025,9,2025-11-02T16:05-05:00,13.306290969840287,24.0,43.72600619195046,44.0,-3.3785270303169526,29.991108969997526,True,26.00725619195046,61.44475619195046,True
2025_09_KC_BUF,2025,9,2025-11-02T16:25-05:00,1.0081754459111607,7.0,47.875,49.0,-15.67664255424608,17.6929934460684,True,30.15625,65.59375,True
2025_09_SEA_WAS,2025,9,2025-11-02T20:20-05:00,-0.22960631770100148,-24.0,48.67794117647059,52.0,-16.91442431785824,16.455211682456238,False,30.95919117647059,66.3966911764706,True
2025_09_ARI_DAL,2025,9,2025-11-03T20:15-05:00,3.786074512884815,-10.0,46.970588235294116,44.0,-12.898743487272425,20.470892513042052,True,29.251838235294116,64.68933823529412,True
2025_10_LV_DEN,2025,10,2025-11-06T20:15-05:00,11.691641928715196,3.0,43.35294117647059,17.0,-4.9931760714420435,28.376459928872436,True,25.634191176470587,61.07169117647059,False
2025_10_ATL_IND,2025,10,2025-11-09T09:30-05:00,4.531726463273854,6.0,47.529411764705884,56.0,-12.153091536883386,21.21654446343109,True,29.810661764705884,65.24816176470588,True
2025_10_BAL_MIN,2025,10,2025-11-09T13:00-05:00,-7.694900680598701,-8.0,47.82748538011696,46.0,-24.37971868075594,8.98991731955854,True,30.10873538011696,65.54623538011697,True
2025_10_BUF_MIA,2025,10,2025-11-09T13:00-05:00,-7.142771341651639,17.0,46.95294117647059,43.0,-23.827589341808878,9.542046658505601,False,29.23419117647059,64.67169117647059,True
2025_10_CLE_NYJ,2025,10,2025-11-09T13:00-05:00,0.9834619592663727,7.0,42.205882352941174,47.0,-15.701356040890866,17.66827995942361,True,24.487132352941174,59.924632352941174,True
2025_10_JAX_HOU,2025,10,2025-11-09T13:00-05:00,2.241531693160685,7.0,43.916408668730654,65.0,-14.443286306996555,18.926349693317924,True,26.197658668730654,61.635158668730654,False
2025_10_NE_TB,2025,10,2025-11-09T13:00-05:00,5.227236684573688,-5.0,46.59803921568628,51.0,-11.457581315583552,21.912054684730926,True,28.879289215686278,64.31678921568627,True
2025_10_NO_CAR,2025,10,2025-11-09T13:00-05:00,5.4324779906099385,-10.0,47.38235294117647,24.0,-11.2523400095473,22.11729599076718,True,29.66360294117647,65.10110294117646,False
2025_10_NYG_CHI,2025,10,2025-11-09T13:00-05:00,6.737906489016116,4.0,40.23529411764706,44.0,-9.946911511141124,23.422724489173355,True,22.516544117647058,57.95404411764706,True
2025_10_ARI_SEA,2025,10,2025-11-09T16:05-05:00,6.452290238040884,22.0,44.76470588235294,66.0,-10.232527762116355,23.137108238198124,True,27.045955882352942,62.48345588235294,False
2025_10_DET_WAS,2025,10,2025-11-09T16:25-05:00,-7.652020812046489,-22.0,54.10277777777778,66.0,-24.33683881220373,9.03279718811075,True,36.38402777777778,71.82152777777779,True
2025_10_LA_SF,2025,10,2025-11-09T16:25-05:00,-4.592455627928198,-16.0,46.343653250774,68.0,-21.27727362808544,12.092362372229042,True,28.624903250773997,64.062403250774,False
2025_10_PIT_LAC,2025,10,2025-11-09T20:20-05:00,2.585266409814848,15.0,42.111111111111114,35.0,-14.099551590342392,19.27008440997209,True,24.392361111111114,59.829861111111114,True
2025_10_PHI_GB,2025,10,2025-11-10T20:15-05:00,1.7012440949446224,-3.0,46.579365079365076,17.0,-14.983573905212618,18.386062095101863,True,28.860615079365076,64.29811507936508,False
2025_11_NYJ_NE,2025,11,2025-11-13T20:15-05:00,9.581657832098927,13.0,42.58823529411765,41.0,-7.103160168058313,26.266475832256166,True,24.869485294117652,60.30698529411765,True
2025_11_WAS_MIA,2025,11,2025-11-16T09:30-05:00,2.9404625939738915,3.0,47.67794117647059,29.0,-13.744355406183349,19.62528059413113,True,29.95919117647059,65.3966911764706,False
2025_11_CAR_ATL,2025,11,2025-11-16T13:00-05:00,5.5971237999828105,-3.0,49.61764705882353,57.0,-11.087694200174429,22.28194180014005,True,31.89889705882353,67.33639705882354,True
2025_11_CHI_MIN,2025,11,2025-11-16T13:00-05:00,-5.182043480754441,-2.0,42.22222222222222,36.0,-21.86686148091168,11.502774519402799,True,24.50347222222222,59.94097222222222,True
2025_11_CIN_PIT,2025,11,2025-11-16T13:00-05:00,6.597864136974353,22.0,48.00816993464052,46.0,-10.086953863182886,23.282682137131594,True,30.28941993464052,65.72691993464052,True
2025_11_GB_NYG,2025,11,2025-11-16T13:00-05:00,-8.377517937300572,-7.0,43.290849673202615,47.0,-25.06233593745781,8.307300062856667,True,25.572099673202615,61.009599673202615,True
2025_11_HOU_TEN,2025,11,2025-11-16T13:00-05:00,-8.603975012798806,-3.0,44.38699690402477,29.0,-25.288793012956045,8.080842987358434,True,26.66824690402477,62.10574690402477,True
2025_11_LAC_JAX,2025,11,2025-11-16T13:00-05:00,-2.710758454930734,29.0,42.955882352941174,41.0,-19.395576455087973,13.974059545226506,False,25.237132352941174,60.674632352941174,True
2025_11_TB_BUF,2025,11,2025-11-16T13:00-05:00,2.5488202938958655,12.0,51.93333333333334,76.0,-14.135997706261374,19.233638294053105,True,34.21458333333334,69.65208333333334,False
2025_11_SEA_LA,2025,11,2025-11-16T16:05-05:00,3.505012717546376,2.0,43.93188854489164,40.0,-13.179805282610864,20.189830717703614,True,26.213138544891642,61.65063854489164,True
2025_11_SF_ARI,2025,11,2025-11-16T16:05-05:00,-1.2301599975775845,-19.0,47.1764705882353,63.0,-17.914977997734823,15.454658002579656,False,29.457720588235297,64.8952205882353,True
2025_11_BAL_CLE,2025,11,2025-11-16T16:25-05:00,-8.664038296020454,-7.0,45.98761609907121,39.0,-25.348856296177694,8.020779704136785,True,28.26886609907121,63.70636609907121,True
2025_11_KC_DEN,2025,11,2025-11-16T16:25-05:00,-1.6649089113835682,3.0,43.275,41.0,-18.349726911540806,15.019909088773671,True,25.55625,60.99375,True
2025_11_DET_PHI,2025,11,2025-11-16T20:20-05:00,-1.232152785176181,7.0,50.801587301587304,25.0,-17.91697078533342,15.452665214981058,True,33.082837301587304,68.5203373015873,False
2025_11_DAL_LV,2025,11,2025-11-17T20:15-05:00,-4.013184826487564,-17.0,45.911764705882355,49.0,-20.698002826644803,12.671633173669676,True,28.193014705882355,63.630514705882355,True
2025_12_BUF_HOU,2025,12,2025-11-20T20:15-05:00,-3.336795443997502,4.0,47.810526315789474,42.0,-20.02161344415474,13.348022556159737,True,30.091776315789474,65.52927631578947,True
2025_12_IND_KC,2025,12,2025-11-23T13:00-05:00,3.3175684818705067,3.0,45.42205882352941,43.0,-13.367249518286734,20.002386482027745,True,27.70330882352941,63.14080882352941,True
2025_12_MIN_GB,2025,12,2025-11-23T13:00-05:00,12.033307921216243,17.0,45.27777777777778,29.0,-4.651510078940996,28.718125921373485,True,27.55902777777778,62.99652777777778,True
2025_12_NE_CIN,2025,12,2025-11-23T13:00-05:00,-6.56639697171369,-6.0,47.411764705882355,46.0,-23.25121497187093,10.11842102844355,True,29.693014705882355,65.13051470588235,True
2025_12_NYG_DET,2025,12,2025-11-23T13:00-05:00,13.605708346353186,7.0,47.51307189542484,61.0,-3.0791096538040534,30.290526346510426,True,29.794321895424837,65.23182189542484,True
2025_12_NYJ_BAL,2025,12,2025-11-23T13:00-05:00,12.15748405504815,13.0,47.42879256965944,33.0,-4.52733394510909,28.842302055205387,True,29.710042569659443,65.14754256965944,True
2025_12_PIT_CHI,2025,12,2025-11-23T13:00-05:00,3.818358219420543,3.0,41.361111111111114,59.0,-12.866459780736697,20.50317621957778,True,23.642361111111114,59.079861111111114,True
2025_12_SEA_TEN,2025,12,2025-11-23T13:00-05:00,-12.44113120582221,-6.0,44.529411764705884,54.0,-29.12594920597945,4.24368679433503,True,26.810661764705884,62.248161764705884,True
2025_12_CLE_LV,2025,12,2025-11-23T16:05-05:00,2.570550353508745,-14.0,42.23529411764706,34.0,-14.114267646648495,19.255368353665986,True,24.516544117647058,59.95404411764706,True
2025_12_JAX_ARI,2025,12,2025-11-23T16:05-05:00,-0.14083386767433181,-3.0,45.11764705882353,51.0,-16.82565186783157,16.543984132482908,True,27.39889705882353,62.83639705882353,True
2025_12_ATL_NO,2025,12,2025-11-23T16:25-05:00,-1.0981526306516285,-14.0,45.529411764705884,34.0,-17.78297063080887,15.58666536950561,True,27.810661764705884,63.248161764705884,True
2025_12_PHI_DAL,2025,12,2025-11-23T16:25-05:00,-2.3895998027975667,3.0,47.582633053221286,45.0,-19.074417802954805,14.295218197359674,True,29.863883053221286,65.30138305322129,True
2025_12_TB_LA,2025,12,2025-11-23T20:20-05:00,5.44830697902244,27.0,47.91228070175438,41.0,-11.236511021134799,22.13312497917968,False,30.193530701754383,65.63103070175438,True
2025_12_CAR_SF,2025,12,2025-11-24T20:15-05:00,8.851929932607172,11.0,50.0,29.0,-7.832888067550067,25.536747932764413,True,32.28125,67.71875,False
2025_13_GB_DET,2025,13,2025-11-27T13:00-05:00,1.8965387517977002,-7.0,50.333333333333336,55.0,-14.78827924835954,18.58135675195494,True,32.614583333333336,68.05208333333334,True
2025_13_KC_DAL,2025,13,2025-11-27T16:30-05:00,-2.7055785099150054,3.0,45.83382352941177,59.0,-19.390396510072243,13.979239490242234,True,28.115073529411767,63.55257352941177,True
2025_13_CIN_BAL,2025,13,2025-11-27T20:20-05:00,7.375291870443632,-18.0,52.25232198142415,46.0,-9.309526129713607,24.060109870600872,False,34.53357198142415,69.97107198142416,True
2025_13_CHI_PHI,2025,13,2025-11-28T15:00-05:00,4.603555780835922,-9.0,43.523809523809526,39.0,-12.081262219321317,21.28837378099316,True,25.805059523809526,61.242559523809526,True
2025_13_ARI_TB,2025,13,2025-11-30T13:00-05:00,2.6346579443802813,3.0,48.74509803921569,37.0,-14.050160055776958,19.319475944537523,True,31.02634803921569,66.46384803921569,True
2025_13_ATL_NYJ,2025,13,2025-11-30T13:00-05:00,-3.1392174356773412,3.0,45.705882352941174,51.0,-19.82403543583458,13.545600564479898,True,27.987132352941174,63.424632352941174,True
2025_13_HOU_IND,2025,13,2025-11-30T13:00-05:00,1.5651405122255244,-4.0,45.357585139318886,36.0,-15.119677487931716,18.249958512382765,True,27.638835139318886,63.076335139318886,True
2025_13_JAX_TEN,2025,13,2025-11-30T13:00-05:00,-6.2140106262960515,-22.0,44.88235294117647,28.0,-22.89882862645329,10.470807373861188,True,27.16360294117647,62.60110294117647,True
2025_13_LA_CAR,2025,13,2025-11-30T13:00-05:00,-11.225502911613827,3.0,47.81424148606811,59.0,-27.910320911771066,5.459315088543413,True,30.095491486068113,65.53299148606811,True
2025_13_NO_MIA,2025,13,2025-11-30T13:00-05:00,7.7802247772498685,4.0,42.5,38.0,-8.904593222907371,24.465042777407106,True,24.78125,60.21875,True
2025_13_SF_CLE,2025,13,2025-11-30T13:00-05:00,-7.0087416190136835,-18.0,44.64705882352941,34.0,-23.693559619170923,9.676076381143556,True,26.928308823529413,62.36580882352941,True
2025_13_MIN_SEA,2025,13,2025-11-30T16:05-05:00,11.583400823178309,26.0,44.07516339869281,26.0,-5.101417176978931,28.26821882333555,True,26.35641339869281,61.79391339869281,False
2025_13_BUF_PIT,2025,13,2025-11-30T16:25-05:00,-1.7403921033801173,-19.0,47.46111111111111,33.0,-18.425210103537356,14.944425896777123,False,29.74236111111111,65.17986111111111,True
2025_13_LV_LAC,2025,13,2025-11-30T16:25-05:00,11.01842630574957,17.0,42.60294117647059,45.0,-5.66639169440767,27.703244305906807,True,24.884191176470587,60.32169117647059,True
2025_13_DEN_WAS,2025,13,2025-11-30T20:20-05:00,-5.641685861548171,-1.0,48.325,53.0,-22.32650386170541,11.043132138609067,True,30.606250000000003,66.04375,True
2025_13_NYG_NE,2025,13,2025-12-01T20:15-05:00,8.493016715352283,18.0,41.0,48.0,-8.191801284804956,25.177834715509523,True,23.28125,58.71875,True
2025_14_DAL_DET,2025,14,2025-12-04T20:15-05:00,4.977225804878742,14.0,51.33660130718955,74.0,-11.707592195278497,21.66204380503598,True,33.61785130718955,69.05535130718954,False
2025_14_CIN_BUF,2025,14,2025-12-07T13:00-05:00,6.430898557152283,5.0,52.747058823529414,73.0,-10.253919443004957,23.115716557309522,True,35.028308823529414,70.46580882352941,False
2025_14_IND_JAX,2025,14,2025-12-07T13:00-05:00,-1.8764723216290067,17.0,45.85294117647059,55.0,-18.561290321786245,14.808345678528234,False,28.134191176470587,63.57169117647059,True
2025_14_MIA_NYJ,2025,14,2025-12-07T13:00-05:00,-2.8625246485532347,-24.0,42.67647058823529,44.0,-19.547342648710476,13.822293351604005,False,24.95772058823529,60.39522058823529,True
2025_14_NO_TB,2025,14,2025-12-07T13:00-05:00,10.63425108917176,-4.0,47.48039215686275,44.0,-6.050566910985479,27.319069089329,True,29.76164215686275,65.19914215686275,True
2025_14_PIT_BAL,2025,14,2025-12-07T13:00-05:00,5.775385374125307,-5.0,46.96637426900585,49.0,-10.909432626031933,22.460203374282546,True,29.247624269005847,64.68512426900585,True
2025_14_SEA_ATL,2025,14,2025-12-07T13:00-05:00,-5.0858413590552125,-28.0,45.73529411764706,46.0,-21.770659359212452,11.598976641102027,False,28.016544117647058,63.45404411764706,True
2025_14_TEN_CLE,2025,14,2025-12-07T13:00-05:00,4.431308194520433,-2.0,43.05882352941177,60.0,-12.253509805636806,21.116126194677673,True,25.340073529411768,60.77757352941177,True
2025_14_WAS_MIN,2025,14,2025-12-07T13:00-05:00,-3.594961938165677,31.0,49.047222222222224,31.0,-20.279779938322918,13.089856061991561,False,31.328472222222224,66.76597222222222,False
2025_14_DEN_LV,2025,14,2025-12-07T16:05-05:00,-10.769402481354966,-7.0,43.35294117647059,41.0,-27.454220481512206,5.9154155188022735,True,25.634191176470587,61.07169117647059,True
2025_14_CHI_GB,2025,14,2025-12-07T16:25-05:00,4.653689524809261,7.0,43.05555555555556,49.0,-12.031128475347979,21.338507524966502,True,25.336805555555557,60.77430555555556,True
2025_14_LA_ARI,2025,14,2025-12-07T16:25-05:00,-8.309584670237534,-28.0,44.9907120743034,62.0,-24.994402670394773,8.375233329919705,False,27.271962074303403,62.7094620743034,True
2025_14_HOU_KC,2025,14,2025-12-07T20:20-05:00,3.4247704958333895,-10.0,43.48552631578947,30.0,-13.26004750432385,20.10958849599063,True,25.76677631578947,61.20427631578947,True
2025_14_PHI_LAC,2025,14,2025-12-08T20:15-05:00,-3.831780983341984,3.0,44.273809523809526,41.0,-20.51659898349922,12.853037016815255,True,26.555059523809526,61.992559523809526,True
2025_15_ATL_TB,2025,15,2025-12-11T20:15-05:00,6.0997381318509865,-1.0,49.71568627450981,57.0,-10.585079868306252,22.784556132008227,True,31.996936274509807,67.4344362745098,True
2025_15_ARI_HOU,2025,15,2025-12-14T13:00-05:00,10.132757173154806,20.0,44.62229102167183,60.0,-6.552060827002434,26.817575173312044,True,26.903541021671828,62.34104102167183,True
2025_15_BAL_CIN,2025,15,2025-12-14T13:00-05:00,-0.4000169901904376,-24.0,52.25232198142415,24.0,-17.084834990347677,16.284801009966802,False,34.53357198142415,69.97107198142416,False
2025_15_BUF_NE,2025,15,2025-12-14T13:00-05:00,0.034891614049078756,-4.0,46.86470588235294,66.0,-16.64992638610816,16.71970961420632,True,29.145955882352943,64.58345588235295,False
2025_15_CLE_CHI,2025,15,2025-12-14T13:00-05:00,10.444723032251584,28.0,40.38235294117647,34.0,-6.240094967905655,27.129541032408824,False,22.66360294117647,58.10110294117647,True
2025_15_LAC_KC,2025,15,2025-12-14T13:00-05:00,5.454017961034644,-3.0,42.525,29.0,-11.230800039122595,22.138835961191884,True,24.80625,60.24375,True
2025_15_LV_PHI,2025,15,2025-12-14T13:00-05:00,14.324274466594852,31.0,45.37675070028011,31.0,-2.360543533562387,31.009092466752094,True,27.658000700280112,63.09550070028011,True
2025_15_NYJ_JAX,2025,15,2025-12-14T13:00-05:00,12.395615781563475,28.0,44.029411764705884,68.0,-4.289202218593765,29.080433781720714,True,26.310661764705884,61.748161764705884,False
2025_15_WAS_NYG,2025,15,2025-12-14T13:00-05:00,1.9824533662429014,-8.0,47.06029411764706,50.0,-14.702364633914339,18.66727136640014,True,29.34154411764706,64.77904411764706,True
2025_15_CAR_NO,2025,15,2025-12-14T16:25-05:00,-1.641685336137339,3.0,47.38235294117647,37.0,-18.32650333629458,15.0431326640199,True,29.66360294117647,65.10110294117646,True
2025_15_DET_LA,2025,15,2025-12-14T16:25-05:00,4.309662168157109,7.0,49.35672514619883,75.0,-12.37515583200013,20.994480168314347,True,31.637975146198833,67.07547514619884,False
2025_15_GB_DEN,2025,15,2025-12-14T16:25-05:00,-0.6701144702134614,8.0,44.55555555555556,60.0,-17.354932470370702,16.014703529943777,True,26.836805555555557,62.27430555555556,True
2025_15_IND_SEA,2025,15,2025-12-14T16:25-05:00,8.01226804817702,2.0,45.5,34.0,-8.67254995198022,24.69708604833426,True,27.78125,63.21875,True
2025_15_TEN_SF,2025,15,2025-12-14T16:25-05:00,14.75489010000543,13.0,46.94117647058823,61.0,-1.9299279001518101,31.43970810016267,True,29.222426470588232,64.65992647058823,True
2025_15_MIN_DAL,2025,15,2025-12-14T20:20-05:00,7.3296104220702745,-8.0,46.28104575163399,60.0,-9.355207578086965,24.014428422227514,True,28.56229575163399,63.99979575163399,True
2025_15_MIA_PIT,2025,15,2025-12-15T20:15-05:00,1.425489013070313,13.0,42.214052287581694,43.0,-15.259328987086926,18.11030701322755,True,24.495302287581694,59.932802287581694,True
2025_16_LA_SEA,2025,16,2025-12-18T20:15-05:00,-0.5712457794965486,1.0,43.93188854489164,75.0,-17.25606377965379,16.11357222066069,True,26.213138544891642,61.65063854489164,False
2025_16_PHI_WAS,2025,16,2025-12-20T17:00-05:00,-7.501737465002795,-11.0,50.34880952380952,47.0,-24.186555465160033,9.183080535154446,True,32.63005952380952,68.06755952380952,True
2025_16_GB_CHI,2025,16,2025-12-20T20:20-05:00,0.17141252555614273,6.0,43.05555555555556,38.0,-16.513405474601097,16.856230525713382,True,25.336805555555557,60.77430555555556,True
2025_16_BUF_CLE,2025,16,2025-12-21T13:00-05:00,-12.871547381567677,-3.0,46.48235294117647,43.0,-29.556365381724916,3.813270618589563,True,28.763602941176472,64.20110294117647,True
2025_16_CIN_MIA,2025,16,2025-12-21T13:00-05:00,-0.38972828734683107,-24.0,47.5,66.0,-17.07454628750407,16.29508971281041,False,29.78125,65.21875,False
2025_16_KC_TEN,2025,16,2025-12-21T13:00-05:00,-5.788988197283338,17.0,44.451470588235296,35.0,-22.473806197440577,10.895829802873902,False,26.732720588235296,62.170220588235296,True
2025_16_LAC_DAL,2025,16,2025-12-21T13:00-05:00,-0.07432869007643239,-17.0,44.80882352941177,51.0,-16.75914669023367,16.61048931008081,False,27.090073529411768,62.52757352941177,True
2025_16_MIN_NYG,2025,16,2025-12-21T13:00-05:00,1.9127688583371918,-3.0,42.45751633986928,29.0,-14.772049141820048,18.59758685849443,True,24.73876633986928,60.17626633986928,True
2025_16_NYJ_NO,2025,16,2025-12-21T13:00-05:00,6.926706360851408,23.0,43.470588235294116,35.0,-9.758111639305831,23.611524361008648,True,25.751838235294116,61.189338235294116,True
2025_16_TB_CAR,2025,16,2025-12-21T13:00-05:00,-2.125509641868292,3.0,51.568627450980394,43.0,-18.81032764202553,14.559308358288948,True,33.849877450980394,69.28737745098039,True
2025_16_ATL_ARI,2025,16,2025-12-21T16:05-05:00,-0.5960907936119613,-7.0,46.794117647058826,45.0,-17.2809087937692,16.08872720654528,True,29.075367647058826,64.51286764705883,True
2025_16_JAX_DEN,2025,16,2025-12-21T16:05-05:00,2.0627923517961277,-14.0,43.705882352941174,54.0,-14.622025648361111,18.747610351953366,True,25.987132352941174,61.424632352941174,True
2025_16_LV_HOU,2025,16,2025-12-21T16:25-05:00,16.38881749588399,2.0,43.56346749226006,44.0,-0.2960005042732483,33.073635496041234,True,25.84471749226006,61.28221749226006,True
2025_16_PIT_DET,2025,16,2025-12-21T16:25-05:00,5.962253294923837,-5.0,48.638888888888886,53.0,-10.722564705233403,22.647071295081076,True,30.920138888888886,66.35763888888889,True
2025_16_NE_BAL,2025,16,2025-12-21T20:20-05:00,1.6947598136733266,-4.0,46.36996904024768,52.0,-14.990058186483912,18.379577813830565,True,28.651219040247682,64.08871904024768,True
2025_16_SF_IND,2025,16,2025-12-22T20:15-05:00,-1.6711549419091862,-21.0,47.911764705882355,75.0,-18.355972942066426,15.013663058248053,False,30.193014705882355,65.63051470588235,False
2025_17_DAL_WAS,2025,17,2025-12-25T13:00-05:00,-3.702907842263625,-7.0,50.88382352941177,53.0,-20.387725842420863,12.981910157893616,True,33.16507352941177,68.60257352941177,True
2025_17_DET_MIN,2025,17,2025-12-25T16:30-05:00,-8.489698292125603,13.0,49.5,33.0,-25.174516292282842,8.195119708031637,False,31.78125,67.21875,True
2025_17_DEN_KC,2025,17,2025-12-25T20:15-05:00,-2.9787884350826634,-7.0,43.275,33.0,-19.663606435239902,13.706029565074576,True,25.55625,60.99375,True
2025_17_HOU_LAC,2025,17,2025-12-27T16:30-05:00,0.6255316135388878,-4.0,42.46052631578947,36.0,-16.059286386618354,17.310349613696125,True,24.741776315789473,60.17927631578947,True
2025_17_BAL_GB,2025,17,2025-12-27T20:00-05:00,0.7254928529617357,-17.0,48.6608187134503,65.0,-15.959325147195504,17.410310853118975,False,30.942068713450297,66.3795687134503,True
2025_17_ARI_CIN,2025,17,2025-12-28T13:00-05:00,6.32875847244347,23.0,49.55882352941177,51.0,-10.35605952771377,23.01357647260071,True,31.840073529411768,67.27757352941177,True
2025_17_JAX_IND,2025,17,2025-12-28T13:00-05:00,-2.763105806072462,-6.0,45.85294117647059,40.0,-19.447923806229703,13.921712194084778,True,28.134191176470587,63.57169117647059,True
2025_17_NE_NYJ,2025,17,2025-12-28T13:00-05:00,-7.72729647123074,-32.0,42.58823529411765,52.0,-24.41211447138798,8.957521528926499,False,24.869485294117652,60.30698529411765,True
2025_17_NO_TEN,2025,17,2025-12-28T13:00-05:00,-1.145064868885143,-8.0,44.3235294117647,60.0,-17.829882869042383,15.539753131272096,True,26.604779411764703,62.0422794117647,True
2025_17_PIT_CLE,2025,17,2025-12-28T13:00-05:00,-9.283976134919985,7.0,41.74346405228758,19.0,-25.968794135077225,7.400841865237254,True,24.024714052287578,59.46221405228758,False
2025_17_SEA_CAR,2025,17,2025-12-28T13:00-05:00,-7.118745286734251,-17.0,47.588235294117645,37.0,-23.80356328689149,9.566072713422988,True,29.869485294117645,65.30698529411765,True
2025_17_TB_MIA,2025,17,2025-12-28T13:00-05:00,-3.0012409421469943,3.0,46.68627450980392,37.0,-19.686058942304236,13.683577058010245,True,28.967524509803923,64.40502450980392,True
2025_17_NYG_LV,2025,17,2025-12-28T16:05-05:00,-1.8534282372665878,-24.0,42.088235294117645,44.0,-18.538246237423827,14.831389762890652,False,24.369485294117645,59.806985294117645,True
2025_17_PHI_BUF,2025,17,2025-12-28T16:25-05:00,1.5075759601589382,-1.0,49.62380952380953,25.0,-15.177242039998301,18.192393960316178,True,31.905059523809527,67.34255952380953,False
2025_17_CHI_SF,2025,17,2025-12-28T20:20-05:00,2.6936290717331746,4.0,44.26470588235294,80.0,-13.991188928424066,19.378447071890413,True,26.545955882352942,61.98345588235294,False
2025_17_LA_ATL,2025,17,2025-12-29T20:15-05:00,-9.660093349985186,3.0,45.961300309597526,51.0,-26.344911350142425,7.024724650172054,True,28.242550309597526,63.680050309597526,True
2025_18_CAR_TB,2025,18,2026-01-03T16:30-05:00,5.047059445431752,2.0,51.568627450980394,30.0,-11.637758554725487,21.731877445588992,True,33.849877450980394,69.28737745098039,False
2025_18_SEA_SF,2025,18,2026-01-03T20:00-05:00,0.45196693305267255,-10.0,46.11764705882353,16.0,-16.232851067104566,17.136784933209913,True,28.39889705882353,63.83639705882353,False
2025_18_CLE_CIN,2025,18,2026-01-04T13:00-05:00,12.040794476714582,-2.0,47.029411764705884,38.0,-4.644023523442657,28.725612476871824,True,29.310661764705884,64.74816176470588,True
2025_18_DAL_NYG,2025,18,2026-01-04T13:00-05:00,-0.6510035231995435,17.0,44.294117647058826,51.0,-17.335821523356785,16.033814476957694,False,26.575367647058826,62.012867647058826,True
2025_18_GB_MIN,2025,18,2026-01-04T13:00-05:00,1.5583632141714578,13.0,45.27777777777778,19.0,-15.126454785985782,18.243181214328697,True,27.55902777777778,62.99652777777778,False
2025_18_IND_HOU,2025,18,2026-01-04T13:00-05:00,8.113924799029052,8.0,45.357585139318886,68.0,-8.570893201128188,24.798742799186293,True,27.638835139318886,63.076335139318886,False
2025_18_NO_ATL,2025,18,2026-01-04T13:00-05:00,2.8817399601752776,2.0,45.529411764705884,36.0,-13.803078039981962,19.566557960332517,True,27.810661764705884,63.248161764705884,True
2025_18_TEN_JAX,2025,18,2026-01-04T13:00-05:00,13.652912152969858,34.0,44.88235294117647,48.0,-3.0319058471873817,30.337730153127097,False,27.16360294117647,62.60110294117647,True
2025_18_ARI_LA,2025,18,2026-01-04T16:25-05:00,13.888833044484922,17.0,44.9907120743034,57.0,-2.795984955672317,30.573651044642162,True,27.271962074303403,62.7094620743034,True
2025_18_DET_CHI,2025,18,2026-01-04T16:25-05:00,3.517050318785957,-3.0,47.27777777777778,35.0,-13.167767681371283,20.2018683189432,True,29.55902777777778,64.99652777777777,True
2025_18_KC_LV,2025,18,2026-01-04T16:25-05:00,-7.2492986107826685,2.0,43.627941176470586,26.0,-23.93411661093991,9.435519389374571,True,25.909191176470586,61.346691176470586,True
2025_18_LAC_DEN,2025,18,2026-01-04T16:25-05:00,6.0025830659526695,16.0,42.25,22.0,-10.682234934204569,22.68740106610991,True,24.53125,59.96875,False
2025_18_MIA_NE,2025,18,2026-01-04T16:25-05:00,10.675327836075933,28.0,41.61764705882353,48.0,-6.009490164081306,27.360145836233173,False,23.89889705882353,59.33639705882353,True
2025_18_NYJ_BUF,2025,18,2026-01-04T16:25-05:00,15.821744688665815,27.0,47.923529411764704,43.0,-0.8630733114914246,32.50656268882305,True,30.204779411764704,65.6422794117647,True
2025_18_WAS_PHI,2025,18,2026-01-04T16:25-05:00,10.365483056385857,-7.0,50.34880952380952,41.0,-6.319334943771382,27.0503010565431,False,32.63005952380952,68.06755952380952,True
2025_18_BAL_PIT,2025,18,2026-01-04T20:20-05:00,-1.7179190542079237,2.0,46.96637426900585,50.0,-18.40273705436516,14.966898945949316,True,29.247624269005847,64.68512426900585,True
