game_id,season,week,gameday,home,away,actual_total,prior_history_through,current_history_through,league_prior,home_prior_games,home_current_games,home_prior_pf,home_current_pf,home_prior_pa,home_current_pa,away_prior_games,away_current_games,away_prior_pf,away_current_pf,away_prior_pa,away_current_pa,pfpa_prior,shrink_4,shrink_8
2018_01_ATL_PHI,2018,1,2018-09-06,PHI,ATL,30,2018-02-04,,43.62921348314607,19,0,29.0,0.0,18.157894736842106,0.0,18,0,21.61111111111111,0.0,19.055555555555557,0.0,43.91228070175438,43.91228070175438,43.91228070175438
2018_01_BUF_BAL,2018,1,2018-09-09,BAL,BUF,50,2018-02-04,2018-09-06,43.62921348314607,16,0,24.6875,0.0,18.9375,0.0,17,0,17.941176470588236,0.0,21.705882352941178,0.0,41.63602941176471,41.63602941176471,41.63602941176471
2018_01_CHI_GB,2018,1,2018-09-09,GB,CHI,47,2018-02-04,2018-09-06,43.62921348314607,16,0,20.0,0.0,24.0,0.0,16,0,16.5,0.0,20.0,0.0,40.25,40.25,40.25
2018_01_CIN_IND,2018,1,2018-09-09,IND,CIN,57,2018-02-04,2018-09-06,43.62921348314607,16,0,16.4375,0.0,25.25,0.0,16,0,18.125,0.0,21.8125,0.0,40.8125,40.8125,40.8125
2018_01_DAL_CAR,2018,1,2018-09-09,CAR,DAL,24,2018-02-04,2018-09-06,43.62921348314607,17,0,22.88235294117647,0.0,21.058823529411764,0.0,16,0,22.125,0.0,20.75,0.0,43.408088235294116,43.408088235294116,43.408088235294116
2018_01_HOU_NE,2018,1,2018-09-09,NE,HOU,47,2018-02-04,2018-09-06,43.62921348314607,19,0,28.94736842105263,0.0,19.526315789473685,0.0,16,0,21.125,0.0,27.25,0.0,48.42434210526316,48.42434210526316,48.42434210526316
2018_01_JAX_NYG,2018,1,2018-09-09,NYG,JAX,35,2018-02-04,2018-09-06,43.62921348314607,16,0,15.375,0.0,24.25,0.0,19,0,25.894736842105264,0.0,17.736842105263158,0.0,41.62828947368421,41.62828947368421,41.62828947368421
2018_01_KC_LAC,2018,1,2018-09-09,LAC,KC,66,2018-02-04,2018-09-06,43.62921348314607,16,0,22.1875,0.0,17.0,0.0,17,0,25.647058823529413,0.0,21.235294117647058,0.0,43.03492647058823,43.03492647058823,43.03492647058823
2018_01_PIT_CLE,2018,1,2018-09-09,CLE,PIT,42,2018-02-04,2018-09-06,43.62921348314607,16,0,14.625,0.0,25.625,0.0,17,0,26.352941176470587,0.0,20.764705882352942,0.0,43.68382352941177,43.68382352941177,43.68382352941177
2018_01_SEA_DEN,2018,1,2018-09-09,DEN,SEA,51,2018-02-04,2018-09-06,43.62921348314607,16,0,18.0625,0.0,23.875,0.0,16,0,22.875,0.0,20.75,0.0,42.78125,42.78125,42.78125
2018_01_SF_MIN,2018,1,2018-09-09,MIN,SF,40,2018-02-04,2018-09-06,43.62921348314607,18,0,23.22222222222222,0.0,17.444444444444443,0.0,16,0,20.6875,0.0,23.9375,0.0,42.64583333333333,42.64583333333333,42.64583333333333
2018_01_TB_NO,2018,1,2018-09-09,NO,TB,88,2018-02-04,2018-09-06,43.62921348314607,18,0,27.944444444444443,0.0,21.166666666666668,0.0,16,0,20.9375,0.0,23.875,0.0,46.96180555555556,46.96180555555556,46.96180555555556
2018_01_TEN_MIA,2018,1,2018-09-09,MIA,TEN,47,2018-02-04,2018-09-06,43.62921348314607,16,0,17.5625,0.0,24.5625,0.0,18,0,20.555555555555557,0.0,22.88888888888889,0.0,42.78472222222222,42.78472222222222,42.78472222222222
2018_01_WAS_ARI,2018,1,2018-09-09,ARI,WAS,30,2018-02-04,2018-09-06,43.62921348314607,16,0,18.4375,0.0,22.5625,0.0,16,0,21.375,0.0,24.25,0.0,43.3125,43.3125,43.3125
2018_01_LA_OAK,2018,1,2018-09-10,LV,LAR,46,2018-02-04,2018-09-09,43.62921348314607,16,0,18.8125,0.0,23.3125,0.0,17,0,28.88235294117647,0.0,20.88235294117647,0.0,45.94485294117647,45.94485294117647,45.94485294117647
2018_01_NYJ_DET,2018,1,2018-09-10,DET,NYJ,65,2018-02-04,2018-09-09,43.62921348314607,16,0,25.625,0.0,23.5,0.0,16,0,18.625,0.0,23.875,0.0,45.8125,45.8125,45.8125
2018_02_BAL_CIN,2018,2,2018-09-13,CIN,BAL,57,2018-02-04,2018-09-10,43.62921348314607,16,1,18.125,34.0,21.8125,23.0,16,1,24.6875,47.0,18.9375,3.0,41.78125,44.125,43.083333333333336
2018_02_ARI_LA,2018,2,2018-09-16,LAR,ARI,34,2018-02-04,2018-09-13,43.62921348314607,17,1,28.88235294117647,33.0,20.88235294117647,13.0,16,1,18.4375,6.0,22.5625,24.0,45.38235294117647,43.90588235294118,44.56209150326797
2018_02_CAR_ATL,2018,2,2018-09-16,ATL,CAR,55,2018-02-04,2018-09-13,43.62921348314607,18,1,21.61111111111111,12.0,19.055555555555557,18.0,17,1,22.88235294117647,16.0,21.058823529411764,8.0,42.30392156862745,39.24313725490196,40.60348583877996
2018_02_CLE_NO,2018,2,2018-09-16,NO,CLE,39,2018-02-04,2018-09-13,43.62921348314607,18,1,27.944444444444443,40.0,21.166666666666668,48.0,16,1,14.625,21.0,25.625,21.0,44.68055555555556,48.74444444444445,46.93827160493827
2018_02_DET_SF,2018,2,2018-09-16,SF,DET,57,2018-02-04,2018-09-13,43.62921348314607,16,1,20.6875,16.0,23.9375,24.0,16,1,25.625,17.0,23.5,48.0,46.875,48.0,47.5
2018_02_HOU_TEN,2018,2,2018-09-16,TEN,HOU,37,2018-02-04,2018-09-13,43.62921348314607,18,1,20.555555555555557,20.0,22.88888888888889,27.0,16,1,21.125,20.0,27.25,27.0,45.90972222222222,46.12777777777778,46.03086419753087
2018_02_IND_WAS,2018,2,2018-09-16,WAS,IND,30,2018-02-04,2018-09-13,43.62921348314607,16,1,21.375,24.0,24.25,6.0,16,1,16.4375,23.0,25.25,34.0,43.65625,43.625,43.638888888888886
2018_02_KC_PIT,2018,2,2018-09-16,PIT,KC,79,2018-02-04,2018-09-13,43.62921348314607,17,1,26.352941176470587,21.0,20.764705882352942,21.0,17,1,25.647058823529413,38.0,21.235294117647058,28.0,47.0,48.4,47.77777777777778
2018_02_LAC_BUF,2018,2,2018-09-16,BUF,LAC,51,2018-02-04,2018-09-13,43.62921348314607,17,1,17.941176470588236,3.0,21.705882352941178,47.0,16,1,22.1875,28.0,17.0,38.0,39.41727941176471,43.133823529411764,41.48202614379085
2018_02_MIA_NYJ,2018,2,2018-09-16,NYJ,MIA,32,2018-02-04,2018-09-13,43.62921348314607,16,1,18.625,48.0,23.875,17.0,16,1,17.5625,27.0,24.5625,20.0,42.3125,45.05,43.833333333333336
2018_02_MIN_GB,2018,2,2018-09-16,GB,MIN,58,2018-02-04,2018-09-13,43.62921348314607,16,1,20.0,24.0,24.0,23.0,18,1,23.22222222222222,24.0,17.444444444444443,16.0,42.33333333333333,42.56666666666666,42.46296296296296
2018_02_NE_JAX,2018,2,2018-09-16,JAX,NE,51,2018-02-04,2018-09-13,43.62921348314607,19,1,25.894736842105264,20.0,17.736842105263158,15.0,19,1,28.94736842105263,27.0,19.526315789473685,20.0,46.05263157894737,45.04210526315789,45.49122807017544
2018_02_NYG_DAL,2018,2,2018-09-16,DAL,NYG,33,2018-02-04,2018-09-13,43.62921348314607,16,1,22.125,8.0,20.75,16.0,16,1,15.375,15.0,24.25,20.0,41.25,38.9,39.94444444444444
2018_02_OAK_DEN,2018,2,2018-09-16,DEN,LV,39,2018-02-04,2018-09-13,43.62921348314607,16,1,18.0625,27.0,23.875,24.0,16,1,18.8125,13.0,23.3125,33.0,42.03125,43.325,42.75
2018_02_PHI_TB,2018,2,2018-09-16,TB,PHI,48,2018-02-04,2018-09-13,43.62921348314607,16,1,20.9375,48.0,23.875,40.0,19,1,29.0,18.0,18.157894736842106,12.0,45.985197368421055,48.588157894736845,47.4312865497076
2018_02_SEA_CHI,2018,2,2018-09-17,CHI,SEA,41,2018-02-04,2018-09-16,43.62921348314607,16,1,16.5,23.0,20.0,24.0,16,1,22.875,24.0,20.75,27.0,40.0625,41.85,41.05555555555556
2018_03_NYJ_CLE,2018,3,2018-09-20,CLE,NYJ,38,2018-02-04,2018-09-17,43.62921348314607,16,2,14.625,39.0,25.625,42.0,16,2,18.625,60.0,23.875,37.0,41.375,42.416666666666664,42.0
2018_03_BUF_MIN,2018,3,2018-09-23,MIN,BUF,33,2018-02-04,2018-09-20,43.62921348314607,18,2,23.22222222222222,53.0,17.444444444444443,45.0,17,2,17.941176470588236,23.0,21.705882352941178,78.0,40.15686274509804,43.35457516339869,42.075490196078434
2018_03_CHI_ARI,2018,3,2018-09-23,ARI,CHI,30,2018-02-04,2018-09-20,43.62921348314607,16,2,18.4375,6.0,22.5625,58.0,16,2,16.5,47.0,20.0,41.0,38.75,38.5,38.6
2018_03_CIN_CAR,2018,3,2018-09-23,CAR,CIN,52,2018-02-04,2018-09-20,43.62921348314607,17,2,22.88235294117647,40.0,21.058823529411764,39.0,16,2,18.125,68.0,21.8125,46.0,41.939338235294116,44.04289215686275,43.201470588235296
2018_03_DAL_SEA,2018,3,2018-09-23,SEA,DAL,37,2018-02-04,2018-09-20,43.62921348314607,16,2,22.875,41.0,20.75,51.0,16,2,22.125,28.0,20.75,29.0,43.25,41.25,42.05
2018_03_DEN_BAL,2018,3,2018-09-23,BAL,DEN,41,2018-02-04,2018-09-20,43.62921348314607,16,2,24.6875,70.0,18.9375,37.0,16,2,18.0625,47.0,23.875,43.0,42.78125,44.9375,44.075
2018_03_GB_WAS,2018,3,2018-09-23,WAS,GB,48,2018-02-04,2018-09-20,43.62921348314607,16,2,21.375,33.0,24.25,27.0,16,2,20.0,53.0,24.0,52.0,44.8125,43.625,44.1
2018_03_IND_PHI,2018,3,2018-09-23,PHI,IND,36,2018-02-04,2018-09-20,43.62921348314607,19,2,29.0,39.0,18.157894736842106,39.0,16,2,16.4375,44.0,25.25,43.0,44.422697368421055,43.36513157894737,43.78815789473684
2018_03_LAC_LA,2018,3,2018-09-23,LAR,LAC,58,2018-02-04,2018-09-20,43.62921348314607,17,2,28.88235294117647,67.0,20.88235294117647,13.0,16,2,22.1875,59.0,17.0,58.0,44.47610294117647,46.067401960784316,45.430882352941175
2018_03_NE_DET,2018,3,2018-09-23,DET,NE,36,2018-02-04,2018-09-20,43.62921348314607,16,2,25.625,44.0,23.5,78.0,19,2,28.94736842105263,47.0,19.526315789473685,51.0,48.79934210526316,50.86622807017544,50.03947368421053
2018_03_NO_ATL,2018,3,2018-09-23,ATL,NO,80,2018-02-04,2018-09-20,43.62921348314607,18,2,21.61111111111111,43.0,19.055555555555557,42.0,18,2,27.944444444444443,61.0,21.166666666666668,66.0,44.888888888888886,47.592592592592595,46.51111111111111
2018_03_NYG_HOU,2018,3,2018-09-23,HOU,NYG,49,2018-02-04,2018-09-20,43.62921348314607,16,2,21.125,37.0,27.25,47.0,16,2,15.375,28.0,24.25,40.0,44.0,42.0,42.8
2018_03_OAK_MIA,2018,3,2018-09-23,MIA,LV,48,2018-02-04,2018-09-20,43.62921348314607,16,2,17.5625,47.0,24.5625,32.0,16,2,18.8125,32.0,23.3125,53.0,42.125,41.75,41.9
2018_03_SF_KC,2018,3,2018-09-23,KC,SF,65,2018-02-04,2018-09-20,43.62921348314607,17,2,25.647058823529413,80.0,21.235294117647058,65.0,16,2,20.6875,46.0,23.9375,51.0,45.75367647058823,50.669117647058826,48.70294117647059
2018_03_TEN_JAX,2018,3,2018-09-23,JAX,TEN,15,2018-02-04,2018-09-20,43.62921348314607,19,2,25.894736842105264,51.0,17.736842105263158,35.0,18,2,20.555555555555557,40.0,22.88888888888889,44.0,43.538011695906434,43.19200779727095,43.33040935672515
2018_03_PIT_TB,2018,3,2018-09-24,TB,PIT,57,2018-02-04,2018-09-23,43.62921348314607,16,2,20.9375,75.0,23.875,61.0,17,2,26.352941176470587,58.0,20.764705882352942,63.0,45.96507352941177,52.060049019607845,49.622058823529414
2018_04_MIN_LA,2018,4,2018-09-27,LAR,MIN,69,2018-02-04,2018-09-24,43.62921348314607,17,3,28.88235294117647,102.0,20.88235294117647,36.0,18,3,23.22222222222222,59.0,17.444444444444443,72.0,45.21568627450981,45.05182072829132,45.11140819964349
2018_04_BAL_PIT,2018,4,2018-09-30,PIT,BAL,40,2018-02-04,2018-09-27,43.62921348314607,17,3,26.352941176470587,88.0,20.764705882352942,90.0,16,3,24.6875,97.0,18.9375,51.0,45.37132352941177,49.21218487394958,47.81550802139037
2018_04_BUF_GB,2018,4,2018-09-30,GB,BUF,22,2018-02-04,2018-09-27,43.62921348314607,16,3,20.0,70.0,24.0,83.0,17,3,17.941176470588236,50.0,21.705882352941178,84.0,41.82352941176471,44.39915966386555,43.462566844919785
2018_04_CIN_ATL,2018,4,2018-09-30,ATL,CIN,73,2018-02-04,2018-09-27,43.62921348314607,18,3,21.61111111111111,80.0,19.055555555555557,85.0,16,3,18.125,89.0,21.8125,77.0,40.302083333333336,46.67261904761905,44.35606060606061
2018_04_CLE_OAK,2018,4,2018-09-30,LV,CLE,87,2018-02-04,2018-09-27,43.62921348314607,16,3,18.8125,52.0,23.3125,81.0,16,3,14.625,60.0,25.625,59.0,41.1875,41.535714285714285,41.40909090909091
2018_04_DET_DAL,2018,4,2018-09-30,DAL,DET,50,2018-02-04,2018-09-27,43.62921348314607,16,3,22.125,41.0,20.75,53.0,16,3,25.625,70.0,23.5,88.0,46.0,44.285714285714285,44.90909090909091
2018_04_HOU_IND,2018,4,2018-09-30,IND,HOU,71,2018-02-04,2018-09-27,43.62921348314607,16,3,16.4375,60.0,25.25,63.0,16,3,21.125,59.0,27.25,74.0,45.03125,44.01785714285714,44.38636363636364
2018_04_MIA_NE,2018,4,2018-09-30,NE,MIA,45,2018-02-04,2018-09-27,43.62921348314607,19,3,28.94736842105263,57.0,19.526315789473685,77.0,16,3,17.5625,75.0,24.5625,52.0,45.29934210526316,44.528195488721806,44.80861244019139
2018_04_NO_NYG,2018,4,2018-09-30,NYG,NO,51,2018-02-04,2018-09-27,43.62921348314607,16,3,15.375,55.0,24.25,62.0,18,3,27.944444444444443,104.0,21.166666666666668,103.0,44.36805555555556,48.49603174603175,46.994949494949495
2018_04_NYJ_JAX,2018,4,2018-09-30,JAX,NYJ,43,2018-02-04,2018-09-27,43.62921348314607,19,3,25.894736842105264,57.0,17.736842105263158,44.0,16,3,18.625,77.0,23.875,58.0,43.06578947368421,41.46616541353383,42.047846889952154
2018_04_PHI_TEN,2018,4,2018-09-30,TEN,PHI,49,2018-02-04,2018-09-27,43.62921348314607,18,3,20.555555555555557,49.0,22.88888888888889,50.0,19,3,29.0,59.0,18.157894736842106,55.0,45.301169590643276,41.10066833751044,42.62812333864966
2018_04_SEA_ARI,2018,4,2018-09-30,ARI,SEA,37,2018-02-04,2018-09-27,43.62921348314607,16,3,18.4375,20.0,22.5625,74.0,16,3,22.875,65.0,20.75,64.0,42.3125,40.10714285714286,40.90909090909091
2018_04_SF_LAC,2018,4,2018-09-30,LAC,SF,56,2018-02-04,2018-09-27,43.62921348314607,16,3,22.1875,82.0,17.0,93.0,16,3,20.6875,73.0,23.9375,89.0,41.90625,48.01785714285714,45.79545454545455
2018_04_TB_CHI,2018,4,2018-09-30,CHI,TB,58,2018-02-04,2018-09-27,43.62921348314607,16,3,16.5,63.0,20.0,55.0,16,3,20.9375,102.0,23.875,91.0,40.65625,45.44642857142857,43.70454545454545
2018_04_KC_DEN,2018,4,2018-10-01,DEN,KC,50,2018-02-04,2018-09-30,43.62921348314607,16,3,18.0625,61.0,23.875,70.0,17,3,25.647058823529413,118.0,21.235294117647058,92.0,44.40992647058823,49.73424369747899,47.79812834224599
2018_05_IND_NE,2018,5,2018-10-04,NE,IND,62,2018-02-04,2018-10-01,43.62921348314607,19,4,28.94736842105263,95.0,19.526315789473685,84.0,16,4,16.4375,94.0,25.25,100.0,45.08059210526316,45.852796052631575,45.59539473684211
2018_05_ARI_SF,2018,5,2018-10-07,SF,ARI,46,2018-02-04,2018-10-04,43.62921348314607,16,4,20.6875,100.0,23.9375,118.0,16,4,18.4375,37.0,22.5625,94.0,42.8125,43.21875,43.083333333333336
2018_05_ATL_PIT,2018,5,2018-10-07,PIT,ATL,58,2018-02-04,2018-10-04,43.62921348314607,17,4,26.352941176470587,102.0,20.764705882352942,116.0,18,4,21.61111111111111,116.0,19.055555555555557,122.0,43.8921568627451,50.44607843137255,48.26143790849673
2018_05_BAL_CLE,2018,5,2018-10-07,CLE,BAL,21,2018-02-04,2018-10-04,43.62921348314607,16,4,14.625,102.0,25.625,104.0,16,4,24.6875,123.0,18.9375,65.0,41.9375,45.59375,44.375
2018_05_DAL_HOU,2018,5,2018-10-07,HOU,DAL,35,2018-02-04,2018-10-04,43.62921348314607,16,4,21.125,96.0,27.25,108.0,16,4,22.125,67.0,20.75,77.0,45.625,44.5625,44.916666666666664
2018_05_DEN_NYJ,2018,5,2018-10-07,NYJ,DEN,50,2018-02-04,2018-10-04,43.62921348314607,16,4,18.625,89.0,23.875,89.0,16,4,18.0625,84.0,23.875,97.0,42.21875,43.546875,43.104166666666664
2018_05_GB_DET,2018,5,2018-10-07,DET,GB,54,2018-02-04,2018-10-04,43.62921348314607,16,4,25.625,94.0,23.5,114.0,16,4,20.0,92.0,24.0,83.0,46.5625,47.21875,47.0
2018_05_JAX_KC,2018,5,2018-10-07,KC,JAX,44,2018-02-04,2018-10-04,43.62921348314607,17,4,25.647058823529413,145.0,21.235294117647058,115.0,19,4,25.894736842105264,88.0,17.736842105263158,56.0,45.256965944272444,47.878482972136226,47.0046439628483
2018_05_LA_SEA,2018,5,2018-10-07,SEA,LAR,64,2018-02-04,2018-10-04,43.62921348314607,16,4,22.875,85.0,20.75,81.0,17,4,28.88235294117647,140.0,20.88235294117647,67.0,46.69485294117647,46.65992647058823,46.67156862745098
2018_05_MIA_CIN,2018,5,2018-10-07,CIN,MIA,44,2018-02-04,2018-10-04,43.62921348314607,16,4,18.125,126.0,21.8125,113.0,16,4,17.5625,82.0,24.5625,90.0,41.03125,46.203125,44.479166666666664
2018_05_MIN_PHI,2018,5,2018-10-07,PHI,MIN,44,2018-02-04,2018-10-04,43.62921348314607,19,4,29.0,82.0,18.157894736842106,81.0,18,4,23.22222222222222,90.0,17.444444444444443,110.0,43.91228070175438,44.64364035087719,44.39985380116959
2018_05_NYG_CAR,2018,5,2018-10-07,CAR,NYG,64,2018-02-04,2018-10-04,43.62921348314607,17,3,22.88235294117647,71.0,21.058823529411764,60.0,16,4,15.375,73.0,24.25,95.0,41.783088235294116,42.318014705882355,42.141488413547236
2018_05_OAK_LAC,2018,5,2018-10-07,LAC,LV,36,2018-02-04,2018-10-04,43.62921348314607,16,4,22.1875,111.0,17.0,120.0,16,4,18.8125,97.0,23.3125,123.0,40.65625,48.515625,45.895833333333336
2018_05_TEN_BUF,2018,5,2018-10-07,BUF,TEN,25,2018-02-04,2018-10-04,43.62921348314607,17,4,17.941176470588236,50.0,21.705882352941178,106.0,18,4,20.555555555555557,75.0,22.88888888888889,73.0,41.54575163398693,39.77287581699346,40.36383442265795
2018_05_WAS_NO,2018,5,2018-10-08,NO,WAS,62,2018-02-04,2018-10-07,43.62921348314607,18,4,27.944444444444443,137.0,21.166666666666668,121.0,16,3,21.375,64.0,24.25,44.0,47.36805555555556,49.15277777777778,48.62037037037037
2018_06_PHI_NYG,2018,6,2018-10-11,NYG,PHI,47,2018-02-04,2018-10-08,43.62921348314607,16,5,15.375,104.0,24.25,128.0,19,5,29.0,103.0,18.157894736842106,104.0,43.391447368421055,43.67397660818713,43.587044534412954
2018_06_ARI_MIN,2018,6,2018-10-14,MIN,ARI,44,2018-02-04,2018-10-11,43.62921348314607,18,5,23.22222222222222,113.0,17.444444444444443,131.0,16,5,18.4375,65.0,22.5625,112.0,40.83333333333333,41.53703703703704,41.32051282051282
2018_06_BAL_TEN,2018,6,2018-10-14,TEN,BAL,21,2018-02-04,2018-10-11,43.62921348314607,18,5,20.555555555555557,87.0,22.88888888888889,86.0,16,5,24.6875,132.0,18.9375,77.0,43.53472222222222,40.57098765432099,41.48290598290598
2018_06_BUF_HOU,2018,6,2018-10-14,HOU,BUF,33,2018-02-04,2018-10-11,43.62921348314607,16,5,21.125,115.0,27.25,124.0,17,5,17.941176470588236,63.0,21.705882352941178,118.0,44.01102941176471,42.8937908496732,43.237556561085974
2018_06_CAR_WAS,2018,6,2018-10-14,WAS,CAR,40,2018-02-04,2018-10-11,43.62921348314607,16,4,21.375,83.0,24.25,87.0,17,4,22.88235294117647,104.0,21.058823529411764,91.0,44.783088235294116,45.20404411764706,45.06372549019608
2018_06_CHI_MIA,2018,6,2018-10-14,MIA,CHI,59,2018-02-04,2018-10-11,43.62921348314607,16,5,17.5625,99.0,24.5625,117.0,16,4,16.5,111.0,20.0,65.0,39.3125,41.486111111111114,40.769230769230774
2018_06_IND_NYJ,2018,6,2018-10-14,NYJ,IND,76,2018-02-04,2018-10-11,43.62921348314607,16,5,18.625,123.0,23.875,105.0,16,5,16.4375,118.0,25.25,138.0,42.09375,45.59722222222222,44.519230769230774
2018_06_JAX_DAL,2018,6,2018-10-14,DAL,JAX,47,2018-02-04,2018-10-11,43.62921348314607,16,5,22.125,83.0,20.75,96.0,19,5,25.894736842105264,102.0,17.736842105263158,86.0,43.25328947368421,39.6125730994152,40.7327935222672
2018_06_KC_NE,2018,6,2018-10-14,NE,KC,83,2018-02-04,2018-10-11,43.62921348314607,19,5,28.94736842105263,133.0,19.526315789473685,108.0,17,5,25.647058823529413,175.0,21.235294117647058,129.0,47.6780185758514,51.46800825593395,50.30185758513932
2018_06_LAC_CLE,2018,6,2018-10-14,CLE,LAC,52,2018-02-04,2018-10-11,43.62921348314607,16,5,14.625,114.0,25.625,113.0,16,5,22.1875,137.0,17.0,130.0,39.71875,45.09722222222222,43.44230769230769
2018_06_LA_DEN,2018,6,2018-10-14,DEN,LAR,43,2018-02-04,2018-10-11,43.62921348314607,16,5,18.0625,100.0,23.875,131.0,17,5,28.88235294117647,173.0,20.88235294117647,98.0,45.85110294117647,48.2671568627451,47.5237556561086
2018_06_PIT_CIN,2018,6,2018-10-14,CIN,PIT,49,2018-02-04,2018-10-11,43.62921348314607,16,5,18.125,153.0,21.8125,130.0,17,5,26.352941176470587,143.0,20.764705882352942,133.0,43.52757352941177,50.40114379084967,48.286199095022624
2018_06_SEA_OAK,2018,6,2018-10-14,LV,SEA,30,2018-02-04,2018-10-11,43.62921348314607,16,5,18.8125,107.0,23.3125,149.0,16,5,22.875,116.0,20.75,114.0,42.875,46.05555555555556,45.07692307692308
2018_06_TB_ATL,2018,6,2018-10-14,ATL,TB,63,2018-02-04,2018-10-11,43.62921348314607,18,5,21.61111111111111,133.0,19.055555555555557,163.0,16,4,20.9375,112.0,23.875,139.0,42.739583333333336,52.37210648148148,49.29326923076923
2018_06_SF_GB,2018,6,2018-10-15,GB,SF,63,2018-02-04,2018-10-14,43.62921348314607,16,5,20.0,115.0,24.0,114.0,16,5,20.6875,118.0,23.9375,146.0,44.3125,47.083333333333336,46.230769230769226
2018_07_DEN_ARI,2018,7,2018-10-18,ARI,DEN,55,2018-02-04,2018-10-15,43.62921348314607,16,6,18.4375,82.0,22.5625,139.0,16,6,18.0625,120.0,23.875,154.0,41.46875,41.3375,41.375
2018_07_BUF_IND,2018,7,2018-10-21,IND,BUF,42,2018-02-04,2018-10-18,43.62921348314607,16,6,16.4375,152.0,25.25,180.0,17,6,17.941176470588236,76.0,21.705882352941178,138.0,40.66727941176471,43.56691176470588,42.73844537815126
2018_07_CAR_PHI,2018,7,2018-10-21,PHI,CAR,38,2018-02-04,2018-10-18,43.62921348314607,19,6,29.0,137.0,18.157894736842106,117.0,17,5,22.88235294117647,121.0,21.058823529411764,114.0,45.54953560371517,44.951840385276924,45.10393631136665
2018_07_CIN_KC,2018,7,2018-10-21,KC,CIN,55,2018-02-04,2018-10-18,43.62921348314607,17,6,25.647058823529413,215.0,21.235294117647058,172.0,16,6,18.125,174.0,21.8125,158.0,43.40992647058823,53.31397058823529,50.48424369747899
2018_07_CLE_TB,2018,7,2018-10-21,TB,CLE,49,2018-02-04,2018-10-18,43.62921348314607,16,5,20.9375,141.0,23.875,173.0,16,6,14.625,128.0,25.625,151.0,42.53125,49.40277777777778,47.32967032967033
2018_07_DAL_WAS,2018,7,2018-10-21,WAS,DAL,37,2018-02-04,2018-10-18,43.62921348314607,16,5,21.375,106.0,24.25,104.0,16,6,22.125,123.0,20.75,103.0,44.25,41.68055555555556,42.43681318681318
2018_07_DET_MIA,2018,7,2018-10-21,MIA,DET,53,2018-02-04,2018-10-18,43.62921348314607,16,6,17.5625,130.0,24.5625,145.0,16,5,25.625,125.0,23.5,137.0,45.625,47.647222222222226,47.04945054945055
2018_07_HOU_JAX,2018,7,2018-10-21,JAX,HOU,27,2018-02-04,2018-10-18,43.62921348314607,19,6,25.894736842105264,109.0,17.736842105263158,126.0,16,6,21.125,135.0,27.25,137.0,46.00328947368421,43.751315789473686,44.39473684210526
2018_07_LA_SF,2018,7,2018-10-21,SF,LAR,49,2018-02-04,2018-10-18,43.62921348314607,16,6,20.6875,148.0,23.9375,179.0,17,6,28.88235294117647,196.0,20.88235294117647,118.0,47.19485294117647,50.92794117647058,49.86134453781513
2018_07_MIN_NYJ,2018,7,2018-10-21,NYJ,MIN,54,2018-02-04,2018-10-18,43.62921348314607,16,6,18.625,165.0,23.875,139.0,18,6,23.22222222222222,140.0,17.444444444444443,148.0,41.58333333333333,46.233333333333334,44.904761904761905
2018_07_NE_CHI,2018,7,2018-10-21,CHI,NE,69,2018-02-04,2018-10-18,43.62921348314607,16,5,16.5,139.0,20.0,96.0,19,6,28.94736842105263,176.0,19.526315789473685,148.0,42.48684210526316,47.06140350877193,45.69028340080972
2018_07_NO_BAL,2018,7,2018-10-21,BAL,NO,47,2018-02-04,2018-10-18,43.62921348314607,16,6,24.6875,153.0,18.9375,77.0,18,5,27.944444444444443,180.0,21.166666666666668,140.0,46.36805555555556,48.91635802469136,48.09737484737485
2018_07_TEN_LAC,2018,7,2018-10-21,LAC,TEN,39,2018-02-04,2018-10-18,43.62921348314607,16,6,22.1875,175.0,17.0,144.0,18,6,20.555555555555557,87.0,22.88888888888889,107.0,41.31597222222222,42.17638888888889,41.93055555555556
2018_07_NYG_ATL,2018,7,2018-10-22,ATL,NYG,43,2018-02-04,2018-10-21,43.62921348314607,18,6,21.61111111111111,167.0,19.055555555555557,192.0,16,6,15.375,117.0,24.25,162.0,40.145833333333336,47.958333333333336,45.726190476190474
2018_08_MIA_HOU,2018,8,2018-10-25,HOU,MIA,65,2018-02-04,2018-10-22,43.62921348314607,16,7,21.125,155.0,27.25,144.0,16,7,17.5625,151.0,24.5625,177.0,45.25,44.95454545454545,45.03333333333333
2018_08_BAL_CAR,2018,8,2018-10-28,CAR,BAL,57,2018-02-04,2018-10-25,43.62921348314607,17,6,22.88235294117647,142.0,21.058823529411764,131.0,16,7,24.6875,176.0,18.9375,101.0,43.783088235294116,42.96096256684492,43.17128851540616
2018_08_CLE_PIT,2018,8,2018-10-28,PIT,CLE,51,2018-02-04,2018-10-25,43.62921348314607,17,6,26.352941176470587,171.0,20.764705882352942,154.0,16,7,14.625,151.0,25.625,177.0,43.68382352941177,47.90080213903743,46.7359943977591
2018_08_DEN_KC,2018,8,2018-10-28,KC,DEN,53,2018-02-04,2018-10-25,43.62921348314607,17,7,25.647058823529413,260.0,21.235294117647058,182.0,16,7,18.0625,165.0,23.875,164.0,44.40992647058823,51.19451871657754,49.38529411764706
2018_08_GB_LA,2018,8,2018-10-28,LAR,GB,56,2018-02-04,2018-10-25,43.62921348314607,17,7,28.88235294117647,235.0,20.88235294117647,128.0,16,6,20.0,148.0,24.0,144.0,46.88235294117647,48.94812834224599,48.37058823529412
2018_08_IND_OAK,2018,8,2018-10-28,LV,IND,70,2018-02-04,2018-10-25,43.62921348314607,16,6,18.8125,110.0,23.3125,176.0,16,7,16.4375,189.0,25.25,185.0,41.90625,47.304545454545455,45.833333333333336
2018_08_NO_MIN,2018,8,2018-10-28,MIN,NO,50,2018-02-04,2018-10-25,43.62921348314607,18,7,23.22222222222222,177.0,17.444444444444443,165.0,18,6,27.944444444444443,204.0,21.166666666666668,163.0,44.888888888888886,51.11161616161616,49.38333333333333
2018_08_NYJ_CHI,2018,8,2018-10-28,CHI,NYJ,34,2018-02-04,2018-10-25,43.62921348314607,16,6,16.5,170.0,20.0,134.0,16,7,18.625,182.0,23.875,176.0,39.5,46.5,44.55238095238095
2018_08_PHI_JAX,2018,8,2018-10-28,JAX,PHI,42,2018-02-04,2018-10-25,43.62921348314607,19,7,25.894736842105264,116.0,17.736842105263158,146.0,19,7,29.0,154.0,18.157894736842106,138.0,45.39473684210526,41.688995215311,42.67719298245614
2018_08_SEA_DET,2018,8,2018-10-28,DET,SEA,42,2018-02-04,2018-10-25,43.62921348314607,16,6,25.625,157.0,23.5,158.0,16,6,22.875,143.0,20.75,117.0,46.375,47.3,47.035714285714285
2018_08_SF_ARI,2018,8,2018-10-28,ARI,SF,33,2018-02-04,2018-10-25,43.62921348314607,16,7,18.4375,92.0,22.5625,184.0,16,7,20.6875,158.0,23.9375,218.0,42.8125,45.20454545454545,44.56666666666667
2018_08_TB_CIN,2018,8,2018-10-28,CIN,TB,71,2018-02-04,2018-10-25,43.62921348314607,16,7,18.125,184.0,21.8125,203.0,16,6,20.9375,167.0,23.875,196.0,42.375,51.964772727272724,49.31785714285714
2018_08_WAS_NYG,2018,8,2018-10-28,NYG,WAS,33,2018-02-04,2018-10-25,43.62921348314607,16,7,15.375,137.0,24.25,185.0,16,6,21.375,126.0,24.25,121.0,42.625,43.31590909090909,43.15714285714286
2018_08_NE_BUF,2018,8,2018-10-29,BUF,NE,31,2018-02-04,2018-10-28,43.62921348314607,17,7,17.941176470588236,81.0,21.705882352941178,175.0,19,7,28.94736842105263,214.0,19.526315789473685,179.0,44.06037151702786,45.52195327891922,45.132198142414865
2018_09_OAK_SF,2018,9,2018-11-01,SF,LV,37,2018-02-04,2018-10-29,43.62921348314607,16,8,20.6875,173.0,23.9375,236.0,16,7,18.8125,138.0,23.3125,218.0,43.375,48.32007575757576,47.0375
2018_09_ATL_WAS,2018,9,2018-11-04,WAS,ATL,52,2018-02-04,2018-11-01,43.62921348314607,16,7,21.375,146.0,24.25,134.0,18,7,21.61111111111111,190.0,19.055555555555557,212.0,43.145833333333336,46.68939393939394,45.74444444444445
2018_09_CHI_BUF,2018,9,2018-11-04,BUF,CHI,50,2018-02-04,2018-11-01,43.62921348314607,17,8,17.941176470588236,87.0,21.705882352941178,200.0,16,7,16.5,194.0,20.0,144.0,38.07352941176471,40.56617647058823,39.880514705882355
2018_09_DET_MIN,2018,9,2018-11-04,MIN,DET,33,2018-02-04,2018-11-01,43.62921348314607,18,8,23.22222222222222,197.0,17.444444444444443,195.0,16,7,25.625,171.0,23.5,186.0,44.89583333333333,48.27020202020202,47.416666666666664
2018_09_GB_NE,2018,9,2018-11-04,NE,GB,48,2018-02-04,2018-11-01,43.62921348314607,19,8,28.94736842105263,239.0,19.526315789473685,185.0,16,7,20.0,175.0,24.0,173.0,46.23684210526316,49.56379585326954,48.70175438596491
2018_09_HOU_DEN,2018,9,2018-11-04,DEN,HOU,36,2018-02-04,2018-11-01,43.62921348314607,16,8,18.0625,188.0,23.875,194.0,16,8,21.125,197.0,27.25,167.0,45.15625,46.135416666666664,45.890625
2018_09_KC_CLE,2018,9,2018-11-04,CLE,KC,58,2018-02-04,2018-11-01,43.62921348314607,16,8,14.625,169.0,25.625,210.0,17,8,25.647058823529413,290.0,21.235294117647058,205.0,43.56617647058823,50.93872549019608,49.095588235294116
2018_09_LAC_SEA,2018,9,2018-11-04,SEA,LAC,42,2018-02-04,2018-11-01,43.62921348314607,16,7,22.875,171.0,20.75,131.0,16,7,22.1875,195.0,17.0,163.0,41.40625,45.05681818181818,44.083333333333336
2018_09_LA_NO,2018,9,2018-11-04,NO,LAR,80,2018-02-04,2018-11-01,43.62921348314607,18,7,27.944444444444443,234.0,21.166666666666668,183.0,17,8,28.88235294117647,264.0,20.88235294117647,155.0,49.43790849673203,53.63628936423054,52.53122276688453
2018_09_NYJ_MIA,2018,9,2018-11-04,MIA,NYJ,19,2018-02-04,2018-11-01,43.62921348314607,16,8,17.5625,174.0,24.5625,219.0,16,8,18.625,192.0,23.875,200.0,42.3125,46.8125,45.6875
2018_09_PIT_BAL,2018,9,2018-11-04,BAL,PIT,39,2018-02-04,2018-11-01,43.62921348314607,16,8,24.6875,197.0,18.9375,137.0,17,7,26.352941176470587,204.0,20.764705882352942,172.0,45.37132352941177,46.845254010695186,46.44178921568627
2018_09_TB_CAR,2018,9,2018-11-04,CAR,TB,70,2018-02-04,2018-11-01,43.62921348314607,17,7,22.88235294117647,178.0,21.058823529411764,152.0,16,7,20.9375,201.0,23.875,233.0,44.376838235294116,50.86430481283422,49.134313725490195
2018_09_TEN_DAL,2018,9,2018-11-05,DAL,TEN,42,2018-02-04,2018-11-04,43.62921348314607,16,7,22.125,140.0,20.75,123.0,18,7,20.555555555555557,106.0,22.88888888888889,127.0,43.15972222222222,38.23989898989899,39.55185185185185
2018_10_CAR_PIT,2018,10,2018-11-08,PIT,CAR,73,2018-02-04,2018-11-05,43.62921348314607,17,8,26.352941176470587,227.0,20.764705882352942,188.0,17,8,22.88235294117647,220.0,21.058823529411764,180.0,45.529411764705884,49.134803921568626,48.23345588235294
2018_10_ARI_KC,2018,10,2018-11-11,KC,ARI,40,2018-02-04,2018-11-08,43.62921348314607,17,9,25.647058823529413,327.0,21.235294117647058,226.0,16,8,18.4375,110.0,22.5625,199.0,43.94117647058823,48.19023378582202,47.20209775086505
2018_10_ATL_CLE,2018,10,2018-11-11,CLE,ATL,44,2018-02-04,2018-11-08,43.62921348314607,16,9,14.625,190.0,25.625,247.0,18,8,21.61111111111111,228.0,19.055555555555557,226.0,40.458333333333336,48.69444444444444,46.677696078431374
2018_10_BUF_NYJ,2018,10,2018-11-11,NYJ,BUF,51,2018-02-04,2018-11-08,43.62921348314607,16,9,18.625,198.0,23.875,213.0,17,9,17.941176470588236,96.0,21.705882352941178,241.0,41.07352941176471,41.40723981900452,41.32871972318339
2018_10_DAL_PHI,2018,10,2018-11-11,PHI,DAL,47,2018-02-04,2018-11-08,43.62921348314607,19,8,29.0,178.0,18.157894736842106,156.0,16,8,22.125,154.0,20.75,151.0,45.016447368421055,41.63048245614035,42.47697368421053
2018_10_DET_CHI,2018,10,2018-11-11,CHI,DET,56,2018-02-04,2018-11-08,43.62921348314607,16,8,16.5,235.0,20.0,153.0,16,8,25.625,180.0,23.5,210.0,42.8125,46.6875,45.71875
2018_10_JAX_IND,2018,10,2018-11-11,IND,JAX,55,2018-02-04,2018-11-08,43.62921348314607,16,8,16.4375,231.0,25.25,213.0,19,8,25.894736842105264,134.0,17.736842105263158,170.0,42.65953947368421,45.38651315789474,44.7047697368421
2018_10_LAC_OAK,2018,10,2018-11-11,LV,LAC,26,2018-02-04,2018-11-08,43.62921348314607,16,8,18.8125,141.0,23.3125,252.0,16,8,22.1875,220.0,17.0,180.0,40.65625,46.59375,45.109375
2018_10_MIA_GB,2018,10,2018-11-11,GB,MIA,43,2018-02-04,2018-11-08,43.62921348314607,16,8,20.0,192.0,24.0,204.0,16,9,17.5625,187.0,24.5625,225.0,43.0625,46.16025641025641,45.404411764705884
2018_10_NE_TEN,2018,10,2018-11-11,TEN,NE,44,2018-02-04,2018-11-08,43.62921348314607,18,8,20.555555555555557,134.0,22.88888888888889,141.0,19,9,28.94736842105263,270.0,19.526315789473685,202.0,45.95906432748538,44.31041010646274,44.742786807705535
2018_10_NO_CIN,2018,10,2018-11-11,CIN,NO,65,2018-02-04,2018-11-08,43.62921348314607,16,8,18.125,221.0,21.8125,237.0,18,8,27.944444444444443,279.0,21.166666666666668,218.0,44.52430555555556,54.633101851851855,52.10590277777778
2018_10_SEA_LA,2018,10,2018-11-11,LAR,SEA,67,2018-02-04,2018-11-08,43.62921348314607,17,9,28.88235294117647,299.0,20.88235294117647,200.0,16,8,22.875,188.0,20.75,156.0,46.69485294117647,48.45258295625943,48.04206314878893
2018_10_WAS_TB,2018,10,2018-11-11,TB,WAS,19,2018-02-04,2018-11-08,43.62921348314607,16,8,20.9375,229.0,23.875,275.0,16,8,21.375,160.0,24.25,172.0,45.21875,49.90625,48.734375
2018_10_NYG_SF,2018,10,2018-11-12,SF,NYG,50,2018-02-04,2018-11-11,43.62921348314607,16,9,20.6875,207.0,23.9375,239.0,16,8,15.375,150.0,24.25,205.0,42.125,45.4150641025641,44.61764705882353
2018_11_GB_SEA,2018,11,2018-11-15,SEA,GB,51,2018-02-04,2018-11-12,43.62921348314607,16,9,22.875,219.0,20.75,192.0,16,9,20.0,223.0,24.0,216.0,43.8125,46.17307692307692,45.61764705882353
2018_11_CAR_DET,2018,11,2018-11-18,DET,CAR,39,2018-02-04,2018-11-15,43.62921348314607,16,9,25.625,202.0,23.5,244.0,17,9,22.88235294117647,241.0,21.058823529411764,232.0,46.533088235294116,49.66402714932127,48.92733564013841
2018_11_CIN_BAL,2018,11,2018-11-18,BAL,CIN,45,2018-02-04,2018-11-15,43.62921348314607,16,9,24.6875,213.0,18.9375,160.0,16,9,18.125,235.0,21.8125,288.0,41.78125,47.31730769230769,46.01470588235294
2018_11_DAL_ATL,2018,11,2018-11-18,ATL,DAL,41,2018-02-04,2018-11-15,43.62921348314607,18,9,21.61111111111111,244.0,19.055555555555557,254.0,16,9,22.125,181.0,20.75,171.0,41.770833333333336,45.544871794871796,44.65686274509804
2018_11_DEN_LAC,2018,11,2018-11-18,LAC,DEN,45,2018-02-04,2018-11-15,43.62921348314607,16,9,22.1875,240.0,17.0,186.0,16,9,18.0625,205.0,23.875,213.0,40.5625,44.94230769230769,43.911764705882355
2018_11_HOU_WAS,2018,11,2018-11-18,WAS,HOU,44,2018-02-04,2018-11-15,43.62921348314607,16,9,21.375,176.0,24.25,175.0,16,9,21.125,216.0,27.25,184.0,47.0,43.34615384615385,44.205882352941174
2018_11_MIN_CHI,2018,11,2018-11-18,CHI,MIN,45,2018-02-04,2018-11-15,43.62921348314607,16,9,16.5,269.0,20.0,175.0,18,9,23.22222222222222,221.0,17.444444444444443,204.0,38.58333333333333,45.294871794871796,43.71568627450981
2018_11_OAK_ARI,2018,11,2018-11-18,ARI,LV,44,2018-02-04,2018-11-15,43.62921348314607,16,9,18.4375,124.0,22.5625,225.0,16,9,18.8125,147.0,23.3125,272.0,41.5625,42.32692307692308,42.14705882352941
2018_11_PHI_NO,2018,11,2018-11-18,NO,PHI,55,2018-02-04,2018-11-15,43.62921348314607,18,9,27.944444444444443,330.0,21.166666666666668,232.0,19,9,29.0,198.0,18.157894736842106,183.0,48.13450292397661,51.07984705353127,50.38682490540076
2018_11_PIT_JAX,2018,11,2018-11-18,JAX,PIT,36,2018-02-04,2018-11-15,43.62921348314607,19,9,25.894736842105264,160.0,17.736842105263158,199.0,17,9,26.352941176470587,279.0,20.764705882352942,209.0,45.37461300309597,46.538342462491066,46.26452376616281
2018_11_TB_NYG,2018,11,2018-11-18,NYG,TB,73,2018-02-04,2018-11-15,43.62921348314607,16,9,15.375,177.0,24.25,228.0,16,9,20.9375,232.0,23.875,291.0,42.21875,48.68269230769231,47.161764705882355
2018_11_TEN_IND,2018,11,2018-11-18,IND,TEN,48,2018-02-04,2018-11-15,43.62921348314607,16,9,16.4375,260.0,25.25,239.0,18,9,20.555555555555557,168.0,22.88888888888889,151.0,42.56597222222222,44.55876068376068,44.08986928104575
2018_11_KC_LA,2018,11,2018-11-19,LAR,KC,105,2018-02-04,2018-11-18,43.62921348314607,17,10,28.88235294117647,335.0,20.88235294117647,231.0,17,10,25.647058823529413,353.0,21.235294117647058,240.0,48.32352941176471,55.19957983193277,53.67156862745098
2018_12_ATL_NO,2018,12,2018-11-22,NO,ATL,48,2018-02-04,2018-11-19,43.62921348314607,18,10,27.944444444444443,378.0,21.166666666666668,239.0,18,10,21.61111111111111,263.0,19.055555555555557,276.0,44.888888888888886,54.111111111111114,52.06172839506173
2018_12_CHI_DET,2018,12,2018-11-22,DET,CHI,39,2018-02-04,2018-11-19,43.62921348314607,16,10,25.625,222.0,23.5,263.0,16,10,16.5,294.0,20.0,195.0,42.8125,47.01785714285714,46.083333333333336
2018_12_WAS_DAL,2018,12,2018-11-22,DAL,WAS,54,2018-02-04,2018-11-19,43.62921348314607,16,10,22.125,203.0,20.75,190.0,16,10,21.375,197.0,24.25,198.0,44.25,40.785714285714285,41.55555555555556
2018_12_ARI_LAC,2018,12,2018-11-25,LAC,ARI,55,2018-02-04,2018-11-22,43.62921348314607,16,10,22.1875,262.0,17.0,209.0,16,10,18.4375,145.0,22.5625,248.0,40.09375,42.3125,41.81944444444444
2018_12_CLE_CIN,2018,12,2018-11-25,CIN,CLE,55,2018-02-04,2018-11-22,43.62921348314607,16,10,18.125,256.0,21.8125,312.0,16,10,14.625,218.0,25.625,263.0,40.09375,48.91964285714286,46.958333333333336
2018_12_GB_MIN,2018,12,2018-11-25,MIN,GB,41,2018-02-04,2018-11-22,43.62921348314607,18,10,23.22222222222222,241.0,17.444444444444443,229.0,16,10,20.0,247.0,24.0,243.0,42.33333333333333,46.38095238095238,45.48148148148148
2018_12_JAX_BUF,2018,12,2018-11-25,BUF,JAX,45,2018-02-04,2018-11-22,43.62921348314607,17,10,17.941176470588236,137.0,21.705882352941178,251.0,19,10,25.894736842105264,176.0,17.736842105263158,219.0,41.639318885448915,39.86123396727112,40.2563639490884
2018_12_MIA_IND,2018,12,2018-11-25,IND,MIA,51,2018-02-04,2018-11-22,43.62921348314607,16,10,16.4375,298.0,25.25,249.0,16,10,17.5625,199.0,24.5625,256.0,41.90625,47.75892857142857,46.458333333333336
2018_12_NE_NYJ,2018,12,2018-11-25,NYJ,NE,40,2018-02-04,2018-11-22,43.62921348314607,16,10,18.625,208.0,23.875,254.0,19,10,28.94736842105263,280.0,19.526315789473685,236.0,45.48684210526316,47.92481203007519,47.38304093567251
2018_12_NYG_PHI,2018,12,2018-11-25,PHI,NYG,47,2018-02-04,2018-11-22,43.62921348314607,19,10,29.0,205.0,18.157894736842106,231.0,16,10,15.375,215.0,24.25,263.0,43.391447368421055,45.04041353383459,44.67397660818713
2018_12_OAK_BAL,2018,12,2018-11-25,BAL,LV,51,2018-02-04,2018-11-22,43.62921348314607,16,10,24.6875,237.0,18.9375,181.0,16,10,18.8125,170.0,23.3125,293.0,42.875,43.714285714285715,43.52777777777778
2018_12_PIT_DEN,2018,12,2018-11-25,DEN,PIT,41,2018-02-04,2018-11-22,43.62921348314607,16,10,18.0625,228.0,23.875,235.0,17,10,26.352941176470587,299.0,20.764705882352942,225.0,44.52757352941177,47.97216386554622,47.20669934640523
2018_12_SEA_CAR,2018,12,2018-11-25,CAR,SEA,57,2018-02-04,2018-11-22,43.62921348314607,17,10,22.88235294117647,260.0,21.058823529411764,252.0,16,10,22.875,246.0,20.75,216.0,43.783088235294116,47.29516806722689,46.51470588235294
2018_12_SF_TB,2018,12,2018-11-25,TB,SF,36,2018-02-04,2018-11-22,43.62921348314607,16,10,20.9375,267.0,23.875,329.0,16,10,20.6875,230.0,23.9375,266.0,44.71875,51.776785714285715,50.208333333333336
2018_12_TEN_HOU,2018,12,2018-11-26,HOU,TEN,51,2018-02-04,2018-11-25,43.62921348314607,16,10,21.125,239.0,27.25,205.0,18,10,20.555555555555557,178.0,22.88888888888889,189.0,45.90972222222222,42.0813492063492,42.9320987654321
2018_13_NO_DAL,2018,13,2018-11-29,DAL,NO,23,2018-02-04,2018-11-26,43.62921348314607,16,11,22.125,234.0,20.75,213.0,18,11,27.944444444444443,409.0,21.166666666666668,256.0,45.99305555555556,49.33148148148148,48.62865497076024
2018_13_ARI_GB,2018,13,2018-12-02,GB,ARI,37,2018-02-04,2018-11-29,43.62921348314607,16,11,20.0,264.0,24.0,267.0,16,11,18.4375,155.0,22.5625,293.0,42.5,43.96666666666667,43.6578947368421
2018_13_BAL_ATL,2018,13,2018-12-02,ATL,BAL,42,2018-02-04,2018-11-29,43.62921348314607,18,11,21.61111111111111,280.0,19.055555555555557,307.0,16,11,24.6875,271.0,18.9375,198.0,42.145833333333336,46.43888888888889,45.53508771929825
2018_13_BUF_MIA,2018,13,2018-12-02,MIA,BUF,38,2018-02-04,2018-11-29,43.62921348314607,16,11,17.5625,223.0,24.5625,283.0,17,11,17.941176470588236,161.0,21.705882352941178,272.0,40.88602941176471,42.20294117647059,41.925696594427244
2018_13_CAR_TB,2018,13,2018-12-02,TB,CAR,41,2018-02-04,2018-11-29,43.62921348314607,16,11,20.9375,294.0,23.875,338.0,17,11,22.88235294117647,287.0,21.058823529411764,282.0,44.376838235294116,51.8671568627451,50.290247678018574
2018_13_CHI_NYG,2018,13,2018-12-02,NYG,CHI,57,2018-02-04,2018-11-29,43.62921348314607,16,11,15.375,237.0,24.25,288.0,16,11,16.5,317.0,20.0,211.0,38.0625,45.25,43.73684210526316
2018_13_CLE_HOU,2018,13,2018-12-02,HOU,CLE,42,2018-02-04,2018-11-29,43.62921348314607,16,11,21.125,273.0,27.25,222.0,16,11,14.625,253.0,25.625,283.0,44.3125,46.18333333333333,45.78947368421053
2018_13_DEN_CIN,2018,13,2018-12-02,CIN,DEN,34,2018-02-04,2018-11-29,43.62921348314607,16,11,18.125,276.0,21.8125,347.0,16,11,18.0625,252.0,23.875,252.0,40.9375,48.483333333333334,46.89473684210526
2018_13_IND_JAX,2018,13,2018-12-02,JAX,IND,6,2018-02-04,2018-11-29,43.62921348314607,19,11,25.894736842105264,197.0,17.736842105263158,243.0,16,11,16.4375,325.0,25.25,273.0,42.65953947368421,45.97587719298245,45.27770083102493
2018_13_KC_OAK,2018,13,2018-12-02,LV,KC,73,2018-02-04,2018-11-29,43.62921348314607,16,11,18.8125,187.0,23.3125,327.0,17,11,25.647058823529413,404.0,21.235294117647058,294.0,44.50367647058823,52.26764705882353,50.633126934984524
2018_13_LAC_PIT,2018,13,2018-12-02,PIT,LAC,63,2018-02-04,2018-11-29,43.62921348314607,17,11,26.352941176470587,316.0,20.764705882352942,249.0,16,11,22.1875,307.0,17.0,219.0,43.15257352941177,47.87401960784314,46.88003095975232
2018_13_LA_DET,2018,13,2018-12-02,DET,LAR,46,2018-02-04,2018-11-29,43.62921348314607,16,11,25.625,238.0,23.5,286.0,17,11,28.88235294117647,389.0,20.88235294117647,282.0,49.44485294117647,53.01862745098039,52.266253869969034
2018_13_MIN_NE,2018,13,2018-12-02,NE,MIN,34,2018-02-04,2018-11-29,43.62921348314607,19,11,28.94736842105263,307.0,19.526315789473685,249.0,18,11,23.22222222222222,265.0,17.444444444444443,246.0,44.57017543859649,47.45204678362573,46.84533702677747
2018_13_NYJ_TEN,2018,13,2018-12-02,TEN,NYJ,48,2018-02-04,2018-11-29,43.62921348314607,18,11,20.555555555555557,195.0,22.88888888888889,223.0,16,11,18.625,221.0,23.875,281.0,42.97222222222222,42.12592592592593,42.30409356725146
2018_13_SF_SEA,2018,13,2018-12-02,SEA,SF,59,2018-02-04,2018-11-29,43.62921348314607,16,11,22.875,276.0,20.75,243.0,16,11,20.6875,239.0,23.9375,293.0,44.125,46.8,46.23684210526316
2018_13_WAS_PHI,2018,13,2018-12-03,PHI,WAS,41,2018-02-04,2018-12-02,43.62921348314607,19,11,29.0,230.0,18.157894736842106,253.0,16,11,21.375,220.0,24.25,229.0,46.391447368421055,43.43771929824561,44.0595567867036
2018_14_JAX_TEN,2018,14,2018-12-06,TEN,JAX,39,2018-02-04,2018-12-03,43.62921348314607,18,12,20.555555555555557,221.0,22.88888888888889,245.0,19,12,25.894736842105264,203.0,17.736842105263158,243.0,43.538011695906434,39.384502923976605,40.21520467836257
2018_14_ATL_GB,2018,14,2018-12-09,GB,ATL,54,2018-02-04,2018-12-06,43.62921348314607,16,12,20.0,281.0,24.0,287.0,18,12,21.61111111111111,296.0,19.055555555555557,333.0,42.333333333333336,47.989583333333336,46.858333333333334
2018_14_BAL_KC,2018,14,2018-12-09,KC,BAL,51,2018-02-04,2018-12-06,43.62921348314607,17,12,25.647058823529413,444.0,21.235294117647058,327.0,16,12,24.6875,297.0,18.9375,214.0,45.25367647058823,51.37591911764706,50.1514705882353
2018_14_CAR_CLE,2018,14,2018-12-09,CLE,CAR,46,2018-02-04,2018-12-06,43.62921348314607,16,12,14.625,266.0,25.625,312.0,17,12,22.88235294117647,304.0,21.058823529411764,306.0,42.095588235294116,47.64889705882353,46.53823529411765
2018_14_CIN_LAC,2018,14,2018-12-09,LAC,CIN,47,2018-02-04,2018-12-06,43.62921348314607,16,12,22.1875,340.0,17.0,249.0,16,12,18.125,286.0,21.8125,371.0,39.5625,48.828125,46.975
2018_14_DEN_SF,2018,14,2018-12-09,SF,DEN,34,2018-02-04,2018-12-06,43.62921348314607,16,12,20.6875,255.0,23.9375,336.0,16,12,18.0625,276.0,23.875,262.0,43.28125,46.1015625,45.537499999999994
2018_14_DET_ARI,2018,14,2018-12-09,ARI,DET,20,2018-02-04,2018-12-06,43.62921348314607,16,12,18.4375,175.0,22.5625,310.0,16,12,25.625,254.0,23.5,316.0,45.0625,44.234375,44.4
2018_14_IND_HOU,2018,14,2018-12-09,HOU,IND,45,2018-02-04,2018-12-06,43.62921348314607,16,12,21.125,302.0,27.25,235.0,16,12,16.4375,325.0,25.25,279.0,45.03125,46.9140625,46.5375
2018_14_LA_CHI,2018,14,2018-12-09,CHI,LAR,21,2018-02-04,2018-12-06,43.62921348314607,16,12,16.5,344.0,20.0,241.0,17,12,28.88235294117647,419.0,20.88235294117647,298.0,43.13235294117647,51.470588235294116,49.80294117647059
2018_14_NE_MIA,2018,14,2018-12-09,MIA,NE,67,2018-02-04,2018-12-06,43.62921348314607,16,12,17.5625,244.0,24.5625,300.0,19,12,28.94736842105263,331.0,19.526315789473685,259.0,45.29934210526316,46.76233552631579,46.46973684210526
2018_14_NO_TB,2018,14,2018-12-09,TB,NO,42,2018-02-04,2018-12-06,43.62921348314607,16,12,20.9375,318.0,23.875,355.0,18,12,27.944444444444443,419.0,21.166666666666668,269.0,46.96180555555556,54.27170138888889,52.80972222222222
2018_14_NYG_WAS,2018,14,2018-12-09,WAS,NYG,56,2018-02-04,2018-12-06,43.62921348314607,16,12,21.375,233.0,24.25,257.0,16,12,15.375,267.0,24.25,315.0,42.625,44.15625,43.85
2018_14_NYJ_BUF,2018,14,2018-12-09,BUF,NYJ,50,2018-02-04,2018-12-06,43.62921348314607,17,12,17.941176470588236,178.0,21.705882352941178,293.0,16,12,18.625,243.0,23.875,307.0,41.07352941176471,42.174632352941174,41.95441176470588
2018_14_PHI_DAL,2018,14,2018-12-09,DAL,PHI,52,2018-02-04,2018-12-06,43.62921348314607,16,12,22.125,247.0,20.75,223.0,19,12,29.0,258.0,18.157894736842106,266.0,45.016447368421055,42.31661184210526,42.85657894736842
2018_14_PIT_OAK,2018,14,2018-12-09,LV,PIT,45,2018-02-04,2018-12-06,43.62921348314607,16,12,18.8125,220.0,23.3125,367.0,17,12,26.352941176470587,346.0,20.764705882352942,282.0,44.62132352941177,49.12408088235294,48.2235294117647
2018_14_MIN_SEA,2018,14,2018-12-10,SEA,MIN,28,2018-02-04,2018-12-09,43.62921348314607,16,12,22.875,319.0,20.75,259.0,18,12,23.22222222222222,275.0,17.444444444444443,270.0,42.14583333333333,45.630208333333336,44.93333333333334
2018_15_LAC_KC,2018,15,2018-12-13,KC,LAC,57,2018-02-04,2018-12-10,43.62921348314607,17,13,25.647058823529413,471.0,21.235294117647058,351.0,16,13,22.1875,366.0,17.0,270.0,43.03492647058823,53.00821799307958,51.108543417366946
2018_15_CLE_DEN,2018,15,2018-12-15,DEN,CLE,33,2018-02-04,2018-12-13,43.62921348314607,16,13,18.0625,290.0,23.875,282.0,16,13,14.625,292.0,25.625,332.0,41.09375,44.845588235294116,44.13095238095238
2018_15_HOU_NYJ,2018,15,2018-12-15,NYJ,HOU,51,2018-02-04,2018-12-13,43.62921348314607,16,13,18.625,270.0,23.875,330.0,16,13,21.125,323.0,27.25,259.0,45.4375,45.455882352941174,45.45238095238095
2018_15_ARI_ATL,2018,15,2018-12-16,ATL,ARI,54,2018-02-04,2018-12-15,43.62921348314607,18,13,21.61111111111111,316.0,19.055555555555557,367.0,16,13,18.4375,178.0,22.5625,327.0,40.833333333333336,44.549019607843135,43.84126984126984
2018_15_DAL_IND,2018,15,2018-12-16,IND,DAL,23,2018-02-04,2018-12-15,43.62921348314607,16,13,16.4375,349.0,25.25,300.0,16,13,22.125,276.0,20.75,246.0,42.28125,44.38970588235294,43.98809523809524
2018_15_DET_BUF,2018,15,2018-12-16,BUF,DET,27,2018-02-04,2018-12-15,43.62921348314607,17,13,17.941176470588236,201.0,21.705882352941178,320.0,16,13,25.625,271.0,23.5,319.0,44.38602941176471,43.12024221453287,43.36134453781513
2018_15_GB_CHI,2018,15,2018-12-16,CHI,GB,41,2018-02-04,2018-12-15,43.62921348314607,16,13,16.5,359.0,20.0,247.0,16,13,20.0,315.0,24.0,307.0,40.25,45.588235294117645,44.57142857142857
2018_15_MIA_MIN,2018,15,2018-12-16,MIN,MIA,58,2018-02-04,2018-12-15,43.62921348314607,18,13,23.22222222222222,282.0,17.444444444444443,291.0,16,13,17.5625,278.0,24.5625,333.0,41.39583333333333,44.56372549019608,43.96031746031746
2018_15_NE_PIT,2018,15,2018-12-16,PIT,NE,27,2018-02-04,2018-12-15,43.62921348314607,17,13,26.352941176470587,367.0,20.764705882352942,306.0,19,13,28.94736842105263,364.0,19.526315789473685,293.0,47.79566563467492,50.36368603168822,49.87453928939997
2018_15_OAK_CIN,2018,15,2018-12-16,CIN,LV,46,2018-02-04,2018-12-15,43.62921348314607,16,13,18.125,307.0,21.8125,397.0,16,13,18.8125,244.0,23.3125,388.0,41.03125,48.94852941176471,47.44047619047619
2018_15_PHI_LA,2018,15,2018-12-16,LAR,PHI,53,2018-02-04,2018-12-15,43.62921348314607,17,13,28.88235294117647,425.0,20.88235294117647,313.0,19,13,29.0,281.0,18.157894736842106,295.0,48.461300309597526,50.0497177199053,49.74716202270382
2018_15_SEA_SF,2018,15,2018-12-16,SF,SEA,49,2018-02-04,2018-12-15,43.62921348314607,16,13,20.6875,275.0,23.9375,350.0,16,13,22.875,340.0,20.75,266.0,44.125,46.588235294117645,46.11904761904762
2018_15_TB_BAL,2018,15,2018-12-16,BAL,TB,32,2018-02-04,2018-12-15,43.62921348314607,16,13,24.6875,321.0,18.9375,241.0,16,13,20.9375,332.0,23.875,383.0,44.21875,47.96323529411765,47.25
2018_15_TEN_NYG,2018,15,2018-12-16,NYG,TEN,17,2018-02-04,2018-12-15,43.62921348314607,16,13,15.375,307.0,24.25,331.0,18,13,20.555555555555557,251.0,22.88888888888889,254.0,41.53472222222222,43.39052287581699,43.03703703703704
2018_15_WAS_JAX,2018,15,2018-12-16,JAX,WAS,29,2018-02-04,2018-12-15,43.62921348314607,19,13,25.894736842105264,212.0,17.736842105263158,273.0,16,13,21.375,249.0,24.25,297.0,44.62828947368421,40.82430340557275,41.54887218045113
2018_15_NO_CAR,2018,15,2018-12-17,CAR,NO,21,2018-02-04,2018-12-16,43.62921348314607,17,13,22.88235294117647,324.0,21.058823529411764,332.0,18,13,27.944444444444443,447.0,21.166666666666668,283.0,46.52614379084967,51.7120338331411,50.72424525365702
2018_16_BAL_LAC,2018,16,2018-12-22,LAC,BAL,32,2018-02-04,2018-12-17,43.62921348314607,16,14,22.1875,395.0,17.0,298.0,16,14,24.6875,341.0,18.9375,253.0,41.40625,44.951388888888886,44.30681818181818
2018_16_WAS_TEN,2018,16,2018-12-22,TEN,WAS,41,2018-02-04,2018-12-17,43.62921348314607,18,14,20.555555555555557,268.0,22.88888888888889,254.0,16,14,21.375,265.0,24.25,310.0,44.53472222222222,40.36882716049383,41.12626262626263
2018_16_ATL_CAR,2018,16,2018-12-23,CAR,ATL,34,2018-02-04,2018-12-22,43.62921348314607,17,14,22.88235294117647,333.0,21.058823529411764,344.0,18,14,21.61111111111111,356.0,19.055555555555557,381.0,42.30392156862745,48.67864923747277,47.51960784313725
2018_16_BUF_NE,2018,16,2018-12-23,NE,BUF,36,2018-02-04,2018-12-22,43.62921348314607,19,14,28.94736842105263,374.0,19.526315789473685,310.0,17,14,17.941176470588236,215.0,21.705882352941178,333.0,44.06037151702786,44.01341589267286,44.02195327891923
2018_16_CHI_SF,2018,16,2018-12-23,SF,CHI,23,2018-02-04,2018-12-22,43.62921348314607,16,14,20.6875,301.0,23.9375,373.0,16,14,16.5,383.0,20.0,264.0,40.5625,45.70833333333333,44.77272727272727
2018_16_CIN_CLE,2018,16,2018-12-23,CLE,CIN,44,2018-02-04,2018-12-22,43.62921348314607,16,14,14.625,309.0,25.625,348.0,16,14,18.125,337.0,21.8125,413.0,40.09375,47.99305555555556,46.55681818181818
2018_16_GB_NYJ,2018,16,2018-12-23,NYJ,GB,82,2018-02-04,2018-12-22,43.62921348314607,16,14,18.625,292.0,23.875,359.0,16,14,20.0,332.0,24.0,331.0,43.25,46.111111111111114,45.59090909090909
2018_16_HOU_PHI,2018,16,2018-12-23,PHI,HOU,62,2018-02-04,2018-12-22,43.62921348314607,19,14,29.0,311.0,18.157894736842106,318.0,16,14,21.125,352.0,27.25,281.0,47.766447368421055,45.6703216374269,46.051435406698566
2018_16_JAX_MIA,2018,16,2018-12-23,MIA,JAX,24,2018-02-04,2018-12-22,43.62921348314607,16,14,17.5625,295.0,24.5625,374.0,19,14,25.894736842105264,225.0,17.736842105263158,289.0,42.87828947368421,42.389619883040936,42.47846889952153
2018_16_KC_SEA,2018,16,2018-12-23,SEA,KC,69,2018-02-04,2018-12-22,43.62921348314607,16,14,22.875,363.0,20.75,292.0,17,14,25.647058823529413,499.0,21.235294117647058,380.0,45.25367647058823,52.66748366013072,51.31951871657754
2018_16_LA_ARI,2018,16,2018-12-23,ARI,LAR,40,2018-02-04,2018-12-22,43.62921348314607,16,14,18.4375,192.0,22.5625,367.0,17,14,28.88235294117647,448.0,20.88235294117647,343.0,45.38235294117647,47.58496732026144,47.18449197860962
2018_16_MIN_DET,2018,16,2018-12-23,DET,MIN,36,2018-02-04,2018-12-22,43.62921348314607,16,14,25.625,284.0,23.5,333.0,18,14,23.22222222222222,323.0,17.444444444444443,308.0,44.89583333333333,44.64351851851852,44.68939393939394
2018_16_NYG_IND,2018,16,2018-12-23,IND,NYG,55,2018-02-04,2018-12-22,43.62921348314607,16,14,16.4375,372.0,25.25,300.0,16,14,15.375,307.0,24.25,348.0,40.65625,45.89583333333333,44.94318181818182
2018_16_PIT_NO,2018,16,2018-12-23,NO,PIT,59,2018-02-04,2018-12-22,43.62921348314607,18,14,27.944444444444443,459.0,21.166666666666668,292.0,17,14,26.352941176470587,384.0,20.764705882352942,316.0,48.11437908496732,50.997639796659406,50.47341057635175
2018_16_TB_DAL,2018,16,2018-12-23,DAL,TB,47,2018-02-04,2018-12-22,43.62921348314607,16,14,22.125,276.0,20.75,269.0,16,14,20.9375,344.0,23.875,403.0,43.84375,45.63194444444444,45.30681818181818
2018_16_DEN_OAK,2018,16,2018-12-24,LV,DEN,41,2018-02-04,2018-12-23,43.62921348314607,16,14,18.8125,260.0,23.3125,418.0,16,14,18.0625,306.0,23.875,299.0,42.03125,44.97916666666667,44.44318181818182
2018_17_ARI_SEA,2018,17,2018-12-30,SEA,ARI,51,2018-02-04,2018-12-24,43.62921348314607,16,15,22.875,401.0,20.75,323.0,16,15,18.4375,201.0,22.5625,398.0,42.3125,43.723684210526315,43.47826086956522
2018_17_ATL_TB,2018,17,2018-12-30,TB,ATL,66,2018-02-04,2018-12-24,43.62921348314607,16,15,20.9375,364.0,23.875,430.0,18,15,21.61111111111111,380.0,19.055555555555557,391.0,42.739583333333336,50.18201754385965,48.88768115942029
2018_17_CAR_NO,2018,17,2018-12-30,NO,CAR,47,2018-02-04,2018-12-24,43.62921348314607,18,15,27.944444444444443,490.0,21.166666666666668,320.0,17,15,22.88235294117647,343.0,21.058823529411764,368.0,46.52614379084967,49.82129342965256,49.24822392725206
2018_17_CHI_MIN,2018,17,2018-12-30,MIN,CHI,34,2018-02-04,2018-12-24,43.62921348314607,18,15,23.22222222222222,350.0,17.444444444444443,317.0,16,15,16.5,397.0,20.0,273.0,38.58333333333333,43.30701754385965,42.48550724637681
2018_17_CIN_PIT,2018,17,2018-12-30,PIT,CIN,29,2018-02-04,2018-12-24,43.62921348314607,17,15,26.352941176470587,412.0,20.764705882352942,347.0,16,15,18.125,355.0,21.8125,439.0,43.52757352941177,50.032120743034056,48.90089514066496
2018_17_CLE_BAL,2018,17,2018-12-30,BAL,CLE,50,2018-02-04,2018-12-24,43.62921348314607,16,15,24.6875,363.0,18.9375,263.0,16,15,14.625,335.0,25.625,366.0,41.9375,43.75,43.43478260869565
2018_17_DAL_NYG,2018,17,2018-12-30,NYG,DAL,71,2018-02-04,2018-12-24,43.62921348314607,16,15,15.375,334.0,24.25,376.0,16,15,22.125,303.0,20.75,289.0,41.25,42.94736842105263,42.652173913043484
2018_17_DET_GB,2018,17,2018-12-30,GB,DET,31,2018-02-04,2018-12-24,43.62921348314607,16,15,20.0,376.0,24.0,369.0,16,15,25.625,293.0,23.5,360.0,46.5625,46.59210526315789,46.586956521739125
2018_17_IND_TEN,2018,17,2018-12-30,TEN,IND,50,2018-02-04,2018-12-24,43.62921348314607,18,15,20.555555555555557,293.0,22.88888888888889,270.0,16,15,16.4375,400.0,25.25,327.0,42.56597222222222,42.90862573099415,42.84903381642512
2018_17_JAX_HOU,2018,17,2018-12-30,HOU,JAX,23,2018-02-04,2018-12-24,43.62921348314607,16,15,21.125,382.0,27.25,313.0,19,15,25.894736842105264,242.0,17.736842105263158,296.0,46.00328947368421,42.13227146814404,42.805491990846676
2018_17_LAC_DEN,2018,17,2018-12-30,DEN,LAC,32,2018-02-04,2018-12-24,43.62921348314607,16,15,18.0625,320.0,23.875,326.0,16,15,22.1875,405.0,17.0,320.0,40.5625,44.61842105263158,43.91304347826087
2018_17_MIA_BUF,2018,17,2018-12-30,BUF,MIA,59,2018-02-04,2018-12-24,43.62921348314607,17,15,17.941176470588236,227.0,21.705882352941178,357.0,16,15,17.5625,302.0,24.5625,391.0,40.88602941176471,42.212848297213625,41.98209718670077
2018_17_NYJ_NE,2018,17,2018-12-30,NE,NYJ,41,2018-02-04,2018-12-24,43.62921348314607,19,15,28.94736842105263,398.0,19.526315789473685,322.0,16,15,18.625,330.0,23.875,403.0,45.48684210526316,47.813019390581715,47.408466819221964
2018_17_OAK_KC,2018,17,2018-12-30,KC,LV,38,2018-02-04,2018-12-24,43.62921348314607,17,15,25.647058823529413,530.0,21.235294117647058,418.0,16,15,18.8125,287.0,23.3125,432.0,44.50367647058823,53.237616099071204,51.71867007672634
2018_17_PHI_WAS,2018,17,2018-12-30,WAS,PHI,24,2018-02-04,2018-12-24,43.62921348314607,16,15,21.375,281.0,24.25,335.0,19,15,29.0,343.0,18.157894736842106,348.0,46.391447368421055,44.16135734072022,44.54919908466819
2018_17_SF_LA,2018,17,2018-12-30,LAR,SF,80,2018-02-04,2018-12-24,43.62921348314607,17,15,28.88235294117647,479.0,20.88235294117647,352.0,16,15,20.6875,310.0,23.9375,387.0,47.19485294117647,50.14628482972136,49.63299232736573
2019_01_GB_CHI,2019,1,2019-09-05,CHI,GB,13,2019-02-03,,46.550561797752806,17,0,25.647058823529413,0.0,17.58823529411765,0.0,16,0,23.5,0.0,25.0,0.0,45.86764705882353,45.86764705882353,45.86764705882353
2019_01_ATL_MIN,2019,1,2019-09-08,MIN,ATL,40,2019-02-03,2019-09-05,46.550561797752806,16,0,22.5,0.0,21.3125,0.0,16,0,25.875,0.0,26.4375,0.0,48.0625,48.0625,48.0625
2019_01_BAL_MIA,2019,1,2019-09-08,MIA,BAL,69,2019-02-03,2019-09-05,46.550561797752806,16,0,19.9375,0.0,27.0625,0.0,17,0,23.88235294117647,0.0,18.235294117647058,0.0,44.55882352941177,44.55882352941177,44.55882352941177
2019_01_BUF_NYJ,2019,1,2019-09-08,NYJ,BUF,33,2019-02-03,2019-09-05,46.550561797752806,16,0,20.8125,0.0,27.5625,0.0,16,0,16.8125,0.0,23.375,0.0,44.28125,44.28125,44.28125
2019_01_CIN_SEA,2019,1,2019-09-08,SEA,CIN,41,2019-02-03,2019-09-05,46.550561797752806,17,0,26.470588235294116,0.0,21.823529411764707,0.0,16,0,23.0,0.0,28.4375,0.0,49.86580882352941,49.86580882352941,49.86580882352941
2019_01_DET_ARI,2019,1,2019-09-08,ARI,DET,54,2019-02-03,2019-09-05,46.550561797752806,16,0,14.0625,0.0,26.5625,0.0,16,0,20.25,0.0,22.5,0.0,41.6875,41.6875,41.6875
2019_01_IND_LAC,2019,1,2019-09-08,LAC,IND,54,2019-02-03,2019-09-05,46.550561797752806,18,0,26.61111111111111,0.0,21.5,0.0,18,0,25.944444444444443,0.0,21.22222222222222,0.0,47.638888888888886,47.638888888888886,47.638888888888886
2019_01_KC_JAX,2019,1,2019-09-08,JAX,KC,66,2019-02-03,2019-09-05,46.550561797752806,16,0,15.3125,0.0,19.75,0.0,18,0,34.833333333333336,0.0,26.166666666666668,0.0,48.03125,48.03125,48.03125
2019_01_LA_CAR,2019,1,2019-09-08,CAR,LAR,57,2019-02-03,2019-09-05,46.550561797752806,16,0,23.5,0.0,23.875,0.0,19,0,30.842105263157894,0.0,23.263157894736842,0.0,50.74013157894737,50.74013157894737,50.74013157894737
2019_01_NYG_DAL,2019,1,2019-09-08,DAL,NYG,52,2019-02-03,2019-09-05,46.550561797752806,18,0,21.38888888888889,0.0,20.88888888888889,0.0,16,0,23.0625,0.0,25.75,0.0,45.545138888888886,45.545138888888886,45.545138888888886
2019_01_PIT_NE,2019,1,2019-09-08,NE,PIT,36,2019-02-03,2019-09-05,46.550561797752806,19,0,27.736842105263158,0.0,20.36842105263158,0.0,16,0,26.75,0.0,22.5,0.0,48.67763157894737,48.67763157894737,48.67763157894737
2019_01_SF_TB,2019,1,2019-09-08,TB,SF,48,2019-02-03,2019-09-05,46.550561797752806,16,0,24.75,0.0,29.0,0.0,16,0,21.375,0.0,27.1875,0.0,51.15625,51.15625,51.15625
2019_01_TEN_CLE,2019,1,2019-09-08,CLE,TEN,56,2019-02-03,2019-09-05,46.550561797752806,16,0,22.4375,0.0,24.5,0.0,16,0,19.375,0.0,18.9375,0.0,42.625,42.625,42.625
2019_01_WAS_PHI,2019,1,2019-09-08,PHI,WAS,59,2019-02-03,2019-09-05,46.550561797752806,18,0,22.055555555555557,0.0,21.27777777777778,0.0,16,0,17.5625,0.0,22.4375,0.0,41.66666666666667,41.66666666666667,41.66666666666667
2019_01_DEN_OAK,2019,1,2019-09-09,LV,DEN,40,2019-02-03,2019-09-08,46.550561797752806,16,0,18.125,0.0,29.1875,0.0,16,0,20.5625,0.0,21.8125,0.0,44.84375,44.84375,44.84375
2019_01_HOU_NO,2019,1,2019-09-09,NO,HOU,58,2019-02-03,2019-09-08,46.550561797752806,18,0,30.38888888888889,0.0,21.833333333333332,0.0,17,0,24.058823529411764,0.0,19.823529411764707,0.0,48.052287581699346,48.052287581699346,48.052287581699346
2019_02_TB_CAR,2019,2,2019-09-12,CAR,TB,34,2019-02-03,2019-09-09,46.550561797752806,16,1,23.5,27.0,23.875,30.0,16,1,24.75,17.0,29.0,31.0,50.5625,50.95,50.77777777777778
2019_02_ARI_BAL,2019,2,2019-09-15,BAL,ARI,40,2019-02-03,2019-09-12,46.550561797752806,17,1,23.88235294117647,59.0,18.235294117647058,10.0,16,1,14.0625,27.0,26.5625,27.0,41.37132352941177,45.397058823529406,43.6078431372549
2019_02_BUF_NYG,2019,2,2019-09-15,NYG,BUF,42,2019-02-03,2019-09-12,46.550561797752806,16,1,23.0625,17.0,25.75,35.0,16,1,16.8125,17.0,23.375,16.0,44.5,44.1,44.27777777777778
2019_02_CHI_DEN,2019,2,2019-09-15,DEN,CHI,30,2019-02-03,2019-09-12,46.550561797752806,16,1,20.5625,16.0,21.8125,24.0,17,1,25.647058823529413,3.0,17.58823529411765,10.0,42.80514705882353,39.544117647058826,40.993464052287585
2019_02_DAL_WAS,2019,2,2019-09-15,WAS,DAL,52,2019-02-03,2019-09-12,46.550561797752806,16,1,17.5625,27.0,22.4375,32.0,18,1,21.38888888888889,35.0,20.88888888888889,17.0,41.138888888888886,44.01111111111111,42.73456790123457
2019_02_IND_TEN,2019,2,2019-09-15,TEN,IND,36,2019-02-03,2019-09-12,46.550561797752806,16,1,19.375,43.0,18.9375,13.0,18,1,25.944444444444443,24.0,21.22222222222222,30.0,42.73958333333333,45.19166666666666,44.10185185185185
2019_02_JAX_HOU,2019,2,2019-09-15,HOU,JAX,25,2019-02-03,2019-09-12,46.550561797752806,17,1,24.058823529411764,28.0,19.823529411764707,30.0,16,1,15.3125,26.0,19.75,40.0,39.47242647058823,43.97794117647059,41.97549019607843
2019_02_KC_OAK,2019,2,2019-09-15,LV,KC,38,2019-02-03,2019-09-12,46.550561797752806,16,1,18.125,24.0,29.1875,16.0,18,1,34.833333333333336,40.0,26.166666666666668,26.0,54.15625,53.925000000000004,54.02777777777778
2019_02_LAC_DET,2019,2,2019-09-15,DET,LAC,23,2019-02-03,2019-09-12,46.550561797752806,16,1,20.25,27.0,22.5,27.0,18,1,26.61111111111111,30.0,21.5,24.0,45.43055555555556,47.144444444444446,46.382716049382715
2019_02_MIN_GB,2019,2,2019-09-15,GB,MIN,37,2019-02-03,2019-09-12,46.550561797752806,16,1,23.5,10.0,25.0,3.0,16,1,22.5,28.0,21.3125,12.0,46.15625,42.225,43.97222222222222
2019_02_NE_MIA,2019,2,2019-09-15,MIA,NE,43,2019-02-03,2019-09-12,46.550561797752806,16,1,19.9375,10.0,27.0625,59.0,19,1,27.736842105263158,33.0,20.36842105263158,3.0,47.55263157894737,48.54210526315789,48.102339181286546
2019_02_NO_LA,2019,2,2019-09-15,LAR,NO,36,2019-02-03,2019-09-12,46.550561797752806,19,1,30.842105263157894,30.0,23.263157894736842,27.0,18,1,30.38888888888889,30.0,21.833333333333332,28.0,53.16374269005848,54.03099415204678,53.645549057829754
2019_02_PHI_ATL,2019,2,2019-09-15,ATL,PHI,44,2019-02-03,2019-09-12,46.550561797752806,16,1,25.875,12.0,26.4375,28.0,18,1,22.055555555555557,32.0,21.27777777777778,27.0,47.82291666666667,48.15833333333333,48.00925925925926
2019_02_SEA_PIT,2019,2,2019-09-15,PIT,SEA,54,2019-02-03,2019-09-12,46.550561797752806,16,1,26.75,3.0,22.5,33.0,17,1,26.470588235294116,21.0,21.823529411764707,20.0,48.77205882352941,46.71764705882353,47.630718954248366
2019_02_SF_CIN,2019,2,2019-09-15,CIN,SF,58,2019-02-03,2019-09-12,46.550561797752806,16,1,23.0,20.0,28.4375,21.0,16,1,21.375,31.0,27.1875,17.0,50.0,48.9,49.388888888888886
2019_02_CLE_NYJ,2019,2,2019-09-16,NYJ,CLE,26,2019-02-03,2019-09-15,46.550561797752806,16,1,20.8125,16.0,27.5625,17.0,16,1,22.4375,13.0,24.5,43.0,47.65625,47.025,47.30555555555556
2019_03_TEN_JAX,2019,3,2019-09-19,JAX,TEN,27,2019-02-03,2019-09-16,46.550561797752806,16,2,15.3125,38.0,19.75,53.0,16,2,19.375,60.0,18.9375,32.0,36.6875,39.708333333333336,38.5
2019_03_ATL_IND,2019,3,2019-09-22,IND,ATL,51,2019-02-03,2019-09-19,46.550561797752806,18,2,25.944444444444443,43.0,21.22222222222222,47.0,16,2,25.875,36.0,26.4375,48.0,49.73958333333333,47.65972222222222,48.49166666666667
2019_03_BAL_KC,2019,3,2019-09-22,KC,BAL,61,2019-02-03,2019-09-19,46.550561797752806,18,2,34.833333333333336,68.0,26.166666666666668,36.0,17,2,23.88235294117647,82.0,18.235294117647058,27.0,51.55882352941177,52.122549019607845,51.89705882352941
2019_03_CAR_ARI,2019,3,2019-09-22,ARI,CAR,58,2019-02-03,2019-09-19,46.550561797752806,16,2,14.0625,44.0,26.5625,50.0,16,2,23.5,41.0,23.875,50.0,44.0,44.75,44.45
2019_03_CIN_BUF,2019,3,2019-09-22,BUF,CIN,38,2019-02-03,2019-09-19,46.550561797752806,16,2,16.8125,45.0,23.375,30.0,16,2,23.0,37.0,28.4375,62.0,45.8125,45.041666666666664,45.35
2019_03_DEN_GB,2019,3,2019-09-22,GB,DEN,43,2019-02-03,2019-09-19,46.550561797752806,16,2,23.5,31.0,25.0,19.0,16,2,20.5625,30.0,21.8125,40.0,45.4375,40.291666666666664,42.349999999999994
2019_03_DET_PHI,2019,3,2019-09-22,PHI,DET,51,2019-02-03,2019-09-19,46.550561797752806,18,2,22.055555555555557,52.0,21.27777777777778,51.0,16,2,20.25,40.0,22.5,37.0,43.04166666666667,43.69444444444444,43.43333333333334
2019_03_HOU_LAC,2019,3,2019-09-22,LAC,HOU,47,2019-02-03,2019-09-19,46.550561797752806,18,2,26.61111111111111,40.0,21.5,37.0,17,2,24.058823529411764,41.0,19.823529411764707,42.0,45.99673202614379,43.99782135076253,44.79738562091503
2019_03_LA_CLE,2019,3,2019-09-22,CLE,LAR,33,2019-02-03,2019-09-19,46.550561797752806,16,2,22.4375,36.0,24.5,46.0,19,2,30.842105263157894,57.0,23.263157894736842,36.0,50.52138157894737,48.26425438596491,49.16710526315789
2019_03_MIA_DAL,2019,3,2019-09-22,DAL,MIA,37,2019-02-03,2019-09-19,46.550561797752806,18,2,21.38888888888889,66.0,20.88888888888889,38.0,16,2,19.9375,10.0,27.0625,102.0,44.638888888888886,47.75925925925926,46.51111111111111
2019_03_NO_SEA,2019,3,2019-09-22,SEA,NO,60,2019-02-03,2019-09-19,46.550561797752806,17,2,26.470588235294116,49.0,21.823529411764707,46.0,18,2,30.38888888888889,39.0,21.833333333333332,55.0,50.25816993464052,49.255446623093675,49.65653594771241
2019_03_NYG_TB,2019,3,2019-09-22,TB,NYG,63,2019-02-03,2019-09-19,46.550561797752806,16,2,24.75,37.0,29.0,45.0,16,2,23.0625,31.0,25.75,63.0,51.28125,48.85416666666667,49.825
2019_03_NYJ_NE,2019,3,2019-09-22,NE,NYJ,44,2019-02-03,2019-09-19,46.550561797752806,19,2,27.736842105263158,76.0,20.36842105263158,3.0,16,2,20.8125,19.0,27.5625,40.0,48.24013157894737,43.66008771929825,45.492105263157896
2019_03_OAK_MIN,2019,3,2019-09-22,MIN,LV,48,2019-02-03,2019-09-19,46.550561797752806,16,2,22.5,44.0,21.3125,33.0,16,2,18.125,34.0,29.1875,44.0,45.5625,43.291666666666664,44.2
2019_03_PIT_SF,2019,3,2019-09-22,SF,PIT,44,2019-02-03,2019-09-19,46.550561797752806,16,2,21.375,72.0,27.1875,34.0,16,2,26.75,29.0,22.5,61.0,48.90625,48.9375,48.925
2019_03_CHI_WAS,2019,3,2019-09-23,WAS,CHI,46,2019-02-03,2019-09-22,46.550561797752806,16,2,17.5625,48.0,22.4375,63.0,17,2,25.647058823529413,19.0,17.58823529411765,24.0,41.61764705882353,40.57843137254902,40.99411764705883
2019_04_PHI_GB,2019,4,2019-09-26,GB,PHI,61,2019-02-03,2019-09-23,46.550561797752806,16,3,23.5,58.0,25.0,35.0,18,3,22.055555555555557,76.0,21.27777777777778,78.0,45.91666666666667,43.88095238095238,44.621212121212125
2019_04_CAR_HOU,2019,4,2019-09-29,HOU,CAR,26,2019-02-03,2019-09-26,46.550561797752806,17,3,24.058823529411764,68.0,19.823529411764707,62.0,16,3,23.5,79.0,23.875,70.0,45.62867647058823,46.00210084033614,45.86631016042781
2019_04_CLE_BAL,2019,4,2019-09-29,BAL,CLE,65,2019-02-03,2019-09-26,46.550561797752806,17,3,23.88235294117647,110.0,18.235294117647058,60.0,16,3,22.4375,49.0,24.5,66.0,44.52757352941177,45.80147058823529,45.338235294117645
2019_04_DAL_NO,2019,4,2019-09-29,NO,DAL,22,2019-02-03,2019-09-26,46.550561797752806,18,3,30.38888888888889,72.0,21.833333333333332,82.0,18,3,21.38888888888889,97.0,20.88888888888889,44.0,47.25,48.07142857142857,47.772727272727266
2019_04_JAX_DEN,2019,4,2019-09-29,DEN,JAX,50,2019-02-03,2019-09-26,46.550561797752806,16,3,20.5625,46.0,21.8125,67.0,16,3,15.3125,58.0,19.75,60.0,38.71875,38.625,38.65909090909091
2019_04_KC_DET,2019,4,2019-09-29,DET,KC,64,2019-02-03,2019-09-26,46.550561797752806,16,3,20.25,67.0,22.5,61.0,18,3,34.833333333333336,101.0,26.166666666666668,64.0,51.875,50.57142857142858,51.04545454545455
2019_04_LAC_MIA,2019,4,2019-09-29,MIA,LAC,40,2019-02-03,2019-09-26,46.550561797752806,16,3,19.9375,16.0,27.0625,133.0,18,3,26.61111111111111,60.0,21.5,64.0,47.55555555555556,46.67460317460318,46.994949494949495
2019_04_MIN_CHI,2019,4,2019-09-29,CHI,MIN,22,2019-02-03,2019-09-26,46.550561797752806,17,3,25.647058823529413,50.0,17.58823529411765,39.0,16,3,22.5,78.0,21.3125,47.0,43.52389705882353,40.15651260504202,41.38101604278075
2019_04_NE_BUF,2019,4,2019-09-29,BUF,NE,26,2019-02-03,2019-09-26,46.550561797752806,16,3,16.8125,66.0,23.375,47.0,19,3,27.736842105263158,106.0,20.36842105263158,17.0,44.14638157894737,42.08364661654135,42.83373205741627
2019_04_OAK_IND,2019,4,2019-09-29,IND,LV,55,2019-02-03,2019-09-26,46.550561797752806,18,3,25.944444444444443,70.0,21.22222222222222,71.0,16,3,18.125,48.0,29.1875,78.0,47.23958333333333,46.06547619047619,46.49242424242424
2019_04_SEA_ARI,2019,4,2019-09-29,ARI,SEA,37,2019-02-03,2019-09-26,46.550561797752806,16,3,14.0625,64.0,26.5625,88.0,17,3,26.470588235294116,76.0,21.823529411764707,79.0,44.45955882352941,47.33403361344538,46.288770053475936
2019_04_TB_LA,2019,4,2019-09-29,LAR,TB,95,2019-02-03,2019-09-26,46.550561797752806,19,3,30.842105263157894,77.0,23.263157894736842,49.0,16,3,24.75,68.0,29.0,77.0,53.92763157894737,50.17293233082707,51.538277511961724
2019_04_TEN_ATL,2019,4,2019-09-29,ATL,TEN,34,2019-02-03,2019-09-26,46.550561797752806,16,3,25.875,60.0,26.4375,75.0,16,3,19.375,67.0,18.9375,52.0,45.3125,44.035714285714285,44.5
2019_04_WAS_NYG,2019,4,2019-09-29,NYG,WAS,27,2019-02-03,2019-09-26,46.550561797752806,16,3,23.0625,63.0,25.75,94.0,16,3,17.5625,63.0,22.4375,94.0,44.40625,47.80357142857143,46.56818181818182
2019_04_CIN_PIT,2019,4,2019-09-30,PIT,CIN,30,2019-02-03,2019-09-29,46.550561797752806,16,3,26.75,49.0,22.5,85.0,16,3,23.0,54.0,28.4375,83.0,50.34375,48.125,48.93181818181818
2019_05_LA_SEA,2019,5,2019-10-03,SEA,LAR,59,2019-02-03,2019-09-30,46.550561797752806,17,4,26.470588235294116,103.0,21.823529411764707,89.0,19,4,30.842105263157894,117.0,23.263157894736842,104.0,51.199690402476776,51.41234520123839,51.34146026831785
2019_05_ARI_CIN,2019,5,2019-10-06,CIN,ARI,49,2019-02-03,2019-10-03,46.550561797752806,16,4,23.0,57.0,28.4375,110.0,16,4,14.0625,74.0,26.5625,115.0,46.03125,45.265625,45.520833333333336
2019_05_ATL_HOU,2019,5,2019-10-06,HOU,ATL,85,2019-02-03,2019-10-03,46.550561797752806,17,4,24.058823529411764,78.0,19.823529411764707,78.0,16,4,25.875,70.0,26.4375,99.0,48.09742647058823,44.361213235294116,45.606617647058826
2019_05_BAL_PIT,2019,5,2019-10-06,PIT,BAL,49,2019-02-03,2019-10-03,46.550561797752806,16,4,26.75,76.0,22.5,88.0,17,4,23.88235294117647,135.0,18.235294117647058,100.0,45.68382352941177,47.779411764705884,47.080882352941174
2019_05_BUF_TEN,2019,5,2019-10-06,TEN,BUF,21,2019-02-03,2019-10-03,46.550561797752806,16,4,19.375,91.0,18.9375,62.0,16,4,16.8125,76.0,23.375,63.0,39.25,37.875,38.333333333333336
2019_05_CHI_OAK,2019,5,2019-10-06,LV,CHI,45,2019-02-03,2019-10-03,46.550561797752806,16,4,18.125,79.0,29.1875,102.0,17,4,25.647058823529413,66.0,17.58823529411765,45.0,45.27389705882353,40.88694852941177,42.349264705882355
2019_05_DEN_LAC,2019,5,2019-10-06,LAC,DEN,33,2019-02-03,2019-10-03,46.550561797752806,18,4,26.61111111111111,90.0,21.5,74.0,16,4,20.5625,70.0,21.8125,93.0,45.24305555555556,43.05902777777778,43.78703703703704
2019_05_GB_DAL,2019,5,2019-10-06,DAL,GB,58,2019-02-03,2019-10-03,46.550561797752806,18,4,21.38888888888889,107.0,20.88888888888889,56.0,16,4,23.5,85.0,25.0,69.0,45.388888888888886,42.50694444444444,43.467592592592595
2019_05_IND_KC,2019,5,2019-10-06,KC,IND,32,2019-02-03,2019-10-03,46.550561797752806,18,4,34.833333333333336,135.0,26.166666666666668,94.0,18,4,25.944444444444443,94.0,21.22222222222222,102.0,54.083333333333336,53.60416666666667,53.76388888888889
2019_05_JAX_CAR,2019,5,2019-10-06,CAR,JAX,61,2019-02-03,2019-10-03,46.550561797752806,16,4,23.5,95.0,23.875,80.0,16,4,15.3125,84.0,19.75,84.0,41.21875,42.046875,41.77083333333333
2019_05_MIN_NYG,2019,5,2019-10-06,NYG,MIN,38,2019-02-03,2019-10-03,46.550561797752806,16,4,23.0625,87.0,25.75,97.0,16,4,22.5,84.0,21.3125,63.0,46.3125,43.84375,44.666666666666664
2019_05_NE_WAS,2019,5,2019-10-06,WAS,NE,40,2019-02-03,2019-10-03,46.550561797752806,16,4,17.5625,66.0,22.4375,118.0,19,4,27.736842105263158,122.0,20.36842105263158,27.0,44.05263157894737,42.838815789473685,43.24342105263158
2019_05_NYJ_PHI,2019,5,2019-10-06,PHI,NYJ,37,2019-02-03,2019-10-03,46.550561797752806,18,4,22.055555555555557,110.0,21.27777777777778,105.0,16,3,20.8125,33.0,27.5625,70.0,45.85416666666667,45.44940476190476,45.67550505050505
2019_05_TB_NO,2019,5,2019-10-06,NO,TB,55,2019-02-03,2019-10-03,46.550561797752806,18,4,30.38888888888889,84.0,21.833333333333332,92.0,16,4,24.75,123.0,29.0,117.0,52.986111111111114,52.49305555555556,52.657407407407405
2019_05_CLE_SF,2019,5,2019-10-07,SF,CLE,34,2019-02-03,2019-10-06,46.550561797752806,16,3,21.375,96.0,27.1875,54.0,16,4,22.4375,89.0,24.5,91.0,47.75,47.573660714285715,47.62310606060606
2019_06_NYG_NE,2019,6,2019-10-10,NE,NYG,49,2019-02-03,2019-10-07,46.550561797752806,19,5,27.736842105263158,155.0,20.36842105263158,34.0,16,5,23.0625,97.0,25.75,125.0,48.45888157894737,44.37061403508772,45.628542510121456
2019_06_ATL_ARI,2019,6,2019-10-13,ARI,ATL,67,2019-02-03,2019-10-10,46.550561797752806,16,5,14.0625,100.0,26.5625,138.0,16,5,25.875,102.0,26.4375,152.0,46.46875,47.986111111111114,47.51923076923077
2019_06_CAR_TB,2019,6,2019-10-13,TB,CAR,63,2019-02-03,2019-10-10,46.550561797752806,16,5,24.75,147.0,29.0,148.0,16,5,23.5,129.0,23.875,107.0,50.5625,51.97222222222222,51.53846153846154
2019_06_CIN_BAL,2019,6,2019-10-13,BAL,CIN,40,2019-02-03,2019-10-10,46.550561797752806,17,5,23.88235294117647,161.0,18.235294117647058,123.0,16,5,23.0,80.0,28.4375,136.0,46.77757352941177,48.56781045751634,48.01696832579185
2019_06_DAL_NYJ,2019,6,2019-10-13,NYJ,DAL,46,2019-02-03,2019-10-10,46.550561797752806,16,4,20.8125,39.0,27.5625,101.0,18,5,21.38888888888889,131.0,20.88888888888889,90.0,45.326388888888886,42.516589506172835,43.46688034188034
2019_06_HOU_KC,2019,6,2019-10-13,KC,HOU,55,2019-02-03,2019-10-10,46.550561797752806,18,5,34.833333333333336,148.0,26.166666666666668,113.0,17,5,24.058823529411764,131.0,19.823529411764707,110.0,52.44117647058824,51.196078431372555,51.579185520361996
2019_06_NO_JAX,2019,6,2019-10-13,JAX,NO,19,2019-02-03,2019-10-10,46.550561797752806,16,5,15.3125,111.0,19.75,118.0,18,5,30.38888888888889,115.0,21.833333333333332,116.0,43.642361111111114,44.95216049382716,44.549145299145295
2019_06_PHI_MIN,2019,6,2019-10-13,MIN,PHI,58,2019-02-03,2019-10-10,46.550561797752806,16,5,22.5,112.0,21.3125,73.0,18,5,22.055555555555557,141.0,21.27777777777778,111.0,43.57291666666667,43.64351851851852,43.621794871794876
2019_06_PIT_LAC,2019,6,2019-10-13,LAC,PIT,41,2019-02-03,2019-10-10,46.550561797752806,18,5,26.61111111111111,103.0,21.5,94.0,16,5,26.75,99.0,22.5,114.0,48.68055555555556,44.41358024691358,45.72649572649573
2019_06_SEA_CLE,2019,6,2019-10-13,CLE,SEA,60,2019-02-03,2019-10-10,46.550561797752806,16,5,22.4375,92.0,24.5,122.0,17,5,26.470588235294116,133.0,21.823529411764707,118.0,47.61580882352941,46.99591503267973,47.18665158371041
2019_06_SF_LA,2019,6,2019-10-13,LAR,SF,27,2019-02-03,2019-10-10,46.550561797752806,19,5,30.842105263157894,146.0,23.263157894736842,134.0,16,4,21.375,127.0,27.1875,57.0,51.33388157894737,51.219572368421055,51.27117071524966
2019_06_TEN_DEN,2019,6,2019-10-13,DEN,TEN,16,2019-02-03,2019-10-10,46.550561797752806,16,5,20.5625,90.0,21.8125,106.0,16,5,19.375,98.0,18.9375,76.0,40.34375,38.486111111111114,39.05769230769231
2019_06_WAS_MIA,2019,6,2019-10-13,MIA,WAS,33,2019-02-03,2019-10-10,46.550561797752806,16,4,19.9375,26.0,27.0625,163.0,16,5,17.5625,73.0,22.4375,151.0,43.5,44.895833333333336,44.46474358974359
2019_06_DET_GB,2019,6,2019-10-14,GB,DET,45,2019-02-03,2019-10-13,46.550561797752806,16,5,23.5,119.0,25.0,93.0,16,4,20.25,97.0,22.5,95.0,45.625,45.24305555555556,45.32692307692308
2019_07_KC_DEN,2019,7,2019-10-17,DEN,KC,36,2019-02-03,2019-10-14,46.550561797752806,16,6,20.5625,106.0,21.8125,106.0,18,6,34.833333333333336,172.0,26.166666666666668,144.0,51.6875,47.075,48.392857142857146
2019_07_ARI_NYG,2019,7,2019-10-20,NYG,ARI,48,2019-02-03,2019-10-17,46.550561797752806,16,6,23.0625,111.0,25.75,160.0,16,6,14.0625,134.0,26.5625,171.0,44.71875,46.6875,46.125
2019_07_BAL_SEA,2019,7,2019-10-20,SEA,BAL,46,2019-02-03,2019-10-17,46.550561797752806,17,6,26.470588235294116,165.0,21.823529411764707,146.0,17,6,23.88235294117647,184.0,18.235294117647058,140.0,45.205882352941174,49.83235294117647,48.510504201680675
2019_07_HOU_IND,2019,7,2019-10-20,IND,HOU,53,2019-02-03,2019-10-17,46.550561797752806,18,5,25.944444444444443,113.0,21.22222222222222,115.0,17,6,24.058823529411764,162.0,19.823529411764707,134.0,45.52450980392157,46.72461873638344,46.39129497953027
2019_07_JAX_CIN,2019,7,2019-10-20,CIN,JAX,44,2019-02-03,2019-10-17,46.550561797752806,16,6,23.0,97.0,28.4375,159.0,16,6,15.3125,117.0,19.75,131.0,43.25,42.5,42.714285714285715
2019_07_LAC_TEN,2019,7,2019-10-20,TEN,LAC,43,2019-02-03,2019-10-17,46.550561797752806,16,6,19.375,98.0,18.9375,92.0,18,6,26.61111111111111,120.0,21.5,118.0,43.21180555555556,38.68472222222222,39.97817460317461
2019_07_LA_ATL,2019,7,2019-10-20,ATL,LAR,47,2019-02-03,2019-10-17,46.550561797752806,16,6,25.875,135.0,26.4375,186.0,19,6,30.842105263157894,153.0,23.263157894736842,154.0,53.20888157894737,52.68355263157895,52.83364661654135
2019_07_MIA_BUF,2019,7,2019-10-20,BUF,MIA,52,2019-02-03,2019-10-17,46.550561797752806,16,5,16.8125,90.0,23.375,70.0,16,5,19.9375,42.0,27.0625,180.0,43.59375,40.59722222222222,41.519230769230774
2019_07_MIN_DET,2019,7,2019-10-20,DET,MIN,72,2019-02-03,2019-10-17,46.550561797752806,16,5,20.25,119.0,22.5,118.0,16,6,22.5,150.0,21.3125,93.0,43.28125,43.579166666666666,43.46565934065934
2019_07_NO_CHI,2019,7,2019-10-20,CHI,NO,61,2019-02-03,2019-10-17,46.550561797752806,17,5,25.647058823529413,87.0,17.58823529411765,69.0,18,6,30.38888888888889,128.0,21.833333333333332,122.0,47.72875816993464,41.21895424836601,43.15237377002083
2019_07_OAK_GB,2019,7,2019-10-20,GB,LV,66,2019-02-03,2019-10-17,46.550561797752806,16,6,23.5,142.0,25.0,115.0,16,5,18.125,103.0,29.1875,123.0,47.90625,45.61944444444445,46.285714285714285
2019_07_PHI_DAL,2019,7,2019-10-20,DAL,PHI,47,2019-02-03,2019-10-17,46.550561797752806,18,6,21.38888888888889,153.0,20.88888888888889,114.0,18,6,22.055555555555557,161.0,21.27777777777778,149.0,42.80555555555556,45.97222222222222,45.067460317460316
2019_07_SF_WAS,2019,7,2019-10-20,WAS,SF,9,2019-02-03,2019-10-17,46.550561797752806,16,6,17.5625,90.0,22.4375,167.0,16,5,21.375,147.0,27.1875,64.0,44.28125,43.36388888888889,43.66483516483517
2019_07_NE_NYJ,2019,7,2019-10-21,NYJ,NE,33,2019-02-03,2019-10-20,46.550561797752806,16,5,20.8125,63.0,27.5625,123.0,19,6,27.736842105263158,190.0,20.36842105263158,48.0,48.24013157894737,42.60438596491228,44.282822440717176
2019_08_WAS_MIN,2019,8,2019-10-24,MIN,WAS,28,2019-02-03,2019-10-21,46.550561797752806,16,7,22.5,192.0,21.3125,123.0,16,7,17.5625,90.0,22.4375,176.0,41.90625,41.64772727272727,41.71666666666667
2019_08_ARI_NO,2019,8,2019-10-27,NO,ARI,40,2019-02-03,2019-10-24,46.550561797752806,18,7,30.38888888888889,164.0,21.833333333333332,147.0,16,7,14.0625,161.0,26.5625,192.0,46.423611111111114,47.06313131313131,46.89259259259259
2019_08_CAR_SF,2019,8,2019-10-27,SF,CAR,64,2019-02-03,2019-10-24,46.550561797752806,16,6,21.375,156.0,27.1875,64.0,16,6,23.5,166.0,23.875,133.0,47.96875,45.1375,45.94642857142857
2019_08_CIN_LA,2019,8,2019-10-27,LAR,CIN,34,2019-02-03,2019-10-24,46.550561797752806,19,7,30.842105263157894,190.0,23.263157894736842,164.0,16,7,23.0,114.0,28.4375,186.0,52.77138157894737,48.916866028708135,49.944736842105264
2019_08_CLE_NE,2019,8,2019-10-27,NE,CLE,40,2019-02-03,2019-10-24,46.550561797752806,19,7,27.736842105263158,223.0,20.36842105263158,48.0,16,6,22.4375,120.0,24.5,154.0,47.52138157894737,44.15209330143541,45.0578320802005
2019_08_DEN_IND,2019,8,2019-10-27,IND,DEN,28,2019-02-03,2019-10-24,46.550561797752806,18,6,25.944444444444443,143.0,21.22222222222222,138.0,16,7,20.5625,112.0,21.8125,136.0,44.77083333333333,42.46060606060606,43.07857142857143
2019_08_GB_KC,2019,8,2019-10-27,KC,GB,55,2019-02-03,2019-10-24,46.550561797752806,18,7,34.833333333333336,202.0,26.166666666666668,150.0,16,7,23.5,184.0,25.0,139.0,54.75,50.59090909090909,51.7
2019_08_LAC_CHI,2019,8,2019-10-27,CHI,LAC,33,2019-02-03,2019-10-24,46.550561797752806,17,6,25.647058823529413,112.0,17.58823529411765,105.0,18,7,26.61111111111111,140.0,21.5,141.0,45.673202614379086,41.017260843731435,42.29923747276689
2019_08_NYG_DET,2019,8,2019-10-27,DET,NYG,57,2019-02-03,2019-10-24,46.550561797752806,16,6,20.25,149.0,22.5,160.0,16,7,23.0625,132.0,25.75,187.0,45.78125,47.375,46.9
2019_08_NYJ_JAX,2019,8,2019-10-27,JAX,NYJ,44,2019-02-03,2019-10-24,46.550561797752806,16,7,15.3125,144.0,19.75,148.0,16,6,20.8125,63.0,27.5625,156.0,41.71875,40.27272727272727,40.726190476190474
2019_08_OAK_HOU,2019,8,2019-10-27,HOU,LV,51,2019-02-03,2019-10-24,46.550561797752806,17,7,24.058823529411764,185.0,19.823529411764707,164.0,16,6,18.125,127.0,29.1875,165.0,45.59742647058823,47.904745989304814,47.281722689075636
2019_08_PHI_BUF,2019,8,2019-10-27,BUF,PHI,44,2019-02-03,2019-10-24,46.550561797752806,16,6,16.8125,121.0,23.375,91.0,18,7,22.055555555555557,171.0,21.27777777777778,186.0,41.76041666666667,42.743560606060605,42.509126984126986
2019_08_SEA_ATL,2019,8,2019-10-27,ATL,SEA,47,2019-02-03,2019-10-24,46.550561797752806,16,7,25.875,145.0,26.4375,223.0,17,7,26.470588235294116,181.0,21.823529411764707,176.0,50.30330882352941,51.2466577540107,50.995098039215684
2019_08_TB_TEN,2019,8,2019-10-27,TEN,TB,50,2019-02-03,2019-10-24,46.550561797752806,16,7,19.375,121.0,18.9375,112.0,16,6,24.75,173.0,29.0,185.0,46.03125,46.20681818181818,46.12619047619047
2019_08_MIA_PIT,2019,8,2019-10-28,PIT,MIA,41,2019-02-03,2019-10-27,46.550561797752806,16,6,26.75,123.0,22.5,131.0,16,6,19.9375,63.0,27.0625,211.0,48.125,45.65,46.35714285714286
2019_09_SF_ARI,2019,9,2019-10-31,ARI,SF,53,2019-02-03,2019-10-28,46.550561797752806,16,8,14.0625,170.0,26.5625,223.0,16,7,21.375,207.0,27.1875,77.0,44.59375,44.884469696969695,44.854166666666664
2019_09_CHI_PHI,2019,9,2019-11-03,PHI,CHI,36,2019-02-03,2019-10-31,46.550561797752806,18,8,22.055555555555557,202.0,21.27777777777778,199.0,17,7,25.647058823529413,128.0,17.58823529411765,122.0,43.2843137254902,43.15515448603684,43.22732843137255
2019_09_CLE_DEN,2019,9,2019-11-03,DEN,CLE,43,2019-02-03,2019-10-31,46.550561797752806,16,8,20.5625,125.0,21.8125,151.0,16,7,22.4375,133.0,24.5,181.0,44.65625,41.36931818181818,42.202083333333334
2019_09_DET_OAK,2019,9,2019-11-03,LV,DET,55,2019-02-03,2019-10-31,46.550561797752806,16,7,18.125,151.0,29.1875,192.0,16,7,20.25,180.0,22.5,186.0,45.03125,48.60227272727273,47.65
2019_09_GB_LAC,2019,9,2019-11-03,LAC,GB,37,2019-02-03,2019-10-31,46.550561797752806,18,8,26.61111111111111,157.0,21.5,157.0,16,8,23.5,215.0,25.0,163.0,48.30555555555556,44.93518518518519,45.77777777777778
2019_09_HOU_JAX,2019,9,2019-11-03,JAX,HOU,29,2019-02-03,2019-10-31,46.550561797752806,16,8,15.3125,173.0,19.75,163.0,17,8,24.058823529411764,212.0,19.823529411764707,188.0,39.47242647058823,43.82414215686275,42.736213235294116
2019_09_IND_PIT,2019,9,2019-11-03,PIT,IND,50,2019-02-03,2019-10-31,46.550561797752806,16,7,26.75,150.0,22.5,145.0,18,7,25.944444444444443,158.0,21.22222222222222,151.0,48.20833333333333,44.984848484848484,45.84444444444445
2019_09_MIN_KC,2019,9,2019-11-03,KC,MIN,49,2019-02-03,2019-10-31,46.550561797752806,18,8,34.833333333333336,226.0,26.166666666666668,181.0,16,8,22.5,211.0,21.3125,132.0,52.40625,48.71875,49.640625
2019_09_NE_BAL,2019,9,2019-11-03,BAL,NE,57,2019-02-03,2019-10-31,46.550561797752806,17,7,23.88235294117647,214.0,18.235294117647058,156.0,19,8,27.736842105263158,250.0,20.36842105263158,61.0,45.11145510835913,45.45181302185946,45.309771671826624
2019_09_NYJ_MIA,2019,9,2019-11-03,MIA,NYJ,44,2019-02-03,2019-10-31,46.550561797752806,16,7,19.9375,77.0,27.0625,238.0,16,7,20.8125,78.0,27.5625,185.0,47.6875,43.61363636363636,44.7
2019_09_TB_SEA,2019,9,2019-11-03,SEA,TB,74,2019-02-03,2019-10-31,46.550561797752806,17,8,26.470588235294116,208.0,21.823529411764707,196.0,16,7,24.75,196.0,29.0,212.0,51.02205882352941,53.20053475935829,52.63186274509804
2019_09_TEN_CAR,2019,9,2019-11-03,CAR,TEN,50,2019-02-03,2019-10-31,46.550561797752806,16,7,23.5,179.0,23.875,184.0,16,8,19.375,148.0,18.9375,135.0,42.84375,43.290719696969695,43.155208333333334
2019_09_WAS_BUF,2019,9,2019-11-03,BUF,WAS,33,2019-02-03,2019-10-31,46.550561797752806,16,7,16.8125,134.0,23.375,122.0,16,8,17.5625,99.0,22.4375,195.0,40.09375,37.859848484848484,38.4375
2019_09_DAL_NYG,2019,9,2019-11-04,NYG,DAL,55,2019-02-03,2019-11-03,46.550561797752806,16,8,23.0625,158.0,25.75,218.0,18,7,21.38888888888889,190.0,20.88888888888889,124.0,45.545138888888886,45.761679292929294,45.69386574074074
2019_10_LAC_OAK,2019,10,2019-11-07,LV,LAC,50,2019-02-03,2019-11-04,46.550561797752806,16,8,18.125,182.0,29.1875,216.0,18,9,26.61111111111111,183.0,21.5,168.0,47.71180555555556,45.370459401709404,45.9094158496732
2019_10_ARI_TB,2019,10,2019-11-10,TB,ARI,57,2019-02-03,2019-11-07,46.550561797752806,16,8,24.75,230.0,29.0,252.0,16,9,14.0625,195.0,26.5625,251.0,47.1875,52.44551282051282,51.1764705882353
2019_10_ATL_NO,2019,10,2019-11-10,NO,ATL,35,2019-02-03,2019-11-07,46.550561797752806,18,8,30.38888888888889,195.0,21.833333333333332,156.0,16,8,25.875,165.0,26.4375,250.0,52.267361111111114,49.33912037037037,50.07118055555556
2019_10_BAL_CIN,2019,10,2019-11-10,CIN,BAL,62,2019-02-03,2019-11-07,46.550561797752806,16,8,23.0,124.0,28.4375,210.0,17,8,23.88235294117647,251.0,18.235294117647058,176.0,46.77757352941177,47.30085784313725,47.170036764705884
2019_10_BUF_CLE,2019,10,2019-11-10,CLE,BUF,35,2019-02-03,2019-11-07,46.550561797752806,16,8,22.4375,152.0,24.5,205.0,16,8,16.8125,158.0,23.375,131.0,43.5625,41.4375,41.96875
2019_10_CAR_GB,2019,10,2019-11-10,GB,CAR,40,2019-02-03,2019-11-07,46.550561797752806,16,9,23.5,226.0,25.0,189.0,16,8,23.5,209.0,23.875,204.0,47.9375,48.52724358974359,48.36764705882353
2019_10_DET_CHI,2019,10,2019-11-10,CHI,DET,33,2019-02-03,2019-11-07,46.550561797752806,17,8,25.647058823529413,142.0,17.58823529411765,144.0,16,8,20.25,204.0,22.5,217.0,42.99264705882353,43.78921568627451,43.59007352941177
2019_10_KC_TEN,2019,10,2019-11-10,TEN,KC,67,2019-02-03,2019-11-07,46.550561797752806,16,9,19.375,168.0,18.9375,165.0,18,9,34.833333333333336,252.0,26.166666666666668,204.0,49.65625,45.625,46.57352941176471
2019_10_LA_PIT,2019,10,2019-11-10,PIT,LAR,29,2019-02-03,2019-11-07,46.550561797752806,16,8,26.75,176.0,22.5,169.0,19,8,30.842105263157894,214.0,23.263157894736842,174.0,51.67763157894737,47.76754385964912,48.745065789473685
2019_10_MIA_IND,2019,10,2019-11-10,IND,MIA,28,2019-02-03,2019-11-07,46.550561797752806,18,8,25.944444444444443,182.0,21.22222222222222,177.0,16,8,19.9375,103.0,27.0625,256.0,47.08333333333333,45.611111111111114,45.979166666666664
2019_10_MIN_DAL,2019,10,2019-11-10,DAL,MIN,52,2019-02-03,2019-11-07,46.550561797752806,18,8,21.38888888888889,227.0,20.88888888888889,142.0,16,9,22.5,234.0,21.3125,158.0,43.045138888888886,44.238603988603984,43.93892973856209
2019_10_NYG_NYJ,2019,10,2019-11-10,NYJ,NYG,61,2019-02-03,2019-11-07,46.550561797752806,16,8,20.8125,96.0,27.5625,211.0,16,9,23.0625,176.0,25.75,255.0,48.59375,44.940705128205124,45.849264705882355
2019_10_SEA_SF,2019,10,2019-11-11,SF,SEA,51,2019-02-03,2019-11-10,46.550561797752806,16,8,21.375,235.0,27.1875,102.0,17,9,26.470588235294116,248.0,21.823529411764707,230.0,48.42830882352941,47.94989630467572,48.09402032871972
2019_11_PIT_CLE,2019,11,2019-11-14,CLE,PIT,28,2019-02-03,2019-11-11,46.550561797752806,16,9,22.4375,171.0,24.5,221.0,16,9,26.75,193.0,22.5,181.0,48.09375,44.25961538461539,45.161764705882355
2019_11_ARI_SF,2019,11,2019-11-17,SF,ARI,62,2019-02-03,2019-11-14,46.550561797752806,16,9,21.375,259.0,27.1875,129.0,16,10,14.0625,222.0,26.5625,281.0,44.59375,46.16208791208791,45.838235294117645
2019_11_ATL_CAR,2019,11,2019-11-17,CAR,ATL,32,2019-02-03,2019-11-14,46.550561797752806,16,9,23.5,225.0,23.875,228.0,16,9,25.875,191.0,26.4375,259.0,49.84375,50.06730769230769,50.01470588235294
2019_11_BUF_MIA,2019,11,2019-11-17,MIA,BUF,57,2019-02-03,2019-11-14,46.550561797752806,16,9,19.9375,119.0,27.0625,268.0,16,9,16.8125,174.0,23.375,150.0,43.59375,40.75961538461539,41.4264705882353
2019_11_CHI_LA,2019,11,2019-11-17,LAR,CHI,24,2019-02-03,2019-11-14,46.550561797752806,19,9,30.842105263157894,226.0,23.263157894736842,191.0,17,9,25.647058823529413,162.0,17.58823529411765,157.0,48.6702786377709,43.28316265777566,44.550719358951014
2019_11_CIN_OAK,2019,11,2019-11-17,LV,CIN,27,2019-02-03,2019-11-14,46.550561797752806,16,9,18.125,208.0,29.1875,240.0,16,9,23.0,137.0,28.4375,259.0,49.375,47.65384615384615,48.05882352941177
2019_11_DAL_DET,2019,11,2019-11-17,DET,DAL,62,2019-02-03,2019-11-14,46.550561797752806,16,9,20.25,217.0,22.5,237.0,18,9,21.38888888888889,251.0,20.88888888888889,170.0,42.513888888888886,46.73504273504273,45.74183006535947
2019_11_DEN_MIN,2019,11,2019-11-17,MIN,DEN,50,2019-02-03,2019-11-14,46.550561797752806,16,10,22.5,262.0,21.3125,182.0,16,9,20.5625,149.0,21.8125,170.0,43.09375,40.90453296703297,41.42238562091504
2019_11_HOU_BAL,2019,11,2019-11-17,BAL,HOU,48,2019-02-03,2019-11-14,46.550561797752806,17,9,23.88235294117647,300.0,18.235294117647058,189.0,17,9,24.058823529411764,238.0,19.823529411764707,191.0,43.0,48.53846153846154,47.23529411764706
2019_11_JAX_IND,2019,11,2019-11-17,IND,JAX,46,2019-02-03,2019-11-14,46.550561797752806,18,9,25.944444444444443,194.0,21.22222222222222,193.0,16,9,15.3125,176.0,19.75,189.0,41.11458333333333,41.57371794871795,41.4656862745098
2019_11_NE_PHI,2019,11,2019-11-17,PHI,NE,27,2019-02-03,2019-11-14,46.550561797752806,18,9,22.055555555555557,224.0,21.27777777777778,213.0,19,9,27.736842105263158,270.0,20.36842105263158,98.0,45.719298245614034,45.029014844804315,45.19143446852425
2019_11_NO_TB,2019,11,2019-11-17,TB,NO,51,2019-02-03,2019-11-14,46.550561797752806,16,9,24.75,260.0,29.0,279.0,18,9,30.38888888888889,204.0,21.833333333333332,182.0,52.986111111111114,51.88034188034188,52.14052287581699
2019_11_NYJ_WAS,2019,11,2019-11-17,WAS,NYJ,51,2019-02-03,2019-11-14,46.550561797752806,16,9,17.5625,108.0,22.4375,219.0,16,9,20.8125,130.0,27.5625,238.0,44.1875,40.32692307692308,41.23529411764706
2019_11_KC_LAC,2019,11,2019-11-18,LAC,KC,41,2019-02-03,2019-11-17,46.550561797752806,18,10,26.61111111111111,207.0,21.5,194.0,18,10,34.833333333333336,284.0,26.166666666666668,239.0,54.55555555555556,48.58730158730159,49.91358024691358
2019_12_IND_HOU,2019,12,2019-11-21,HOU,IND,37,2019-02-03,2019-11-18,46.550561797752806,17,10,24.058823529411764,245.0,19.823529411764707,232.0,18,10,25.944444444444443,227.0,21.22222222222222,206.0,45.52450980392157,45.50700280112045,45.510893246187365
2019_12_CAR_NO,2019,12,2019-11-24,NO,CAR,65,2019-02-03,2019-11-21,46.550561797752806,18,10,30.38888888888889,238.0,21.833333333333332,199.0,16,10,23.5,228.0,23.875,257.0,49.798611111111114,47.15674603174603,47.74382716049382
2019_12_DAL_NE,2019,12,2019-11-24,NE,DAL,22,2019-02-03,2019-11-21,46.550561797752806,19,10,27.736842105263158,287.0,20.36842105263158,108.0,18,10,21.38888888888889,286.0,20.88888888888889,197.0,45.191520467836256,44.26900584795321,44.47400909681611
2019_12_DEN_BUF,2019,12,2019-11-24,BUF,DEN,23,2019-02-03,2019-11-21,46.550561797752806,16,10,16.8125,211.0,23.375,170.0,16,10,20.5625,172.0,21.8125,197.0,41.28125,38.58035714285714,39.18055555555556
2019_12_DET_WAS,2019,12,2019-11-24,WAS,DET,35,2019-02-03,2019-11-21,46.550561797752806,16,10,17.5625,125.0,22.4375,253.0,16,10,20.25,244.0,22.5,272.0,41.375,43.75,43.22222222222222
2019_12_GB_SF,2019,12,2019-11-24,SF,GB,45,2019-02-03,2019-11-21,46.550561797752806,16,10,21.375,295.0,27.1875,155.0,16,10,23.5,250.0,25.0,205.0,48.53125,46.1875,46.70833333333333
2019_12_JAX_TEN,2019,12,2019-11-24,TEN,JAX,62,2019-02-03,2019-11-21,46.550561797752806,16,10,19.375,203.0,18.9375,197.0,16,10,15.3125,189.0,19.75,222.0,36.6875,39.44642857142857,38.833333333333336
2019_12_MIA_CLE,2019,12,2019-11-24,CLE,MIA,65,2019-02-03,2019-11-21,46.550561797752806,16,10,22.4375,192.0,24.5,228.0,16,10,19.9375,139.0,27.0625,305.0,46.96875,44.276785714285715,44.875
2019_12_NYG_CHI,2019,12,2019-11-24,CHI,NYG,33,2019-02-03,2019-11-21,46.550561797752806,17,10,25.647058823529413,169.0,17.58823529411765,174.0,16,10,23.0625,203.0,25.75,289.0,46.02389705882353,42.97111344537815,43.64950980392157
2019_12_OAK_NYJ,2019,12,2019-11-24,NYJ,LV,37,2019-02-03,2019-11-21,46.550561797752806,16,10,20.8125,164.0,27.5625,255.0,16,10,18.125,225.0,29.1875,250.0,47.84375,45.598214285714285,46.09722222222222
2019_12_PIT_CIN,2019,12,2019-11-24,CIN,PIT,26,2019-02-03,2019-11-21,46.550561797752806,16,10,23.0,147.0,28.4375,276.0,16,10,26.75,200.0,22.5,202.0,50.34375,43.848214285714285,45.291666666666664
2019_12_SEA_PHI,2019,12,2019-11-24,PHI,SEA,26,2019-02-03,2019-11-21,46.550561797752806,18,10,22.055555555555557,234.0,21.27777777777778,230.0,17,10,26.470588235294116,275.0,21.823529411764707,254.0,45.81372549019608,48.55392156862745,47.94498910675381
2019_12_TB_ATL,2019,12,2019-11-24,ATL,TB,57,2019-02-03,2019-11-21,46.550561797752806,16,10,25.875,220.0,26.4375,262.0,16,10,24.75,277.0,29.0,313.0,53.03125,53.4375,53.34722222222222
2019_12_BAL_LA,2019,12,2019-11-25,LAR,BAL,51,2019-02-03,2019-11-24,46.550561797752806,19,10,30.842105263157894,243.0,23.263157894736842,198.0,17,10,23.88235294117647,341.0,18.235294117647058,196.0,48.11145510835913,48.67470145953118,48.54953560371517
2019_13_BUF_DAL,2019,13,2019-11-28,DAL,BUF,41,2019-02-03,2019-11-25,46.550561797752806,18,11,21.38888888888889,295.0,20.88888888888889,210.0,16,11,16.8125,231.0,23.375,173.0,41.232638888888886,41.29537037037037,41.28216374269006
2019_13_CHI_DET,2019,13,2019-11-28,DET,CHI,44,2019-02-03,2019-11-25,46.550561797752806,16,11,20.25,260.0,22.5,291.0,17,11,25.647058823529413,188.0,17.58823529411765,188.0,42.99264705882353,42.36470588235294,42.4969040247678
2019_13_NO_ATL,2019,13,2019-11-28,ATL,NO,44,2019-02-03,2019-11-25,46.550561797752806,16,11,25.875,242.0,26.4375,297.0,18,11,30.38888888888889,272.0,21.833333333333332,230.0,52.267361111111114,48.637962962962966,49.40204678362573
2019_13_CLE_PIT,2019,13,2019-12-01,PIT,CLE,33,2019-02-03,2019-11-28,46.550561797752806,16,11,26.75,216.0,22.5,212.0,16,11,22.4375,233.0,24.5,252.0,48.09375,43.25833333333333,44.276315789473685
2019_13_GB_NYG,2019,13,2019-12-01,NYG,GB,44,2019-02-03,2019-11-28,46.550561797752806,16,11,23.0625,217.0,25.75,308.0,16,11,23.5,258.0,25.0,242.0,48.65625,47.141666666666666,47.46052631578947
2019_13_LAC_DEN,2019,13,2019-12-01,DEN,LAC,43,2019-02-03,2019-11-28,46.550561797752806,16,11,20.5625,175.0,21.8125,217.0,18,11,26.61111111111111,224.0,21.5,218.0,45.24305555555556,39.864814814814814,40.99707602339181
2019_13_LA_ARI,2019,13,2019-12-01,ARI,LAR,41,2019-02-03,2019-11-28,46.550561797752806,16,11,14.0625,248.0,26.5625,317.0,19,11,30.842105263157894,249.0,23.263157894736842,243.0,47.36513157894737,47.8640350877193,47.7590027700831
2019_13_NE_HOU,2019,13,2019-12-01,HOU,NE,50,2019-02-03,2019-11-28,46.550561797752806,17,11,24.058823529411764,265.0,19.823529411764707,249.0,19,11,27.736842105263158,300.0,20.36842105263158,117.0,45.9938080495356,43.29834881320949,43.86581391559394
2019_13_NYJ_CIN,2019,13,2019-12-01,CIN,NYJ,28,2019-02-03,2019-11-28,46.550561797752806,16,11,23.0,157.0,28.4375,292.0,16,11,20.8125,198.0,27.5625,258.0,49.90625,43.475,44.828947368421055
2019_13_OAK_KC,2019,13,2019-12-01,KC,LV,49,2019-02-03,2019-11-28,46.550561797752806,18,11,34.833333333333336,308.0,26.166666666666668,256.0,16,11,18.125,228.0,29.1875,284.0,54.15625,50.30833333333334,51.11842105263158
2019_13_PHI_MIA,2019,13,2019-12-01,MIA,PHI,68,2019-02-03,2019-11-28,46.550561797752806,16,11,19.9375,163.0,27.0625,346.0,18,11,22.055555555555557,243.0,21.27777777777778,247.0,45.16666666666667,45.34444444444445,45.30701754385965
2019_13_SF_BAL,2019,13,2019-12-01,BAL,SF,37,2019-02-03,2019-11-28,46.550561797752806,17,11,23.88235294117647,386.0,18.235294117647058,202.0,16,11,21.375,332.0,27.1875,163.0,45.34007352941177,48.1906862745098,47.5905572755418
2019_13_TB_JAX,2019,13,2019-12-01,JAX,TB,39,2019-02-03,2019-11-28,46.550561797752806,16,11,15.3125,209.0,19.75,264.0,16,11,24.75,312.0,29.0,335.0,44.40625,49.175,48.171052631578945
2019_13_TEN_IND,2019,13,2019-12-01,IND,TEN,48,2019-02-03,2019-11-28,46.550561797752806,18,11,25.944444444444443,244.0,21.22222222222222,226.0,16,11,19.375,245.0,18.9375,217.0,42.73958333333333,42.46388888888889,42.521929824561404
2019_13_WAS_CAR,2019,13,2019-12-01,CAR,WAS,50,2019-02-03,2019-11-28,46.550561797752806,16,11,23.5,259.0,23.875,291.0,16,11,17.5625,144.0,22.4375,269.0,43.6875,43.75,43.73684210526316
2019_13_MIN_SEA,2019,13,2019-12-02,SEA,MIN,67,2019-02-03,2019-12-01,46.550561797752806,17,11,26.470588235294116,292.0,21.823529411764707,263.0,16,11,22.5,289.0,21.3125,205.0,46.05330882352941,47.247549019607845,46.996130030959755
2019_14_DAL_CHI,2019,14,2019-12-05,CHI,DAL,55,2019-02-03,2019-12-02,46.550561797752806,17,12,25.647058823529413,212.0,17.58823529411765,208.0,18,12,21.38888888888889,310.0,20.88888888888889,236.0,42.75653594771242,40.876633986928105,41.25261437908497
2019_14_BAL_BUF,2019,14,2019-12-08,BUF,BAL,41,2019-02-03,2019-12-05,46.550561797752806,16,12,16.8125,257.0,23.375,188.0,17,12,23.88235294117647,406.0,18.235294117647058,219.0,41.15257352941177,43.72564338235294,43.211029411764706
2019_14_CAR_ATL,2019,14,2019-12-08,ATL,CAR,60,2019-02-03,2019-12-05,46.550561797752806,16,12,25.875,260.0,26.4375,323.0,16,12,23.5,280.0,23.875,320.0,49.84375,49.4296875,49.5125
2019_14_CIN_CLE,2019,14,2019-12-08,CLE,CIN,46,2019-02-03,2019-12-05,46.550561797752806,16,12,22.4375,246.0,24.5,272.0,16,12,23.0,179.0,28.4375,298.0,49.1875,43.390625,44.55
2019_14_DEN_HOU,2019,14,2019-12-08,HOU,DEN,62,2019-02-03,2019-12-05,46.550561797752806,17,12,24.058823529411764,293.0,19.823529411764707,271.0,16,12,20.5625,198.0,21.8125,237.0,43.12867647058823,42.00091911764706,42.226470588235294
2019_14_DET_MIN,2019,14,2019-12-08,MIN,DET,27,2019-02-03,2019-12-05,46.550561797752806,16,12,22.5,319.0,21.3125,242.0,16,12,20.25,280.0,22.5,315.0,43.28125,46.9453125,46.2125
2019_14_IND_TB,2019,14,2019-12-08,TB,IND,73,2019-02-03,2019-12-05,46.550561797752806,16,12,24.75,340.0,29.0,346.0,18,12,25.944444444444443,261.0,21.22222222222222,257.0,50.45833333333333,50.239583333333336,50.28333333333333
2019_14_KC_NE,2019,14,2019-12-08,NE,KC,39,2019-02-03,2019-12-05,46.550561797752806,19,12,27.736842105263158,322.0,20.36842105263158,145.0,18,12,34.833333333333336,348.0,26.166666666666668,265.0,54.55263157894737,47.38815789473684,48.82105263157895
2019_14_LAC_JAX,2019,14,2019-12-08,JAX,LAC,55,2019-02-03,2019-12-05,46.550561797752806,16,12,15.3125,220.0,19.75,292.0,18,12,26.61111111111111,244.0,21.5,241.0,41.58680555555556,41.552951388888886,41.55972222222222
2019_14_MIA_NYJ,2019,14,2019-12-08,NYJ,MIA,43,2019-02-03,2019-12-05,46.550561797752806,16,12,20.8125,204.0,27.5625,280.0,16,12,19.9375,200.0,27.0625,377.0,47.6875,45.078125,45.6
2019_14_PIT_ARI,2019,14,2019-12-08,ARI,PIT,40,2019-02-03,2019-12-05,46.550561797752806,16,12,14.0625,255.0,26.5625,351.0,16,12,26.75,236.0,22.5,225.0,44.9375,44.578125,44.65
2019_14_SEA_LA,2019,14,2019-12-08,LAR,SEA,40,2019-02-03,2019-12-05,46.550561797752806,19,12,30.842105263157894,283.0,23.263157894736842,250.0,17,12,26.470588235294116,329.0,21.823529411764707,293.0,51.199690402476776,48.8936726006192,49.35487616099071
2019_14_SF_NO,2019,14,2019-12-08,NO,SF,94,2019-02-03,2019-12-05,46.550561797752806,18,12,30.38888888888889,298.0,21.833333333333332,248.0,16,12,21.375,349.0,27.1875,183.0,50.392361111111114,46.28559027777778,47.106944444444444
2019_14_TEN_OAK,2019,14,2019-12-08,LV,TEN,63,2019-02-03,2019-12-05,46.550561797752806,16,12,18.125,237.0,29.1875,324.0,16,12,19.375,276.0,18.9375,234.0,42.8125,44.171875,43.9
2019_14_WAS_GB,2019,14,2019-12-08,GB,WAS,35,2019-02-03,2019-12-05,46.550561797752806,16,12,23.5,289.0,25.0,255.0,16,12,17.5625,173.0,22.4375,290.0,44.25,42.53125,42.875
2019_14_NYG_PHI,2019,14,2019-12-09,PHI,NYG,40,2019-02-03,2019-12-08,46.550561797752806,18,12,22.055555555555557,274.0,21.27777777777778,284.0,16,12,23.0625,230.0,25.75,339.0,46.07291666666667,46.736979166666664,46.60416666666667
2019_15_NYJ_BAL,2019,15,2019-12-12,BAL,NYJ,63,2019-02-03,2019-12-09,46.550561797752806,17,13,23.88235294117647,430.0,18.235294117647058,236.0,16,13,20.8125,226.0,27.5625,301.0,45.24632352941177,45.734429065743946,45.641456582633054
2019_15_ATL_SF,2019,15,2019-12-15,SF,ATL,51,2019-02-03,2019-12-12,46.550561797752806,16,13,21.375,397.0,27.1875,229.0,16,13,25.875,300.0,26.4375,343.0,50.4375,49.19117647058823,49.42857142857143
2019_15_BUF_PIT,2019,15,2019-12-15,PIT,BUF,27,2019-02-03,2019-12-12,46.550561797752806,16,13,26.75,259.0,22.5,242.0,16,13,16.8125,274.0,23.375,212.0,44.71875,39.5514705882353,40.535714285714285
2019_15_CHI_GB,2019,15,2019-12-15,GB,CHI,34,2019-02-03,2019-12-12,46.550561797752806,16,13,23.5,309.0,25.0,270.0,17,13,25.647058823529413,243.0,17.58823529411765,232.0,45.86764705882353,41.7923875432526,42.568627450980394
2019_15_CLE_ARI,2019,15,2019-12-15,ARI,CLE,62,2019-02-03,2019-12-12,46.550561797752806,16,13,14.0625,272.0,26.5625,374.0,16,13,22.4375,273.0,24.5,291.0,43.78125,45.88970588235294,45.48809523809524
2019_15_DEN_KC,2019,15,2019-12-15,KC,DEN,26,2019-02-03,2019-12-12,46.550561797752806,18,13,34.833333333333336,371.0,26.166666666666668,281.0,16,13,20.5625,236.0,21.8125,261.0,51.6875,45.955882352941174,47.04761904761905
2019_15_HOU_TEN,2019,15,2019-12-15,TEN,HOU,45,2019-02-03,2019-12-12,46.550561797752806,16,13,19.375,318.0,18.9375,255.0,17,13,24.058823529411764,317.0,19.823529411764707,309.0,41.09742647058823,44.93468858131488,44.20378151260505
2019_15_JAX_OAK,2019,15,2019-12-15,LV,JAX,36,2019-02-03,2019-12-12,46.550561797752806,16,13,18.125,258.0,29.1875,366.0,16,13,15.3125,230.0,19.75,337.0,41.1875,44.720588235294116,44.04761904761905
2019_15_LA_DAL,2019,15,2019-12-15,DAL,LAR,65,2019-02-03,2019-12-12,46.550561797752806,18,13,21.38888888888889,334.0,20.88888888888889,267.0,19,13,30.842105263157894,311.0,23.263157894736842,262.0,48.191520467836256,45.86859305125559,46.311055416318574
2019_15_MIA_NYG,2019,15,2019-12-15,NYG,MIA,56,2019-02-03,2019-12-12,46.550561797752806,16,13,23.0625,247.0,25.75,362.0,16,13,19.9375,221.0,27.0625,399.0,47.90625,47.419117647058826,47.51190476190476
2019_15_MIN_LAC,2019,15,2019-12-15,LAC,MIN,49,2019-02-03,2019-12-12,46.550561797752806,18,13,26.61111111111111,289.0,21.5,251.0,16,13,22.5,339.0,21.3125,249.0,45.96180555555556,43.99101307189542,44.366402116402114
2019_15_NE_CIN,2019,15,2019-12-15,CIN,NE,47,2019-02-03,2019-12-12,46.550561797752806,16,13,23.0,198.0,28.4375,325.0,19,13,27.736842105263158,338.0,20.36842105263158,168.0,49.77138157894737,41.975619195046434,43.46052631578947
2019_15_PHI_WAS,2019,15,2019-12-15,WAS,PHI,64,2019-02-03,2019-12-12,46.550561797752806,16,13,17.5625,188.0,22.4375,310.0,18,13,22.055555555555557,297.0,21.27777777777778,301.0,41.66666666666667,42.03921568627451,41.96825396825397
2019_15_SEA_CAR,2019,15,2019-12-15,CAR,SEA,54,2019-02-03,2019-12-12,46.550561797752806,16,13,23.5,300.0,23.875,360.0,17,13,26.470588235294116,341.0,21.823529411764707,321.0,47.83455882352941,50.13754325259516,49.698879551820724
2019_15_TB_DET,2019,15,2019-12-15,DET,TB,55,2019-02-03,2019-12-12,46.550561797752806,16,13,20.25,287.0,22.5,335.0,16,13,24.75,378.0,29.0,381.0,48.25,51.970588235294116,51.26190476190476
2019_15_IND_NO,2019,15,2019-12-16,NO,IND,41,2019-02-03,2019-12-15,46.550561797752806,18,13,30.38888888888889,344.0,21.833333333333332,296.0,18,13,25.944444444444443,296.0,21.22222222222222,295.0,49.69444444444444,47.89869281045752,48.24074074074074
2019_16_BUF_NE,2019,16,2019-12-21,NE,BUF,41,2019-02-03,2019-12-16,46.550561797752806,19,14,27.736842105263158,372.0,20.36842105263158,181.0,16,14,16.8125,291.0,23.375,222.0,44.14638157894737,39.42141812865497,40.280502392344495
2019_16_HOU_TB,2019,16,2019-12-21,TB,HOU,43,2019-02-03,2019-12-16,46.550561797752806,16,14,24.75,416.0,29.0,398.0,17,14,24.058823529411764,341.0,19.823529411764707,330.0,48.81617647058823,52.09803921568628,51.50133689839572
2019_16_LA_SF,2019,16,2019-12-21,SF,LAR,65,2019-02-03,2019-12-16,46.550561797752806,16,14,21.375,419.0,27.1875,258.0,19,14,30.842105263157894,332.0,23.263157894736842,306.0,51.33388157894737,47.93530701754386,48.55322966507177
2019_16_ARI_SEA,2019,16,2019-12-22,SEA,ARI,40,2019-02-03,2019-12-21,46.550561797752806,17,14,26.470588235294116,371.0,21.823529411764707,345.0,16,14,14.0625,310.0,26.5625,398.0,44.45955882352941,49.435457516339866,48.530748663101605
2019_16_BAL_CLE,2019,16,2019-12-22,CLE,BAL,46,2019-02-03,2019-12-21,46.550561797752806,16,14,22.4375,297.0,24.5,329.0,17,14,23.88235294117647,472.0,18.235294117647058,257.0,44.52757352941177,47.53390522875817,46.98729946524064
2019_16_CAR_IND,2019,16,2019-12-22,IND,CAR,44,2019-02-03,2019-12-21,46.550561797752806,18,14,25.944444444444443,303.0,21.22222222222222,329.0,16,14,23.5,324.0,23.875,390.0,47.27083333333333,47.89351851851852,47.78030303030303
2019_16_CIN_MIA,2019,16,2019-12-22,MIA,CIN,73,2019-02-03,2019-12-21,46.550561797752806,16,14,19.9375,241.0,27.0625,435.0,16,14,23.0,211.0,28.4375,359.0,49.21875,45.548611111111114,46.21590909090909
2019_16_DAL_PHI,2019,16,2019-12-22,PHI,DAL,26,2019-02-03,2019-12-21,46.550561797752806,18,14,22.055555555555557,334.0,21.27777777777778,328.0,18,14,21.38888888888889,378.0,20.88888888888889,288.0,42.80555555555556,46.401234567901234,45.74747474747475
2019_16_DET_DEN,2019,16,2019-12-22,DEN,DET,44,2019-02-03,2019-12-21,46.550561797752806,16,14,20.5625,239.0,21.8125,284.0,16,14,20.25,304.0,22.5,373.0,42.5625,42.791666666666664,42.75
2019_16_JAX_ATL,2019,16,2019-12-22,ATL,JAX,36,2019-02-03,2019-12-21,46.550561797752806,16,14,25.875,329.0,26.4375,365.0,16,14,15.3125,250.0,19.75,353.0,43.6875,45.736111111111114,45.36363636363636
2019_16_KC_CHI,2019,16,2019-12-22,CHI,KC,29,2019-02-03,2019-12-21,46.550561797752806,17,14,25.647058823529413,256.0,17.58823529411765,253.0,18,14,34.833333333333336,394.0,26.166666666666668,284.0,52.117647058823536,44.55392156862746,45.929144385026746
2019_16_NO_TEN,2019,16,2019-12-22,TEN,NO,66,2019-02-03,2019-12-21,46.550561797752806,16,14,19.375,339.0,18.9375,279.0,18,14,30.38888888888889,378.0,21.833333333333332,303.0,45.267361111111114,46.14274691358025,45.983585858585855
2019_16_NYG_WAS,2019,16,2019-12-22,WAS,NYG,76,2019-02-03,2019-12-21,46.550561797752806,16,14,17.5625,215.0,22.4375,347.0,16,14,23.0625,283.0,25.75,382.0,44.40625,43.951388888888886,44.03409090909091
2019_16_OAK_LAC,2019,16,2019-12-22,LAC,LV,41,2019-02-03,2019-12-21,46.550561797752806,18,14,26.61111111111111,299.0,21.5,290.0,16,14,18.125,274.0,29.1875,386.0,47.71180555555556,45.29706790123457,45.736111111111114
2019_16_PIT_NYJ,2019,16,2019-12-22,NYJ,PIT,26,2019-02-03,2019-12-21,46.550561797752806,16,14,20.8125,247.0,27.5625,343.0,16,14,26.75,269.0,22.5,259.0,48.8125,41.90277777777778,43.15909090909091
2019_16_GB_MIN,2019,16,2019-12-23,MIN,GB,33,2019-02-03,2019-12-22,46.550561797752806,16,14,22.5,378.0,21.3125,259.0,16,14,23.5,330.0,25.0,283.0,46.15625,44.97916666666667,45.19318181818182
2019_17_ARI_LA,2019,17,2019-12-29,LAR,ARI,55,2019-02-03,2019-12-23,46.550561797752806,19,15,30.842105263157894,363.0,23.263157894736842,340.0,16,15,14.0625,337.0,26.5625,411.0,47.36513157894737,48.155817174515235,48.01830663615561
2019_17_ATL_TB,2019,17,2019-12-29,TB,ATL,50,2019-02-03,2019-12-23,46.550561797752806,16,15,24.75,436.0,29.0,421.0,16,15,25.875,353.0,26.4375,377.0,53.03125,52.92763157894737,52.94565217391305
2019_17_CHI_MIN,2019,17,2019-12-29,MIN,CHI,40,2019-02-03,2019-12-23,46.550561797752806,16,15,22.5,388.0,21.3125,282.0,17,15,25.647058823529413,259.0,17.58823529411765,279.0,43.52389705882353,40.952399380804955,41.399616368286445
2019_17_CLE_CIN,2019,17,2019-12-29,CIN,CLE,56,2019-02-03,2019-12-23,46.550561797752806,16,15,23.0,246.0,28.4375,397.0,16,15,22.4375,312.0,24.5,360.0,49.1875,44.96052631578947,45.69565217391305
2019_17_GB_DET,2019,17,2019-12-29,DET,GB,43,2019-02-03,2019-12-23,46.550561797752806,16,15,20.25,321.0,22.5,400.0,16,15,23.5,353.0,25.0,293.0,45.625,45.578947368421055,45.586956521739125
2019_17_IND_JAX,2019,17,2019-12-29,JAX,IND,58,2019-02-03,2019-12-23,46.550561797752806,16,15,15.3125,262.0,19.75,377.0,18,15,25.944444444444443,341.0,21.22222222222222,335.0,41.11458333333333,43.260964912280706,42.88768115942029
2019_17_LAC_KC,2019,17,2019-12-29,KC,LAC,52,2019-02-03,2019-12-23,46.550561797752806,18,15,34.833333333333336,420.0,26.166666666666668,287.0,18,15,26.61111111111111,316.0,21.5,314.0,54.55555555555556,46.66959064327486,48.04106280193237
2019_17_MIA_NE,2019,17,2019-12-29,NE,MIA,51,2019-02-03,2019-12-23,46.550561797752806,19,15,27.736842105263158,396.0,20.36842105263158,198.0,16,15,19.9375,279.0,27.0625,470.0,47.55263157894737,45.353185595567865,45.73569794050343
2019_17_NO_CAR,2019,17,2019-12-29,CAR,NO,52,2019-02-03,2019-12-23,46.550561797752806,16,15,23.5,330.0,23.875,428.0,18,15,30.38888888888889,416.0,21.833333333333332,331.0,49.798611111111114,50.0891812865497,50.03864734299517
2019_17_NYJ_BUF,2019,17,2019-12-29,BUF,NYJ,19,2019-02-03,2019-12-23,46.550561797752806,16,15,16.8125,308.0,23.375,246.0,16,15,20.8125,263.0,27.5625,353.0,44.28125,40.11184210526316,40.83695652173913
2019_17_OAK_DEN,2019,17,2019-12-29,DEN,LV,31,2019-02-03,2019-12-23,46.550561797752806,16,15,20.5625,266.0,21.8125,301.0,16,15,18.125,298.0,29.1875,403.0,44.84375,42.80921052631579,43.16304347826087
2019_17_PHI_NYG,2019,17,2019-12-29,NYG,PHI,51,2019-02-03,2019-12-23,46.550561797752806,16,15,23.0625,324.0,25.75,417.0,18,15,22.055555555555557,351.0,21.27777777777778,337.0,46.07291666666667,47.30482456140351,47.09057971014493
2019_17_PIT_BAL,2019,17,2019-12-29,BAL,PIT,38,2019-02-03,2019-12-23,46.550561797752806,17,15,23.88235294117647,503.0,18.235294117647058,272.0,16,15,26.75,279.0,22.5,275.0,45.68382352941177,44.591331269349844,44.78132992327366
2019_17_SF_SEA,2019,17,2019-12-29,SEA,SF,47,2019-02-03,2019-12-23,46.550561797752806,17,15,26.470588235294116,384.0,21.823529411764707,372.0,16,15,21.375,453.0,27.1875,289.0,48.42830882352941,49.616486068111456,49.40984654731458
2019_17_TEN_HOU,2019,17,2019-12-29,HOU,TEN,49,2019-02-03,2019-12-23,46.550561797752806,17,15,24.058823529411764,364.0,19.823529411764707,350.0,16,15,19.375,367.0,18.9375,317.0,41.09742647058823,45.44156346749226,44.68606138107417
2019_17_WAS_DAL,2019,17,2019-12-29,DAL,WAS,63,2019-02-03,2019-12-23,46.550561797752806,18,15,21.38888888888889,387.0,20.88888888888889,305.0,16,15,17.5625,250.0,22.4375,388.0,41.138888888888886,43.66081871345029,43.22222222222222
2020_01_HOU_KC,2020,1,2020-09-10,KC,HOU,54,2020-02-02,,45.70411985018727,19,0,29.894736842105264,0.0,20.157894736842106,0.0,18,0,23.944444444444443,0.0,25.27777777777778,0.0,49.6374269005848,49.6374269005848,49.6374269005848
2020_01_ARI_SF,2020,1,2020-09-13,SF,ARI,44,2020-02-02,2020-09-10,45.70411985018727,19,0,29.63157894736842,0.0,19.526315789473685,0.0,16,0,22.5625,0.0,27.625,0.0,49.672697368421055,49.672697368421055,49.672697368421055
2020_01_CHI_DET,2020,1,2020-09-13,DET,CHI,50,2020-02-02,2020-09-10,45.70411985018727,16,0,21.3125,0.0,26.4375,0.0,16,0,17.5,0.0,18.625,0.0,41.9375,41.9375,41.9375
2020_01_CLE_BAL,2020,1,2020-09-13,BAL,CLE,44,2020-02-02,2020-09-10,45.70411985018727,17,0,31.941176470588236,0.0,18.235294117647058,0.0,16,0,20.9375,0.0,24.5625,0.0,47.838235294117645,47.838235294117645,47.838235294117645
2020_01_DAL_LA,2020,1,2020-09-13,LAR,DAL,37,2020-02-02,2020-09-10,45.70411985018727,16,0,24.625,0.0,22.75,0.0,16,0,27.125,0.0,20.0625,0.0,47.28125,47.28125,47.28125
2020_01_GB_MIN,2020,1,2020-09-13,MIN,GB,77,2020-02-02,2020-09-10,45.70411985018727,18,0,24.61111111111111,0.0,19.444444444444443,0.0,18,0,23.555555555555557,0.0,20.72222222222222,0.0,44.166666666666664,44.166666666666664,44.166666666666664
2020_01_IND_JAX,2020,1,2020-09-13,JAX,IND,47,2020-02-02,2020-09-10,45.70411985018727,16,0,18.75,0.0,24.8125,0.0,16,0,22.5625,0.0,23.3125,0.0,44.71875,44.71875,44.71875
2020_01_LAC_CIN,2020,1,2020-09-13,CIN,LAC,29,2020-02-02,2020-09-10,45.70411985018727,16,0,17.4375,0.0,26.25,0.0,16,0,21.0625,0.0,21.5625,0.0,43.15625,43.15625,43.15625
2020_01_LV_CAR,2020,1,2020-09-13,CAR,LV,64,2020-02-02,2020-09-10,45.70411985018727,16,0,21.25,0.0,29.375,0.0,16,0,19.5625,0.0,26.1875,0.0,48.1875,48.1875,48.1875
2020_01_MIA_NE,2020,1,2020-09-13,NE,MIA,32,2020-02-02,2020-09-10,45.70411985018727,17,0,25.470588235294116,0.0,14.411764705882353,0.0,16,0,19.125,0.0,30.875,0.0,44.94117647058823,44.94117647058823,44.94117647058823
2020_01_NYJ_BUF,2020,1,2020-09-13,BUF,NYJ,44,2020-02-02,2020-09-10,45.70411985018727,17,0,19.58823529411765,0.0,16.529411764705884,0.0,16,0,17.25,0.0,22.4375,0.0,37.90257352941177,37.90257352941177,37.90257352941177
2020_01_PHI_WAS,2020,1,2020-09-13,WAS,PHI,44,2020-02-02,2020-09-10,45.70411985018727,16,0,16.625,0.0,27.1875,0.0,17,0,23.176470588235293,0.0,21.823529411764707,0.0,44.40625,44.40625,44.40625
2020_01_SEA_ATL,2020,1,2020-09-13,ATL,SEA,63,2020-02-02,2020-09-10,45.70411985018727,16,0,23.8125,0.0,24.9375,0.0,18,0,24.72222222222222,0.0,24.166666666666668,0.0,48.81944444444444,48.81944444444444,48.81944444444444
2020_01_TB_NO,2020,1,2020-09-13,NO,TB,57,2020-02-02,2020-09-10,45.70411985018727,17,0,28.11764705882353,0.0,21.58823529411765,0.0,16,0,28.625,0.0,28.0625,0.0,53.19669117647059,53.19669117647059,53.19669117647059
2020_01_PIT_NYG,2020,1,2020-09-14,NYG,PIT,42,2020-02-02,2020-09-13,45.70411985018727,16,0,21.3125,0.0,28.1875,0.0,16,0,18.0625,0.0,18.9375,0.0,43.25,43.25,43.25
2020_01_TEN_DEN,2020,1,2020-09-14,DEN,TEN,30,2020-02-02,2020-09-13,45.70411985018727,16,0,17.625,0.0,19.75,0.0,19,0,24.94736842105263,0.0,20.57894736842105,0.0,41.45065789473684,41.45065789473684,41.45065789473684
2020_02_CIN_CLE,2020,2,2020-09-17,CLE,CIN,65,2020-02-02,2020-09-14,45.70411985018727,16,1,20.9375,6.0,24.5625,38.0,16,1,17.4375,13.0,26.25,16.0,44.59375,42.975,43.69444444444444
2020_02_ATL_DAL,2020,2,2020-09-20,DAL,ATL,79,2020-02-02,2020-09-17,45.70411985018727,16,1,27.125,17.0,20.0625,20.0,16,1,23.8125,25.0,24.9375,38.0,47.96875,48.375,48.19444444444444
2020_02_BAL_HOU,2020,2,2020-09-20,HOU,BAL,49,2020-02-02,2020-09-17,45.70411985018727,18,1,23.944444444444443,20.0,25.27777777777778,34.0,17,1,31.941176470588236,38.0,18.235294117647058,6.0,49.69934640522876,49.559477124183005,49.62164124909223
2020_02_BUF_MIA,2020,2,2020-09-20,MIA,BUF,59,2020-02-02,2020-09-17,45.70411985018727,16,1,19.125,11.0,30.875,21.0,17,1,19.58823529411765,27.0,16.529411764705884,17.0,43.05882352941177,42.04705882352941,42.49673202614379
2020_02_CAR_TB,2020,2,2020-09-20,TB,CAR,48,2020-02-02,2020-09-17,45.70411985018727,16,1,28.625,23.0,28.0625,34.0,16,1,21.25,30.0,29.375,34.0,53.65625,55.025,54.416666666666664
2020_02_DEN_PIT,2020,2,2020-09-20,PIT,DEN,47,2020-02-02,2020-09-17,45.70411985018727,16,1,18.0625,26.0,18.9375,16.0,16,1,17.625,14.0,19.75,16.0,37.1875,36.95,37.05555555555556
2020_02_DET_GB,2020,2,2020-09-20,GB,DET,63,2020-02-02,2020-09-17,45.70411985018727,18,1,23.555555555555557,43.0,20.72222222222222,34.0,16,1,21.3125,23.0,26.4375,27.0,46.013888888888886,49.51111111111111,47.95679012345679
2020_02_JAX_TEN,2020,2,2020-09-20,TEN,JAX,63,2020-02-02,2020-09-17,45.70411985018727,19,1,24.94736842105263,16.0,20.57894736842105,14.0,16,1,18.75,27.0,24.8125,20.0,44.54440789473684,43.33552631578947,43.87280701754386
2020_02_KC_LAC,2020,2,2020-09-20,LAC,KC,43,2020-02-02,2020-09-17,45.70411985018727,16,1,21.0625,16.0,21.5625,13.0,19,1,29.894736842105264,34.0,20.157894736842106,20.0,46.338815789473685,45.37105263157895,45.80116959064327
2020_02_LA_PHI,2020,2,2020-09-20,PHI,LAR,56,2020-02-02,2020-09-17,45.70411985018727,17,1,23.176470588235293,17.0,21.823529411764707,27.0,16,1,24.625,20.0,22.75,17.0,46.1875,45.05,45.55555555555556
2020_02_MIN_IND,2020,2,2020-09-20,IND,MIN,39,2020-02-02,2020-09-17,45.70411985018727,16,1,22.5625,20.0,23.3125,27.0,18,1,24.61111111111111,34.0,19.444444444444443,43.0,44.96527777777778,48.37222222222222,46.858024691358025
2020_02_NE_SEA,2020,2,2020-09-20,SEA,NE,65,2020-02-02,2020-09-17,45.70411985018727,18,1,24.72222222222222,38.0,24.166666666666668,25.0,17,1,25.470588235294116,21.0,14.411764705882353,11.0,44.38562091503268,45.008496732026146,44.7316630355846
2020_02_NYG_CHI,2020,2,2020-09-20,CHI,NYG,30,2020-02-02,2020-09-17,45.70411985018727,16,1,17.5,27.0,18.625,23.0,16,1,21.3125,16.0,28.1875,26.0,42.8125,43.45,43.166666666666664
2020_02_SF_NYJ,2020,2,2020-09-20,NYJ,SF,44,2020-02-02,2020-09-17,45.70411985018727,16,1,17.25,17.0,22.4375,27.0,19,1,29.63157894736842,20.0,19.526315789473685,24.0,44.422697368421055,44.338157894736845,44.37573099415205
2020_02_WAS_ARI,2020,2,2020-09-20,ARI,WAS,45,2020-02-02,2020-09-17,45.70411985018727,16,1,22.5625,24.0,27.625,20.0,16,1,16.625,27.0,27.1875,17.0,47.0,46.4,46.66666666666667
2020_02_NO_LV,2020,2,2020-09-21,LV,NO,58,2020-02-02,2020-09-20,45.70411985018727,16,1,19.5625,34.0,26.1875,30.0,17,1,28.11764705882353,34.0,21.58823529411765,23.0,47.72794117647059,50.28235294117647,49.14705882352941
2020_03_MIA_JAX,2020,3,2020-09-24,JAX,MIA,44,2020-02-02,2020-09-21,45.70411985018727,16,2,18.75,57.0,24.8125,53.0,16,2,19.125,39.0,30.875,52.0,46.78125,47.9375,47.474999999999994
2020_03_CAR_LAC,2020,3,2020-09-27,LAC,CAR,37,2020-02-02,2020-09-24,45.70411985018727,16,2,21.0625,36.0,21.5625,36.0,16,2,21.25,47.0,29.375,65.0,46.625,46.41666666666667,46.5
2020_03_CHI_ATL,2020,3,2020-09-27,ATL,CHI,56,2020-02-02,2020-09-24,45.70411985018727,16,2,23.8125,64.0,24.9375,78.0,16,2,17.5,44.0,18.625,36.0,42.4375,46.79166666666667,45.05
2020_03_CIN_PHI,2020,3,2020-09-27,PHI,CIN,46,2020-02-02,2020-09-24,45.70411985018727,17,2,23.176470588235293,36.0,21.823529411764707,64.0,16,2,17.4375,43.0,26.25,51.0,44.34375,45.72916666666667,45.175
2020_03_DAL_SEA,2020,3,2020-09-27,SEA,DAL,69,2020-02-02,2020-09-24,45.70411985018727,18,2,24.72222222222222,73.0,24.166666666666668,55.0,16,2,27.125,57.0,20.0625,59.0,48.03819444444444,52.3587962962963,50.63055555555555
2020_03_DET_ARI,2020,3,2020-09-27,ARI,DET,49,2020-02-02,2020-09-24,45.70411985018727,16,2,22.5625,54.0,27.625,35.0,16,2,21.3125,44.0,26.4375,69.0,48.96875,49.47916666666667,49.275
2020_03_GB_NO,2020,3,2020-09-27,NO,GB,67,2020-02-02,2020-09-24,45.70411985018727,17,2,28.11764705882353,58.0,21.58823529411765,57.0,18,2,23.555555555555557,85.0,20.72222222222222,55.0,46.99183006535948,52.57788671023965,50.34346405228758
2020_03_HOU_PIT,2020,3,2020-09-27,PIT,HOU,49,2020-02-02,2020-09-24,45.70411985018727,16,2,18.0625,52.0,18.9375,37.0,18,2,23.944444444444443,36.0,25.27777777777778,67.0,43.111111111111114,44.74074074074074,44.08888888888889
2020_03_LA_BUF,2020,3,2020-09-27,BUF,LAR,67,2020-02-02,2020-09-24,45.70411985018727,17,2,19.58823529411765,58.0,16.529411764705884,45.0,16,2,24.625,57.0,22.75,36.0,41.74632352941177,44.16421568627452,43.19705882352942
2020_03_LV_NE,2020,3,2020-09-27,NE,LV,56,2020-02-02,2020-09-24,45.70411985018727,17,2,25.470588235294116,51.0,14.411764705882353,46.0,16,2,19.5625,68.0,26.1875,54.0,42.81617647058823,46.794117647058826,45.20294117647059
2020_03_NYJ_IND,2020,3,2020-09-27,IND,NYJ,43,2020-02-02,2020-09-24,45.70411985018727,16,2,22.5625,48.0,23.3125,38.0,16,2,17.25,30.0,22.4375,58.0,42.78125,43.020833333333336,42.925
2020_03_SF_NYG,2020,3,2020-09-27,NYG,SF,45,2020-02-02,2020-09-24,45.70411985018727,16,2,21.3125,29.0,28.1875,43.0,19,2,29.63157894736842,51.0,19.526315789473685,37.0,49.328947368421055,46.21929824561404,47.463157894736845
2020_03_TB_DEN,2020,3,2020-09-27,DEN,TB,38,2020-02-02,2020-09-24,45.70411985018727,16,2,17.625,35.0,19.75,42.0,16,2,28.625,54.0,28.0625,51.0,47.03125,46.52083333333333,46.725
2020_03_TEN_MIN,2020,3,2020-09-27,MIN,TEN,61,2020-02-02,2020-09-24,45.70411985018727,18,2,24.61111111111111,45.0,19.444444444444443,71.0,19,2,24.94736842105263,49.0,20.57894736842105,44.0,44.79093567251462,47.27729044834308,46.282748538011695
2020_03_WAS_CLE,2020,3,2020-09-27,CLE,WAS,54,2020-02-02,2020-09-24,45.70411985018727,16,2,20.9375,41.0,24.5625,68.0,16,2,16.625,42.0,27.1875,47.0,44.65625,46.27083333333333,45.625
2020_03_KC_BAL,2020,3,2020-09-28,BAL,KC,54,2020-02-02,2020-09-27,45.70411985018727,17,2,31.941176470588236,71.0,18.235294117647058,22.0,19,2,29.894736842105264,57.0,20.157894736842106,40.0,50.11455108359133,49.24303405572755,49.591640866873064
2020_04_DEN_NYJ,2020,4,2020-10-01,NYJ,DEN,65,2020-02-02,2020-09-28,45.70411985018727,16,3,17.25,37.0,22.4375,94.0,16,3,17.625,45.0,19.75,70.0,38.53125,39.589285714285715,39.20454545454545
2020_04_ARI_CAR,2020,4,2020-10-04,CAR,ARI,52,2020-02-02,2020-10-01,45.70411985018727,16,3,21.25,68.0,29.375,81.0,16,3,22.5625,77.0,27.625,61.0,50.40625,49.30357142857143,49.70454545454545
2020_04_BAL_WAS,2020,4,2020-10-04,WAS,BAL,48,2020-02-02,2020-10-01,45.70411985018727,16,3,16.625,62.0,27.1875,81.0,17,3,31.941176470588236,91.0,18.235294117647058,56.0,46.994485294117645,47.56827731092437,47.3596256684492
2020_04_BUF_LV,2020,4,2020-10-04,LV,BUF,53,2020-02-02,2020-10-01,45.70411985018727,16,3,19.5625,88.0,26.1875,90.0,17,3,19.58823529411765,93.0,16.529411764705884,77.0,40.93382352941177,48.247899159663866,45.58823529411765
2020_04_CLE_DAL,2020,4,2020-10-04,DAL,CLE,87,2020-02-02,2020-10-01,45.70411985018727,16,3,27.125,88.0,20.0625,97.0,16,3,20.9375,75.0,24.5625,88.0,46.34375,51.339285714285715,49.52272727272727
2020_04_IND_CHI,2020,4,2020-10-04,CHI,IND,30,2020-02-02,2020-10-01,45.70411985018727,16,3,17.5,74.0,18.625,62.0,16,3,22.5625,84.0,23.3125,45.0,41.0,42.35714285714286,41.86363636363637
2020_04_JAX_CIN,2020,4,2020-10-04,CIN,JAX,58,2020-02-02,2020-10-01,45.70411985018727,16,3,17.4375,66.0,26.25,74.0,16,3,18.75,70.0,24.8125,84.0,43.625,45.92857142857143,45.09090909090909
2020_04_LAC_TB,2020,4,2020-10-04,TB,LAC,69,2020-02-02,2020-10-01,45.70411985018727,16,3,28.625,82.0,28.0625,61.0,16,3,21.0625,52.0,21.5625,57.0,49.65625,46.375,47.56818181818182
2020_04_MIN_HOU,2020,4,2020-10-04,HOU,MIN,54,2020-02-02,2020-10-01,45.70411985018727,18,3,23.944444444444443,57.0,25.27777777777778,95.0,18,3,24.61111111111111,75.0,19.444444444444443,102.0,46.638888888888886,50.15079365079365,48.87373737373737
2020_04_NO_DET,2020,4,2020-10-04,DET,NO,64,2020-02-02,2020-10-01,45.70411985018727,16,3,21.3125,70.0,26.4375,92.0,17,3,28.11764705882353,88.0,21.58823529411765,94.0,48.72794117647059,52.41596638655462,51.07486631016043
2020_04_NYG_LA,2020,4,2020-10-04,LAR,NYG,26,2020-02-02,2020-10-01,45.70411985018727,16,3,24.625,89.0,22.75,71.0,16,3,21.3125,38.0,28.1875,79.0,48.4375,47.464285714285715,47.81818181818182
2020_04_PHI_SF,2020,4,2020-10-04,SF,PHI,45,2020-02-02,2020-10-01,45.70411985018727,19,3,29.63157894736842,87.0,19.526315789473685,46.0,17,3,23.176470588235293,59.0,21.823529411764707,87.0,47.078947368421055,46.830827067669176,46.92105263157895
2020_04_SEA_MIA,2020,4,2020-10-04,MIA,SEA,54,2020-02-02,2020-10-01,45.70411985018727,16,3,19.125,70.0,30.875,65.0,18,3,24.72222222222222,111.0,24.166666666666668,86.0,49.44444444444444,51.96825396825397,51.05050505050505
2020_04_ATL_GB,2020,4,2020-10-05,GB,ATL,46,2020-02-02,2020-10-04,45.70411985018727,18,3,23.555555555555557,122.0,20.72222222222222,85.0,16,3,23.8125,90.0,24.9375,108.0,46.513888888888886,55.507936507936506,52.23737373737374
2020_04_NE_KC,2020,4,2020-10-05,KC,NE,36,2020-02-02,2020-10-04,45.70411985018727,19,3,29.894736842105264,91.0,20.157894736842106,60.0,17,3,25.470588235294116,87.0,14.411764705882353,66.0,44.96749226006192,47.409995577178236,46.5218125527723
2020_05_TB_CHI,2020,5,2020-10-08,CHI,TB,39,2020-02-02,2020-10-05,45.70411985018727,16,4,17.5,85.0,18.625,81.0,16,4,28.625,120.0,28.0625,92.0,46.40625,46.828125,46.6875
2020_05_ARI_NYJ,2020,5,2020-10-11,NYJ,ARI,40,2020-02-02,2020-10-08,45.70411985018727,16,4,17.25,65.0,22.4375,131.0,16,4,22.5625,98.0,27.625,92.0,44.9375,46.59375,46.041666666666664
2020_05_CAR_ATL,2020,5,2020-10-11,ATL,CAR,39,2020-02-02,2020-10-08,45.70411985018727,16,4,23.8125,106.0,24.9375,138.0,16,4,21.25,99.0,29.375,102.0,49.6875,52.65625,51.666666666666664
2020_05_CIN_BAL,2020,5,2020-10-11,BAL,CIN,30,2020-02-02,2020-10-08,45.70411985018727,17,4,31.941176470588236,122.0,18.235294117647058,73.0,16,4,17.4375,99.0,26.25,99.0,46.931985294117645,48.028492647058826,47.662990196078425
2020_05_IND_CLE,2020,5,2020-10-11,CLE,IND,55,2020-02-02,2020-10-08,45.70411985018727,16,4,20.9375,124.0,24.5625,126.0,16,4,22.5625,103.0,23.3125,56.0,45.6875,48.40625,47.5
2020_05_JAX_HOU,2020,5,2020-10-11,HOU,JAX,44,2020-02-02,2020-10-08,45.70411985018727,18,4,23.944444444444443,80.0,25.27777777777778,126.0,16,4,18.75,95.0,24.8125,117.0,46.392361111111114,49.32118055555556,48.344907407407405
2020_05_LA_WAS,2020,5,2020-10-11,WAS,LAR,40,2020-02-02,2020-10-08,45.70411985018727,16,4,16.625,79.0,27.1875,112.0,16,4,24.625,106.0,22.75,80.0,45.59375,46.359375,46.104166666666664
2020_05_LV_KC,2020,5,2020-10-11,KC,LV,72,2020-02-02,2020-10-08,45.70411985018727,19,4,29.894736842105264,117.0,20.157894736842106,70.0,16,4,19.5625,111.0,26.1875,120.0,47.901315789473685,50.07565789473684,49.35087719298245
2020_05_MIA_SF,2020,5,2020-10-11,SF,MIA,60,2020-02-02,2020-10-08,45.70411985018727,19,4,29.63157894736842,107.0,19.526315789473685,71.0,16,4,19.125,93.0,30.875,96.0,49.578947368421055,47.72697368421053,48.344298245614034
2020_05_MIN_SEA,2020,5,2020-10-11,SEA,MIN,53,2020-02-02,2020-10-08,45.70411985018727,18,4,24.72222222222222,142.0,24.166666666666668,109.0,18,4,24.61111111111111,106.0,19.444444444444443,125.0,46.47222222222222,53.361111111111114,51.06481481481482
2020_05_NYG_DAL,2020,5,2020-10-11,DAL,NYG,71,2020-02-02,2020-10-08,45.70411985018727,16,4,27.125,126.0,20.0625,146.0,16,4,21.3125,47.0,28.1875,96.0,48.34375,50.109375,49.520833333333336
2020_05_PHI_PIT,2020,5,2020-10-11,PIT,PHI,67,2020-02-02,2020-10-08,45.70411985018727,16,3,18.0625,80.0,18.9375,58.0,17,4,23.176470588235293,84.0,21.823529411764707,107.0,41.0,43.61607142857143,42.68560606060606
2020_05_LAC_NO,2020,5,2020-10-12,NO,LAC,57,2020-02-02,2020-10-11,45.70411985018727,17,4,28.11764705882353,123.0,21.58823529411765,123.0,16,4,21.0625,83.0,21.5625,95.0,46.16544117647059,49.5827205882353,48.443627450980394
2020_05_BUF_TEN,2020,5,2020-10-13,TEN,BUF,58,2020-02-02,2020-10-12,45.70411985018727,19,3,24.94736842105263,80.0,20.57894736842105,74.0,17,4,19.58823529411765,123.0,16.529411764705884,100.0,40.8219814241486,46.97443056169836,44.88590627638615
2020_06_ATL_MIN,2020,6,2020-10-18,MIN,ATL,63,2020-02-02,2020-10-13,45.70411985018727,18,5,24.61111111111111,132.0,19.444444444444443,152.0,16,5,23.8125,122.0,24.9375,161.0,46.40277777777778,52.123456790123456,50.363247863247864
2020_06_BAL_PHI,2020,6,2020-10-18,PHI,BAL,58,2020-02-02,2020-10-13,45.70411985018727,17,5,23.176470588235293,113.0,21.823529411764707,145.0,17,5,31.941176470588236,149.0,18.235294117647058,76.0,47.588235294117645,47.98366013071895,47.86199095022624
2020_06_CHI_CAR,2020,6,2020-10-18,CAR,CHI,39,2020-02-02,2020-10-13,45.70411985018727,16,5,21.25,122.0,29.375,118.0,16,5,17.5,105.0,18.625,100.0,43.375,44.0,43.80769230769231
2020_06_CIN_IND,2020,6,2020-10-18,IND,CIN,58,2020-02-02,2020-10-13,45.70411985018727,16,5,22.5625,126.0,23.3125,88.0,16,5,17.4375,102.0,26.25,126.0,44.78125,44.458333333333336,44.55769230769231
2020_06_CLE_PIT,2020,6,2020-10-18,PIT,CLE,45,2020-02-02,2020-10-13,45.70411985018727,16,4,18.0625,118.0,18.9375,87.0,16,5,20.9375,156.0,24.5625,149.0,41.25,49.11805555555556,46.605769230769226
2020_06_DEN_NE,2020,6,2020-10-18,NE,DEN,30,2020-02-02,2020-10-13,45.70411985018727,17,4,25.470588235294116,97.0,14.411764705882353,92.0,16,4,17.625,82.0,19.75,98.0,38.62867647058823,42.376838235294116,41.127450980392155
2020_06_DET_JAX,2020,6,2020-10-18,JAX,DET,50,2020-02-02,2020-10-13,45.70411985018727,16,5,18.75,109.0,24.8125,147.0,16,4,21.3125,99.0,26.4375,127.0,45.65625,49.96527777777778,48.58333333333333
2020_06_GB_TB,2020,6,2020-10-18,TB,GB,48,2020-02-02,2020-10-13,45.70411985018727,16,5,28.625,139.0,28.0625,112.0,18,4,23.555555555555557,152.0,20.72222222222222,101.0,50.482638888888886,53.423611111111114,52.39707977207977
2020_06_HOU_TEN,2020,6,2020-10-18,TEN,HOU,78,2020-02-02,2020-10-13,45.70411985018727,19,4,24.94736842105263,122.0,20.57894736842105,90.0,18,5,23.944444444444443,110.0,25.27777777777778,140.0,47.37426900584795,49.45873944119558,48.76945569050832
2020_06_LA_SF,2020,6,2020-10-18,SF,LAR,40,2020-02-02,2020-10-13,45.70411985018727,19,5,29.63157894736842,124.0,19.526315789473685,114.0,16,5,24.625,136.0,22.75,90.0,48.266447368421055,47.22953216374269,47.54858299595142
2020_06_NYJ_MIA,2020,6,2020-10-18,MIA,NYJ,24,2020-02-02,2020-10-13,45.70411985018727,16,5,19.125,136.0,30.875,113.0,16,5,17.25,75.0,22.4375,161.0,44.84375,46.875,46.25
2020_06_WAS_NYG,2020,6,2020-10-18,NYG,WAS,39,2020-02-02,2020-10-13,45.70411985018727,16,5,21.3125,81.0,28.1875,133.0,16,5,16.625,89.0,27.1875,142.0,46.65625,45.458333333333336,45.82692307692308
2020_06_ARI_DAL,2020,6,2020-10-19,DAL,ARI,48,2020-02-02,2020-10-18,45.70411985018727,16,5,27.125,163.0,20.0625,180.0,16,5,22.5625,128.0,27.625,102.0,48.6875,53.47222222222222,52.0
2020_06_KC_BUF,2020,6,2020-10-19,BUF,KC,43,2020-02-02,2020-10-18,45.70411985018727,17,5,19.58823529411765,139.0,16.529411764705884,142.0,19,5,29.894736842105264,149.0,20.157894736842106,110.0,43.08513931888545,49.148950808393536,47.28316265777566
2020_07_NYG_PHI,2020,7,2020-10-22,PHI,NYG,43,2020-02-02,2020-10-19,45.70411985018727,17,6,23.176470588235293,141.0,21.823529411764707,175.0,16,6,21.3125,101.0,28.1875,152.0,47.25,47.35,47.32142857142857
2020_07_BUF_NYJ,2020,7,2020-10-25,NYJ,BUF,28,2020-02-02,2020-10-22,45.70411985018727,16,6,17.25,75.0,22.4375,185.0,17,6,19.58823529411765,156.0,16.529411764705884,168.0,37.90257352941177,44.36102941176471,42.51575630252101
2020_07_CAR_NO,2020,7,2020-10-25,NO,CAR,51,2020-02-02,2020-10-22,45.70411985018727,17,5,28.11764705882353,153.0,21.58823529411765,150.0,16,6,21.25,138.0,29.375,141.0,50.16544117647059,51.95408496732026,51.37653522947641
2020_07_CLE_CIN,2020,7,2020-10-25,CIN,CLE,71,2020-02-02,2020-10-22,45.70411985018727,16,6,17.4375,129.0,26.25,157.0,16,6,20.9375,163.0,24.5625,187.0,44.59375,49.6375,48.19642857142857
2020_07_DAL_WAS,2020,7,2020-10-25,WAS,DAL,28,2020-02-02,2020-10-22,45.70411985018727,16,6,16.625,108.0,27.1875,162.0,16,6,27.125,173.0,20.0625,218.0,45.5,51.25,49.60714285714286
2020_07_DET_ATL,2020,7,2020-10-25,ATL,DET,45,2020-02-02,2020-10-22,45.70411985018727,16,6,23.8125,162.0,24.9375,184.0,16,5,21.3125,133.0,26.4375,143.0,48.25,52.99444444444445,51.59340659340659
2020_07_GB_HOU,2020,7,2020-10-25,HOU,GB,55,2020-02-02,2020-10-22,45.70411985018727,18,6,23.944444444444443,146.0,25.27777777777778,182.0,18,5,23.555555555555557,162.0,20.72222222222222,139.0,46.75,52.806172839506175,50.97863247863248
2020_07_JAX_LAC,2020,7,2020-10-25,LAC,JAX,68,2020-02-02,2020-10-22,45.70411985018727,16,5,21.0625,110.0,21.5625,125.0,16,6,18.75,125.0,24.8125,181.0,43.09375,46.540277777777774,45.52884615384615
2020_07_KC_DEN,2020,7,2020-10-25,DEN,KC,59,2020-02-02,2020-10-22,45.70411985018727,16,5,17.625,100.0,19.75,110.0,19,6,29.894736842105264,175.0,20.157894736842106,127.0,43.713815789473685,45.08274853801169,44.66338924233661
2020_07_PIT_TEN,2020,7,2020-10-25,TEN,PIT,51,2020-02-02,2020-10-22,45.70411985018727,19,5,24.94736842105263,164.0,20.57894736842105,126.0,16,5,18.0625,156.0,18.9375,94.0,41.26315789473684,48.3391812865497,46.16194331983806
2020_07_SEA_ARI,2020,7,2020-10-25,ARI,SEA,71,2020-02-02,2020-10-22,45.70411985018727,16,6,22.5625,166.0,27.625,112.0,18,5,24.72222222222222,169.0,24.166666666666668,135.0,49.53819444444444,51.69058641975309,51.00289987789988
2020_07_SF_NE,2020,7,2020-10-25,NE,SF,39,2020-02-02,2020-10-22,45.70411985018727,17,5,25.470588235294116,109.0,14.411764705882353,110.0,19,6,29.63157894736842,148.0,19.526315789473685,130.0,44.52012383900929,44.7609907120743,44.668254346272924
2020_07_TB_LV,2020,7,2020-10-25,LV,TB,65,2020-02-02,2020-10-22,45.70411985018727,16,5,19.5625,151.0,26.1875,152.0,16,6,28.625,177.0,28.0625,122.0,51.21875,53.2875,52.605769230769226
2020_07_CHI_LA,2020,7,2020-10-26,LAR,CHI,34,2020-02-02,2020-10-25,45.70411985018727,16,6,24.625,152.0,22.75,114.0,16,6,17.5,128.0,18.625,116.0,41.75,42.2,42.07142857142857
2020_08_ATL_CAR,2020,8,2020-10-29,CAR,ATL,42,2020-02-02,2020-10-26,45.70411985018727,16,7,21.25,162.0,29.375,168.0,16,7,23.8125,184.0,24.9375,207.0,49.6875,50.84090909090909,50.53333333333333
2020_08_DAL_PHI,2020,8,2020-11-01,PHI,DAL,32,2020-02-02,2020-10-29,45.70411985018727,17,7,23.176470588235293,163.0,21.823529411764707,196.0,16,7,27.125,176.0,20.0625,243.0,46.09375,52.125,50.516666666666666
2020_08_IND_DET,2020,8,2020-11-01,DET,IND,62,2020-02-02,2020-10-29,45.70411985018727,16,6,21.3125,156.0,26.4375,165.0,16,6,22.5625,157.0,23.3125,115.0,46.8125,48.375,47.92857142857143
2020_08_LAC_DEN,2020,8,2020-11-01,DEN,LAC,61,2020-02-02,2020-10-29,45.70411985018727,16,6,17.625,116.0,19.75,153.0,16,6,21.0625,149.0,21.5625,154.0,40.0,44.599999999999994,43.285714285714285
2020_08_LA_MIA,2020,8,2020-11-01,MIA,LAR,45,2020-02-02,2020-10-29,45.70411985018727,16,6,19.125,160.0,30.875,113.0,16,7,24.625,176.0,22.75,124.0,48.6875,45.9,46.66904761904762
2020_08_LV_CLE,2020,8,2020-11-01,CLE,LV,22,2020-02-02,2020-10-29,45.70411985018727,16,7,20.9375,200.0,24.5625,221.0,16,6,19.5625,171.0,26.1875,197.0,45.625,54.95909090909091,52.38095238095238
2020_08_MIN_GB,2020,8,2020-11-01,GB,MIN,50,2020-02-02,2020-10-29,45.70411985018727,18,6,23.555555555555557,197.0,20.72222222222222,159.0,18,6,24.61111111111111,155.0,19.444444444444443,192.0,44.166666666666664,52.81666666666667,50.345238095238095
2020_08_NE_BUF,2020,8,2020-11-01,BUF,NE,45,2020-02-02,2020-10-29,45.70411985018727,17,7,19.58823529411765,174.0,16.529411764705884,178.0,17,6,25.470588235294116,115.0,14.411764705882353,143.0,38.0,43.44331550802139,41.97394957983194
2020_08_NO_CHI,2020,8,2020-11-01,CHI,NO,49,2020-02-02,2020-10-29,45.70411985018727,16,7,17.5,138.0,18.625,140.0,17,6,28.11764705882353,180.0,21.58823529411765,174.0,42.91544117647059,46.845721925133695,45.74453781512605
2020_08_NYJ_KC,2020,8,2020-11-01,KC,NYJ,44,2020-02-02,2020-10-29,45.70411985018727,19,7,29.894736842105264,218.0,20.157894736842106,143.0,16,7,17.25,85.0,22.4375,203.0,44.870065789473685,45.81638755980861,45.5640350877193
2020_08_PIT_BAL,2020,8,2020-11-01,BAL,PIT,52,2020-02-02,2020-10-29,45.70411985018727,17,6,31.941176470588236,179.0,18.235294117647058,104.0,16,6,18.0625,183.0,18.9375,118.0,43.588235294117645,46.63529411764706,45.76470588235294
2020_08_SF_SEA,2020,8,2020-11-01,SEA,SF,64,2020-02-02,2020-10-29,45.70411985018727,18,6,24.72222222222222,203.0,24.166666666666668,172.0,19,7,29.63157894736842,181.0,19.526315789473685,136.0,49.0233918128655,51.87466772993089,51.03654970760234
2020_08_TEN_CIN,2020,8,2020-11-01,CIN,TEN,51,2020-02-02,2020-10-29,45.70411985018727,16,7,17.4375,163.0,26.25,194.0,19,6,24.94736842105263,188.0,20.57894736842105,153.0,44.60690789473684,50.325717703349284,48.73609022556391
2020_08_TB_NYG,2020,8,2020-11-02,NYG,TB,48,2020-02-02,2020-11-01,45.70411985018727,16,7,21.3125,122.0,28.1875,174.0,16,7,28.625,222.0,28.0625,142.0,53.09375,49.30681818181818,50.31666666666666
2020_09_GB_SF,2020,9,2020-11-05,SF,GB,51,2020-02-02,2020-11-02,45.70411985018727,19,8,29.63157894736842,208.0,19.526315789473685,173.0,18,7,23.555555555555557,219.0,20.72222222222222,187.0,46.71783625730994,50.57303296119086,49.53646442495127
2020_09_BAL_IND,2020,9,2020-11-08,IND,BAL,34,2020-02-02,2020-11-05,45.70411985018727,16,7,22.5625,198.0,23.3125,136.0,17,7,31.941176470588236,203.0,18.235294117647058,132.0,48.025735294117645,47.87299465240641,47.91372549019608
2020_09_CAR_KC,2020,9,2020-11-08,KC,CAR,64,2020-02-02,2020-11-05,45.70411985018727,19,8,29.894736842105264,253.0,20.157894736842106,152.0,16,8,21.25,179.0,29.375,193.0,50.338815789473685,49.15460526315789,49.45065789473684
2020_09_CHI_TEN,2020,9,2020-11-08,TEN,CHI,41,2020-02-02,2020-11-05,45.70411985018727,19,7,24.94736842105263,208.0,20.57894736842105,184.0,16,8,17.5,161.0,18.625,166.0,40.82565789473684,45.74152711323764,44.45701754385965
2020_09_DEN_ATL,2020,9,2020-11-08,ATL,DEN,61,2020-02-02,2020-11-05,45.70411985018727,16,8,23.8125,209.0,24.9375,224.0,16,7,17.625,147.0,19.75,183.0,43.0625,47.96212121212121,46.68541666666667
2020_09_DET_MIN,2020,9,2020-11-08,MIN,DET,54,2020-02-02,2020-11-05,45.70411985018727,18,7,24.61111111111111,183.0,19.444444444444443,214.0,16,7,21.3125,177.0,26.4375,206.0,45.90277777777778,52.14646464646465,50.48148148148148
2020_09_HOU_JAX,2020,9,2020-11-08,JAX,HOU,52,2020-02-02,2020-11-05,45.70411985018727,16,7,18.75,154.0,24.8125,220.0,18,7,23.944444444444443,166.0,25.27777777777778,217.0,46.392361111111114,51.2790404040404,49.97592592592592
2020_09_LV_LAC,2020,9,2020-11-08,LAC,LV,57,2020-02-02,2020-11-05,45.70411985018727,16,7,21.0625,179.0,21.5625,185.0,16,7,19.5625,187.0,26.1875,203.0,44.1875,50.34090909090909,48.7
2020_09_MIA_ARI,2020,9,2020-11-08,ARI,MIA,65,2020-02-02,2020-11-05,45.70411985018727,16,7,22.5625,203.0,27.625,146.0,16,7,19.125,188.0,30.875,130.0,50.09375,48.53409090909091,48.95
2020_09_NO_TB,2020,9,2020-11-08,TB,NO,41,2020-02-02,2020-11-05,45.70411985018727,16,8,28.625,247.0,28.0625,165.0,17,7,28.11764705882353,206.0,21.58823529411765,197.0,53.19669117647059,53.970198306595364,53.735110294117646
2020_09_NYG_WAS,2020,9,2020-11-08,WAS,NYG,43,2020-02-02,2020-11-05,45.70411985018727,16,7,16.625,133.0,27.1875,165.0,16,8,21.3125,145.0,28.1875,199.0,46.65625,44.09469696969697,44.74166666666667
2020_09_PIT_DAL,2020,9,2020-11-08,DAL,PIT,43,2020-02-02,2020-11-05,45.70411985018727,16,8,27.125,185.0,20.0625,266.0,16,7,18.0625,211.0,18.9375,142.0,42.09375,49.42897727272727,47.52395833333333
2020_09_SEA_BUF,2020,9,2020-11-08,BUF,SEA,78,2020-02-02,2020-11-05,45.70411985018727,17,8,19.58823529411765,198.0,16.529411764705884,199.0,18,7,24.72222222222222,240.0,24.166666666666668,199.0,42.50326797385621,51.40470885323827,49.106032135076255
2020_09_NE_NYJ,2020,9,2020-11-09,NYJ,NE,57,2020-02-02,2020-11-08,45.70411985018727,16,8,17.25,94.0,22.4375,238.0,17,7,25.470588235294116,136.0,14.411764705882353,167.0,39.78492647058823,41.47198083778966,41.03216911764706
2020_10_IND_TEN,2020,10,2020-11-12,TEN,IND,51,2020-02-02,2020-11-09,45.70411985018727,19,8,24.94736842105263,232.0,20.57894736842105,201.0,16,8,22.5625,208.0,23.3125,160.0,45.70065789473684,48.608552631578945,47.881578947368425
2020_10_BAL_NE,2020,10,2020-11-15,NE,BAL,40,2020-02-02,2020-11-12,45.70411985018727,17,8,25.470588235294116,166.0,14.411764705882353,194.0,17,8,31.941176470588236,227.0,18.235294117647058,142.0,45.029411764705884,45.384803921568626,45.29595588235294
2020_10_BUF_ARI,2020,10,2020-11-15,ARI,BUF,62,2020-02-02,2020-11-12,45.70411985018727,16,8,22.5625,234.0,27.625,180.0,17,9,19.58823529411765,242.0,16.529411764705884,233.0,43.15257352941177,49.440375188536954,47.95323313148789
2020_10_CIN_PIT,2020,10,2020-11-15,PIT,CIN,46,2020-02-02,2020-11-12,45.70411985018727,16,8,18.0625,235.0,18.9375,161.0,16,8,17.4375,194.0,26.25,214.0,40.34375,46.94791666666667,45.296875
2020_10_DEN_LV,2020,10,2020-11-15,LV,DEN,49,2020-02-02,2020-11-12,45.70411985018727,16,8,19.5625,218.0,26.1875,229.0,16,8,17.625,174.0,19.75,217.0,41.5625,48.770833333333336,46.96875
2020_10_HOU_CLE,2020,10,2020-11-15,CLE,HOU,17,2020-02-02,2020-11-12,45.70411985018727,16,8,20.9375,206.0,24.5625,237.0,18,8,23.944444444444443,193.0,25.27777777777778,242.0,47.361111111111114,52.37037037037037,51.11805555555556
2020_10_JAX_GB,2020,10,2020-11-15,GB,JAX,44,2020-02-02,2020-11-12,45.70411985018727,18,8,23.555555555555557,253.0,20.72222222222222,204.0,16,8,18.75,179.0,24.8125,247.0,43.920138888888886,51.43171296296296,49.55381944444444
2020_10_LAC_MIA,2020,10,2020-11-15,MIA,LAC,50,2020-02-02,2020-11-12,45.70411985018727,16,8,19.125,222.0,30.875,161.0,16,8,21.0625,205.0,21.5625,216.0,46.3125,48.9375,48.28125
2020_10_PHI_NYG,2020,10,2020-11-15,NYG,PHI,44,2020-02-02,2020-11-12,45.70411985018727,16,9,21.3125,168.0,28.1875,219.0,17,8,23.176470588235293,186.0,21.823529411764707,205.0,47.25,46.291666666666664,46.498161764705884
2020_10_SEA_LA,2020,10,2020-11-15,LAR,SEA,39,2020-02-02,2020-11-12,45.70411985018727,16,8,24.625,193.0,22.75,152.0,18,8,24.72222222222222,274.0,24.166666666666668,243.0,48.13194444444444,51.96064814814815,51.00347222222222
2020_10_SF_NO,2020,10,2020-11-15,NO,SF,40,2020-02-02,2020-11-12,45.70411985018727,17,8,28.11764705882353,244.0,21.58823529411765,200.0,19,9,29.63157894736842,225.0,19.526315789473685,207.0,49.43188854489164,50.962451377312064,50.57391640866873
2020_10_TB_CAR,2020,10,2020-11-15,CAR,TB,69,2020-02-02,2020-11-12,45.70411985018727,16,9,21.25,210.0,29.375,226.0,16,9,28.625,250.0,28.0625,203.0,53.65625,50.70192307692308,51.39705882352941
2020_10_WAS_DET,2020,10,2020-11-15,DET,WAS,57,2020-02-02,2020-11-12,45.70411985018727,16,8,21.3125,197.0,26.4375,240.0,16,8,16.625,153.0,27.1875,188.0,45.78125,47.677083333333336,47.203125
2020_10_MIN_CHI,2020,10,2020-11-16,CHI,MIN,32,2020-02-02,2020-11-15,45.70411985018727,16,9,17.5,178.0,18.625,190.0,18,8,24.61111111111111,217.0,19.444444444444443,234.0,40.09027777777778,45.84579772079772,44.431168300653596
2020_11_ARI_SEA,2020,11,2020-11-19,SEA,ARI,49,2020-02-02,2020-11-16,45.70411985018727,18,9,24.72222222222222,290.0,24.166666666666668,266.0,16,9,22.5625,266.0,27.625,210.0,49.53819444444444,54.934829059829056,53.665032679738566
2020_11_ATL_NO,2020,11,2020-11-22,NO,ATL,33,2020-02-02,2020-11-19,45.70411985018727,17,9,28.11764705882353,271.0,21.58823529411765,213.0,16,9,23.8125,243.0,24.9375,251.0,49.22794117647059,52.762443438914026,51.930795847750865
2020_11_CIN_WAS,2020,11,2020-11-22,WAS,CIN,29,2020-02-02,2020-11-19,45.70411985018727,16,9,16.625,180.0,27.1875,218.0,16,9,17.4375,204.0,26.25,250.0,43.75,46.230769230769226,45.64705882352941
2020_11_DAL_MIN,2020,11,2020-11-22,MIN,DAL,59,2020-02-02,2020-11-19,45.70411985018727,18,9,24.61111111111111,236.0,19.444444444444443,247.0,16,9,27.125,204.0,20.0625,290.0,45.62152777777778,51.61431623931624,50.204248366013076
2020_11_DET_CAR,2020,11,2020-11-22,CAR,DET,20,2020-02-02,2020-11-19,45.70411985018727,16,10,21.25,233.0,29.375,272.0,16,9,21.3125,227.0,26.4375,267.0,49.1875,51.61401098901099,51.04248366013072
2020_11_GB_IND,2020,11,2020-11-22,IND,GB,65,2020-02-02,2020-11-19,45.70411985018727,16,9,22.5625,242.0,23.3125,177.0,18,9,23.555555555555557,277.0,20.72222222222222,224.0,45.076388888888886,49.254273504273506,48.271241830065364
2020_11_KC_LV,2020,11,2020-11-22,LV,KC,66,2020-02-02,2020-11-19,45.70411985018727,16,9,19.5625,255.0,26.1875,241.0,19,9,29.894736842105264,286.0,20.157894736842106,183.0,47.901315789473685,51.85425101214575,50.924148606811144
2020_11_MIA_DEN,2020,11,2020-11-22,DEN,MIA,33,2020-02-02,2020-11-19,45.70411985018727,16,9,17.625,186.0,19.75,254.0,16,9,19.125,251.0,30.875,182.0,43.6875,47.019230769230774,46.23529411764706
2020_11_NE_HOU,2020,11,2020-11-22,HOU,NE,47,2020-02-02,2020-11-19,45.70411985018727,18,9,23.944444444444443,200.0,25.27777777777778,252.0,17,9,25.470588235294116,189.0,14.411764705882353,211.0,44.552287581699346,46.47762694821518,46.024605920799694
2020_11_NYJ_LAC,2020,11,2020-11-22,LAC,NYJ,62,2020-02-02,2020-11-19,45.70411985018727,16,9,21.0625,226.0,21.5625,245.0,16,9,17.25,121.0,22.4375,268.0,41.15625,45.74038461538461,44.661764705882355
2020_11_PHI_CLE,2020,11,2020-11-22,CLE,PHI,39,2020-02-02,2020-11-19,45.70411985018727,16,9,20.9375,216.0,24.5625,244.0,17,9,23.176470588235293,203.0,21.823529411764707,232.0,45.25,48.34615384615385,47.61764705882353
2020_11_PIT_JAX,2020,11,2020-11-22,JAX,PIT,30,2020-02-02,2020-11-19,45.70411985018727,16,9,18.75,199.0,24.8125,271.0,16,9,18.0625,271.0,18.9375,171.0,40.28125,47.47115384615385,45.779411764705884
2020_11_TEN_BAL,2020,11,2020-11-22,BAL,TEN,54,2020-02-02,2020-11-19,45.70411985018727,17,9,31.941176470588236,244.0,18.235294117647058,165.0,19,9,24.94736842105263,249.0,20.57894736842105,235.0,47.85139318885449,49.06965944272446,48.78300855946094
2020_11_LA_TB,2020,11,2020-11-23,TB,LAR,51,2020-02-02,2020-11-22,45.70411985018727,16,10,28.625,296.0,28.0625,226.0,16,9,24.625,216.0,22.75,168.0,52.03125,48.79876373626374,49.53839869281046
2020_12_HOU_DET,2020,12,2020-11-26,DET,HOU,66,2020-02-02,2020-11-23,45.70411985018727,16,10,21.3125,227.0,26.4375,287.0,18,10,23.944444444444443,227.0,25.27777777777778,272.0,48.486111111111114,50.031746031746025,49.68827160493827
2020_12_WAS_DAL,2020,12,2020-11-26,DAL,WAS,57,2020-02-02,2020-11-23,45.70411985018727,16,10,27.125,235.0,20.0625,318.0,16,10,16.625,200.0,27.1875,227.0,45.5,48.0,47.44444444444444
2020_12_ARI_NE,2020,12,2020-11-29,NE,ARI,37,2020-02-02,2020-11-26,45.70411985018727,17,10,25.470588235294116,209.0,14.411764705882353,238.0,16,10,22.5625,287.0,27.625,238.0,45.03492647058823,47.58140756302521,47.01552287581699
2020_12_CAR_MIN,2020,12,2020-11-29,MIN,CAR,55,2020-02-02,2020-11-26,45.70411985018727,18,10,24.61111111111111,264.0,19.444444444444443,278.0,16,11,21.25,253.0,29.375,272.0,47.34027777777778,49.90079365079365,49.319363222872
2020_12_CHI_GB,2020,12,2020-11-29,GB,CHI,66,2020-02-02,2020-11-26,45.70411985018727,18,10,23.555555555555557,308.0,20.72222222222222,258.0,16,10,17.5,191.0,18.625,209.0,40.201388888888886,45.986111111111114,44.70061728395062
2020_12_CLE_JAX,2020,12,2020-11-29,JAX,CLE,52,2020-02-02,2020-11-26,45.70411985018727,16,10,18.75,202.0,24.8125,298.0,16,10,20.9375,238.0,24.5625,261.0,44.53125,48.401785714285715,47.54166666666667
2020_12_KC_TB,2020,12,2020-11-29,TB,KC,51,2020-02-02,2020-11-26,45.70411985018727,16,11,28.625,320.0,28.0625,253.0,19,10,29.894736842105264,321.0,20.157894736842106,214.0,53.370065789473685,52.91585213032582,52.99707602339181
2020_12_LAC_BUF,2020,12,2020-11-29,BUF,LAC,44,2020-02-02,2020-11-26,45.70411985018727,17,10,19.58823529411765,272.0,16.529411764705884,265.0,16,10,21.0625,260.0,21.5625,273.0,39.37132352941177,49.463235294117645,47.220588235294116
2020_12_LV_ATL,2020,12,2020-11-29,ATL,LV,49,2020-02-02,2020-11-26,45.70411985018727,16,10,23.8125,252.0,24.9375,275.0,16,10,19.5625,286.0,26.1875,276.0,47.25,52.39285714285714,51.25
2020_12_MIA_NYJ,2020,12,2020-11-29,NYJ,MIA,23,2020-02-02,2020-11-26,45.70411985018727,16,10,17.25,149.0,22.4375,302.0,16,10,19.125,264.0,30.875,202.0,44.84375,45.5625,45.40277777777778
2020_12_NO_DEN,2020,12,2020-11-29,DEN,NO,34,2020-02-02,2020-11-26,45.70411985018727,16,10,17.625,206.0,19.75,267.0,17,10,28.11764705882353,295.0,21.58823529411765,222.0,43.54044117647059,47.79726890756302,46.85130718954249
2020_12_NYG_CIN,2020,12,2020-11-29,CIN,NYG,36,2020-02-02,2020-11-26,45.70411985018727,16,10,17.4375,213.0,26.25,270.0,16,10,21.3125,195.0,28.1875,236.0,46.59375,45.95535714285714,46.09722222222222
2020_12_SF_LA,2020,12,2020-11-29,LAR,SF,43,2020-02-02,2020-11-26,45.70411985018727,16,10,24.625,243.0,22.75,192.0,19,10,29.63157894736842,238.0,19.526315789473685,234.0,48.266447368421055,46.183270676691734,46.64619883040936
2020_12_TEN_IND,2020,12,2020-11-29,IND,TEN,71,2020-02-02,2020-11-26,45.70411985018727,16,10,22.5625,276.0,23.3125,208.0,19,10,24.94736842105263,279.0,20.57894736842105,259.0,45.70065789473684,49.557330827067666,48.70029239766082
2020_12_SEA_PHI,2020,12,2020-11-30,PHI,SEA,40,2020-02-02,2020-11-29,45.70411985018727,17,10,23.176470588235293,220.0,21.823529411764707,254.0,18,10,24.72222222222222,318.0,24.166666666666668,287.0,46.94444444444444,51.948412698412696,50.83641975308642
2020_12_BAL_PIT,2020,12,2020-12-02,PIT,BAL,33,2020-02-02,2020-11-30,45.70411985018727,16,10,18.0625,298.0,18.9375,174.0,17,10,31.941176470588236,268.0,18.235294117647058,195.0,43.588235294117645,45.846638655462186,45.34477124183006
2020_13_CIN_MIA,2020,13,2020-12-06,MIA,CIN,26,2020-02-02,2020-12-02,45.70411985018727,16,11,19.125,284.0,30.875,205.0,16,11,17.4375,230.0,26.25,289.0,46.84375,46.09166666666667,46.25
2020_13_CLE_TEN,2020,13,2020-12-06,TEN,CLE,76,2020-02-02,2020-12-02,45.70411985018727,19,11,24.94736842105263,324.0,20.57894736842105,285.0,16,11,20.9375,265.0,24.5625,286.0,45.51315789473684,50.80350877192983,49.689750692520775
2020_13_DEN_KC,2020,13,2020-12-06,KC,DEN,38,2020-02-02,2020-12-02,45.70411985018727,19,11,29.894736842105264,348.0,20.157894736842106,238.0,16,11,17.625,209.0,19.75,298.0,43.713815789473685,48.09035087719298,47.16897506925208
2020_13_DET_CHI,2020,13,2020-12-06,CHI,DET,64,2020-02-02,2020-12-02,45.70411985018727,16,11,17.5,216.0,18.625,250.0,16,11,21.3125,252.0,26.4375,328.0,41.9375,46.05,45.18421052631579
2020_13_IND_HOU,2020,13,2020-12-06,HOU,IND,46,2020-02-02,2020-12-02,45.70411985018727,18,11,23.944444444444443,268.0,25.27777777777778,297.0,16,11,22.5625,302.0,23.3125,253.0,47.548611111111114,50.01296296296296,49.494152046783626
2020_13_JAX_MIN,2020,13,2020-12-06,MIN,JAX,51,2020-02-02,2020-12-02,45.70411985018727,18,11,24.61111111111111,292.0,19.444444444444443,305.0,16,11,18.75,227.0,24.8125,325.0,43.80902777777778,49.98240740740741,48.682748538011694
2020_13_LA_ARI,2020,13,2020-12-06,ARI,LAR,66,2020-02-02,2020-12-02,45.70411985018727,16,11,22.5625,304.0,27.625,258.0,16,11,24.625,263.0,22.75,215.0,48.78125,47.675,47.9078947368421
2020_13_LV_NYJ,2020,13,2020-12-06,NYJ,LV,59,2020-02-02,2020-12-02,45.70411985018727,16,11,17.25,152.0,22.4375,322.0,16,11,19.5625,292.0,26.1875,319.0,42.71875,47.55833333333333,46.53947368421053
2020_13_NE_LAC,2020,13,2020-12-06,LAC,NE,45,2020-02-02,2020-12-02,45.70411985018727,16,11,21.0625,277.0,21.5625,300.0,17,11,25.470588235294116,229.0,14.411764705882353,255.0,41.25367647058823,46.36764705882353,45.29102167182663
2020_13_NO_ATL,2020,13,2020-12-06,ATL,NO,37,2020-02-02,2020-12-02,45.70411985018727,16,11,23.8125,295.0,24.9375,281.0,17,11,28.11764705882353,326.0,21.58823529411765,225.0,49.22794117647059,50.694117647058825,50.38544891640867
2020_13_NYG_SEA,2020,13,2020-12-06,SEA,NYG,29,2020-02-02,2020-12-02,45.70411985018727,18,11,24.72222222222222,341.0,24.166666666666668,304.0,16,11,21.3125,214.0,28.1875,253.0,49.19444444444444,50.18518518518518,49.9766081871345
2020_13_PHI_GB,2020,13,2020-12-06,GB,PHI,46,2020-02-02,2020-12-02,45.70411985018727,18,11,23.555555555555557,349.0,20.72222222222222,283.0,17,11,23.176470588235293,237.0,21.823529411764707,277.0,44.638888888888886,50.10370370370371,48.953216374269005
2020_13_BUF_SF,2020,13,2020-12-07,SF,BUF,58,2020-02-02,2020-12-06,45.70411985018727,19,11,29.63157894736842,261.0,19.526315789473685,254.0,17,11,19.58823529411765,299.0,16.529411764705884,282.0,42.63777089783282,47.90340557275542,46.79485090435067
2020_13_WAS_PIT,2020,13,2020-12-07,PIT,WAS,40,2020-02-02,2020-12-06,45.70411985018727,16,11,18.0625,317.0,18.9375,188.0,16,11,16.625,241.0,27.1875,243.0,40.40625,43.74166666666667,43.03947368421053
2020_13_DAL_BAL,2020,13,2020-12-08,BAL,DAL,51,2020-02-02,2020-12-07,45.70411985018727,17,11,31.941176470588236,282.0,18.235294117647058,214.0,16,11,27.125,251.0,20.0625,359.0,48.681985294117645,49.8485294117647,49.60294117647059
2020_14_NE_LA,2020,14,2020-12-10,LAR,NE,27,2020-02-02,2020-12-08,45.70411985018727,16,12,24.625,301.0,22.75,243.0,17,12,25.470588235294116,274.0,14.411764705882353,255.0,43.62867647058823,44.43841911764706,44.27647058823529
2020_14_ARI_NYG,2020,14,2020-12-13,NYG,ARI,33,2020-02-02,2020-12-10,45.70411985018727,16,12,21.3125,231.0,28.1875,265.0,16,12,22.5625,332.0,27.625,296.0,49.84375,47.5859375,48.0375
2020_14_ATL_LAC,2020,14,2020-12-13,LAC,ATL,37,2020-02-02,2020-12-10,45.70411985018727,16,12,21.0625,277.0,21.5625,345.0,16,12,23.8125,311.0,24.9375,302.0,45.6875,50.015625,49.15
2020_14_DAL_CIN,2020,14,2020-12-13,CIN,DAL,37,2020-02-02,2020-12-10,45.70411985018727,16,12,17.4375,237.0,26.25,308.0,16,12,27.125,268.0,20.0625,393.0,45.4375,49.046875,48.325
2020_14_DEN_CAR,2020,14,2020-12-13,CAR,DEN,59,2020-02-02,2020-12-10,45.70411985018727,16,12,21.25,280.0,29.375,300.0,16,12,17.625,225.0,19.75,320.0,44.0,46.15625,45.725
2020_14_GB_DET,2020,14,2020-12-13,DET,GB,55,2020-02-02,2020-12-10,45.70411985018727,16,12,21.3125,286.0,26.4375,358.0,18,12,23.555555555555557,379.0,20.72222222222222,299.0,46.013888888888886,52.81597222222222,51.455555555555556
2020_14_HOU_CHI,2020,14,2020-12-13,CHI,HOU,43,2020-02-02,2020-12-10,45.70411985018727,16,12,17.5,246.0,18.625,284.0,18,12,23.944444444444443,288.0,25.27777777777778,323.0,42.673611111111114,46.32465277777778,45.59444444444444
2020_14_IND_LV,2020,14,2020-12-13,LV,IND,71,2020-02-02,2020-12-10,45.70411985018727,16,12,19.5625,323.0,26.1875,347.0,16,12,22.5625,328.0,23.3125,273.0,45.8125,51.171875,50.1
2020_14_KC_MIA,2020,14,2020-12-13,MIA,KC,60,2020-02-02,2020-12-10,45.70411985018727,16,12,19.125,303.0,30.875,212.0,19,12,29.894736842105264,370.0,20.157894736842106,254.0,50.026315789473685,48.100328947368425,48.48552631578947
2020_14_MIN_TB,2020,14,2020-12-13,TB,MIN,40,2020-02-02,2020-12-10,45.70411985018727,16,12,28.625,344.0,28.0625,280.0,18,12,24.61111111111111,319.0,19.444444444444443,329.0,50.37152777777778,52.34288194444444,51.94861111111111
2020_14_NO_PHI,2020,14,2020-12-13,PHI,NO,45,2020-02-02,2020-12-10,45.70411985018727,17,12,23.176470588235293,253.0,21.823529411764707,307.0,17,12,28.11764705882353,347.0,21.58823529411765,241.0,47.35294117647059,47.71323529411765,47.641176470588235
2020_14_NYJ_SEA,2020,14,2020-12-13,SEA,NYJ,43,2020-02-02,2020-12-10,45.70411985018727,18,12,24.72222222222222,353.0,24.166666666666668,321.0,16,12,17.25,180.0,22.4375,353.0,44.28819444444444,48.790798611111114,47.89027777777778
2020_14_PIT_BUF,2020,14,2020-12-13,BUF,PIT,41,2020-02-02,2020-12-10,45.70411985018727,17,12,19.58823529411765,333.0,16.529411764705884,306.0,16,12,18.0625,334.0,18.9375,211.0,36.55882352941177,46.13970588235294,44.22352941176471
2020_14_TEN_JAX,2020,14,2020-12-13,JAX,TEN,41,2020-02-02,2020-12-10,45.70411985018727,16,12,18.75,251.0,24.8125,352.0,19,12,24.94736842105263,359.0,20.57894736842105,326.0,44.54440789473684,51.38610197368421,50.017763157894734
2020_14_WAS_SF,2020,14,2020-12-13,SF,WAS,38,2020-02-02,2020-12-10,45.70411985018727,19,12,29.63157894736842,285.0,19.526315789473685,288.0,16,12,16.625,264.0,27.1875,260.0,46.485197368421055,45.90254934210526,46.01907894736842
2020_14_BAL_CLE,2020,14,2020-12-14,CLE,BAL,89,2020-02-02,2020-12-13,45.70411985018727,16,12,20.9375,306.0,24.5625,321.0,17,12,31.941176470588236,316.0,18.235294117647058,231.0,47.838235294117645,48.64705882352941,48.48529411764706
2020_15_LAC_LV,2020,15,2020-12-17,LV,LAC,57,2020-02-02,2020-12-14,45.70411985018727,16,13,19.5625,350.0,26.1875,391.0,16,13,21.0625,297.0,21.5625,362.0,44.1875,51.5735294117647,50.16666666666667
2020_15_BUF_DEN,2020,15,2020-12-19,DEN,BUF,67,2020-02-02,2020-12-17,45.70411985018727,16,13,17.625,257.0,19.75,347.0,17,13,19.58823529411765,359.0,16.529411764705884,321.0,36.74632352941177,46.41089965397924,44.570028011204485
2020_15_CAR_GB,2020,15,2020-12-19,GB,CAR,40,2020-02-02,2020-12-17,45.70411985018727,18,13,23.555555555555557,410.0,20.72222222222222,323.0,16,13,21.25,307.0,29.375,332.0,47.451388888888886,51.51797385620915,50.74338624338624
2020_15_CHI_MIN,2020,15,2020-12-20,MIN,CHI,60,2020-02-02,2020-12-19,45.70411985018727,18,13,24.61111111111111,333.0,19.444444444444443,355.0,16,13,17.5,282.0,18.625,291.0,40.09027777777778,46.521241830065364,45.2962962962963
2020_15_CLE_NYG,2020,15,2020-12-20,NYG,CLE,26,2020-02-02,2020-12-19,45.70411985018727,16,13,21.3125,238.0,28.1875,291.0,16,13,20.9375,348.0,24.5625,368.0,47.5,47.794117647058826,47.73809523809524
2020_15_DET_TEN,2020,15,2020-12-20,TEN,DET,71,2020-02-02,2020-12-19,45.70411985018727,19,13,24.94736842105263,390.0,20.57894736842105,336.0,16,13,21.3125,310.0,26.4375,389.0,46.63815789473684,52.88544891640867,51.69548872180451
2020_15_HOU_IND,2020,15,2020-12-20,IND,HOU,47,2020-02-02,2020-12-19,45.70411985018727,16,13,22.5625,372.0,23.3125,300.0,18,13,23.944444444444443,295.0,25.27777777777778,359.0,47.548611111111114,50.18790849673203,49.68518518518518
2020_15_JAX_BAL,2020,15,2020-12-20,BAL,JAX,54,2020-02-02,2020-12-19,45.70411985018727,17,13,31.941176470588236,363.0,18.235294117647058,273.0,16,13,18.75,261.0,24.8125,383.0,46.869485294117645,48.67517301038062,48.3312324929972
2020_15_KC_NO,2020,15,2020-12-20,NO,KC,61,2020-02-02,2020-12-19,45.70411985018727,17,13,28.11764705882353,368.0,21.58823529411765,265.0,19,13,29.894736842105264,403.0,20.157894736842106,281.0,49.87925696594427,50.47158987433983,50.358764558454965
2020_15_NE_MIA,2020,15,2020-12-20,MIA,NE,34,2020-02-02,2020-12-19,45.70411985018727,16,13,19.125,330.0,30.875,245.0,17,13,25.470588235294116,277.0,14.411764705882353,279.0,44.94117647058823,43.83910034602076,44.049019607843135
2020_15_NYJ_LA,2020,15,2020-12-20,LAR,NYJ,43,2020-02-02,2020-12-19,45.70411985018727,16,13,24.625,325.0,22.75,246.0,16,13,17.25,183.0,22.4375,393.0,43.53125,43.97794117647059,43.892857142857146
2020_15_PHI_ARI,2020,15,2020-12-20,ARI,PHI,59,2020-02-02,2020-12-19,45.70411985018727,16,13,22.5625,358.0,27.625,303.0,17,13,23.176470588235293,277.0,21.823529411764707,328.0,47.59375,48.43382352941177,48.273809523809526
2020_15_SEA_WAS,2020,15,2020-12-20,WAS,SEA,35,2020-02-02,2020-12-19,45.70411985018727,16,13,16.625,287.0,27.1875,275.0,18,13,24.72222222222222,393.0,24.166666666666668,324.0,46.35069444444444,48.52369281045752,48.10978835978836
2020_15_SF_DAL,2020,15,2020-12-20,DAL,SF,74,2020-02-02,2020-12-19,45.70411985018727,16,13,27.125,298.0,20.0625,400.0,19,13,29.63157894736842,300.0,19.526315789473685,311.0,48.172697368421055,49.834752321981426,49.51817042606516
2020_15_TB_ATL,2020,15,2020-12-20,ATL,TB,58,2020-02-02,2020-12-19,45.70411985018727,16,13,23.8125,328.0,24.9375,322.0,16,13,28.625,370.0,28.0625,294.0,52.71875,51.0514705882353,51.36904761904762
2020_15_PIT_CIN,2020,15,2020-12-21,CIN,PIT,44,2020-02-02,2020-12-20,45.70411985018727,16,13,17.4375,244.0,26.25,338.0,16,13,18.0625,349.0,18.9375,237.0,40.34375,43.845588235294116,43.17857142857143
2020_16_MIN_NO,2020,16,2020-12-25,NO,MIN,85,2020-02-02,2020-12-21,45.70411985018727,17,14,28.11764705882353,397.0,21.58823529411765,297.0,18,14,24.61111111111111,360.0,19.444444444444443,388.0,46.880718954248366,50.47349310094408,49.8202614379085
2020_16_MIA_LV,2020,16,2020-12-26,LV,MIA,51,2020-02-02,2020-12-25,45.70411985018727,16,14,19.5625,377.0,26.1875,421.0,16,14,19.125,352.0,30.875,257.0,47.875,49.72222222222222,49.38636363636364
2020_16_SF_ARI,2020,16,2020-12-26,ARI,SF,32,2020-02-02,2020-12-25,45.70411985018727,16,14,22.5625,391.0,27.625,329.0,19,14,29.63157894736842,333.0,19.526315789473685,352.0,49.672697368421055,50.06615497076024,49.994617224880386
2020_16_TB_DET,2020,16,2020-12-26,DET,TB,54,2020-02-02,2020-12-25,45.70411985018727,16,14,21.3125,335.0,26.4375,435.0,16,14,28.625,401.0,28.0625,321.0,52.21875,53.048611111111114,52.89772727272727
2020_16_ATL_KC,2020,16,2020-12-27,KC,ATL,31,2020-02-02,2020-12-26,45.70411985018727,19,14,29.894736842105264,435.0,20.157894736842106,310.0,16,14,23.8125,355.0,24.9375,353.0,49.401315789473685,51.33918128654971,50.98684210526316
2020_16_CAR_WAS,2020,16,2020-12-27,WAS,CAR,33,2020-02-02,2020-12-26,45.70411985018727,16,14,16.625,302.0,27.1875,295.0,16,14,21.25,323.0,29.375,356.0,47.21875,45.9375,46.17045454545455
2020_16_CHI_JAX,2020,16,2020-12-27,JAX,CHI,58,2020-02-02,2020-12-26,45.70411985018727,16,14,18.75,275.0,24.8125,423.0,16,14,17.5,315.0,18.625,318.0,39.84375,45.826388888888886,44.73863636363636
2020_16_CIN_HOU,2020,16,2020-12-27,HOU,CIN,68,2020-02-02,2020-12-26,45.70411985018727,18,14,23.944444444444443,315.0,25.27777777777778,386.0,16,14,17.4375,271.0,26.25,355.0,46.454861111111114,47.18441358024691,47.051767676767675
2020_16_CLE_NYJ,2020,16,2020-12-27,NYJ,CLE,39,2020-02-02,2020-12-26,45.70411985018727,16,14,17.25,206.0,22.4375,413.0,16,14,20.9375,368.0,24.5625,374.0,42.59375,47.270833333333336,46.42045454545455
2020_16_DEN_LAC,2020,16,2020-12-27,LAC,DEN,35,2020-02-02,2020-12-26,45.70411985018727,16,14,21.0625,327.0,21.5625,389.0,16,14,17.625,276.0,19.75,395.0,40.0,47.416666666666664,46.06818181818182
2020_16_IND_PIT,2020,16,2020-12-27,PIT,IND,52,2020-02-02,2020-12-26,45.70411985018727,16,14,18.0625,366.0,18.9375,264.0,16,14,22.5625,399.0,23.3125,320.0,41.4375,46.68055555555556,45.72727272727273
2020_16_LA_SEA,2020,16,2020-12-27,SEA,LAR,29,2020-02-02,2020-12-26,45.70411985018727,18,14,24.72222222222222,413.0,24.166666666666668,339.0,16,14,24.625,345.0,22.75,269.0,48.13194444444444,48.64043209876543,48.5479797979798
2020_16_NYG_BAL,2020,16,2020-12-27,BAL,NYG,40,2020-02-02,2020-12-26,45.70411985018727,17,14,31.941176470588236,403.0,18.235294117647058,287.0,16,14,21.3125,244.0,28.1875,311.0,49.838235294117645,45.658496732026144,46.418449197860966
2020_16_PHI_DAL,2020,16,2020-12-27,DAL,PHI,54,2020-02-02,2020-12-26,45.70411985018727,16,14,27.125,339.0,20.0625,433.0,17,14,23.176470588235293,303.0,21.823529411764707,361.0,46.09375,50.13194444444444,49.39772727272727
2020_16_TEN_GB,2020,16,2020-12-27,GB,TEN,54,2020-02-02,2020-12-26,45.70411985018727,18,14,23.555555555555557,434.0,20.72222222222222,339.0,19,14,24.94736842105263,436.0,20.57894736842105,361.0,44.90204678362573,53.589343729694605,52.00983519404572
2020_16_BUF_NE,2020,16,2020-12-28,NE,BUF,47,2020-02-02,2020-12-27,45.70411985018727,17,14,25.470588235294116,289.0,14.411764705882353,301.0,17,14,19.58823529411765,407.0,16.529411764705884,340.0,38.0,45.583333333333336,44.20454545454545
2020_17_ARI_LA,2020,17,2021-01-03,LAR,ARI,25,2020-02-02,2020-12-28,45.70411985018727,16,15,24.625,354.0,22.75,289.0,16,15,22.5625,403.0,27.625,349.0,48.78125,46.98026315789474,47.29347826086956
2020_17_ATL_TB,2020,17,2021-01-03,TB,ATL,71,2020-02-02,2020-12-28,45.70411985018727,16,15,28.625,448.0,28.0625,328.0,16,15,23.8125,369.0,24.9375,370.0,52.71875,50.9671052631579,51.27173913043478
2020_17_BAL_CIN,2020,17,2021-01-03,CIN,BAL,41,2020-02-02,2020-12-28,45.70411985018727,16,15,17.4375,308.0,26.25,386.0,17,15,31.941176470588236,430.0,18.235294117647058,300.0,46.931985294117645,47.35410216718266,47.280690537084396
2020_17_DAL_NYG,2020,17,2021-01-03,NYG,DAL,42,2020-02-02,2020-12-28,45.70411985018727,16,15,21.3125,257.0,28.1875,338.0,16,15,27.125,376.0,20.0625,450.0,48.34375,47.57236842105263,47.70652173913044
2020_17_GB_CHI,2020,17,2021-01-03,CHI,GB,51,2020-02-02,2020-12-28,45.70411985018727,16,15,17.5,356.0,18.625,335.0,18,15,23.555555555555557,474.0,20.72222222222222,353.0,40.201388888888886,48.4108187134503,46.98309178743962
2020_17_JAX_IND,2020,17,2021-01-03,IND,JAX,42,2020-02-02,2020-12-28,45.70411985018727,16,15,22.5625,423.0,23.3125,348.0,16,15,18.75,292.0,24.8125,464.0,44.71875,49.598684210526315,48.75
2020_17_LAC_KC,2020,17,2021-01-03,KC,LAC,59,2020-02-02,2020-12-28,45.70411985018727,19,15,29.894736842105264,452.0,20.157894736842106,324.0,16,15,21.0625,346.0,21.5625,405.0,46.338815789473685,49.939750692520775,49.31350114416476
2020_17_LV_DEN,2020,17,2021-01-03,DEN,LV,63,2020-02-02,2020-12-28,45.70411985018727,16,15,17.625,292.0,19.75,414.0,16,15,19.5625,402.0,26.1875,447.0,41.5625,49.671052631578945,48.26086956521739
2020_17_MIA_BUF,2020,17,2021-01-03,BUF,MIA,82,2020-02-02,2020-12-28,45.70411985018727,17,15,19.58823529411765,445.0,16.529411764705884,349.0,16,15,19.125,378.0,30.875,282.0,43.05882352941177,47.328173374613,46.58567774936061
2020_17_MIN_DET,2020,17,2021-01-03,DET,MIN,72,2020-02-02,2020-12-28,45.70411985018727,16,15,21.3125,342.0,26.4375,482.0,18,15,24.61111111111111,393.0,19.444444444444443,440.0,45.90277777777778,53.26900584795322,51.987922705314006
2020_17_NO_CAR,2020,17,2021-01-03,CAR,NO,40,2020-02-02,2020-12-28,45.70411985018727,16,15,21.25,343.0,29.375,369.0,17,15,28.11764705882353,449.0,21.58823529411765,330.0,50.16544117647059,49.79798761609907,49.86189258312021
2020_17_NYJ_NE,2020,17,2021-01-03,NE,NYJ,42,2020-02-02,2020-12-28,45.70411985018727,17,15,25.470588235294116,298.0,14.411764705882353,339.0,16,15,17.25,229.0,22.4375,429.0,39.78492647058823,42.4547213622291,41.99040920716112
2020_17_PIT_CLE,2020,17,2021-01-03,CLE,PIT,46,2020-02-02,2020-12-28,45.70411985018727,16,15,20.9375,384.0,24.5625,397.0,16,15,18.0625,394.0,18.9375,288.0,41.25,47.18421052631579,46.152173913043484
2020_17_SEA_SF,2020,17,2021-01-03,SF,SEA,49,2020-02-02,2020-12-28,45.70411985018727,19,15,29.63157894736842,353.0,19.526315789473685,364.0,18,15,24.72222222222222,433.0,24.166666666666668,348.0,49.0233918128655,49.74176669744537,49.61683193490974
2020_17_TEN_HOU,2020,17,2021-01-03,HOU,TEN,79,2020-02-02,2020-12-28,45.70411985018727,18,15,23.944444444444443,346.0,25.27777777777778,423.0,19,15,24.94736842105263,450.0,20.57894736842105,401.0,47.37426900584795,52.60510926438904,51.69539791507755
2020_17_WAS_PHI,2020,17,2021-01-03,PHI,WAS,34,2020-02-02,2020-12-28,45.70411985018727,17,15,23.176470588235293,320.0,21.823529411764707,398.0,16,15,16.625,315.0,27.1875,315.0,44.40625,44.82236842105263,44.75
2021_01_DAL_TB,2021,1,2021-09-09,TB,DAL,60,2021-02-07,,49.4907063197026,20,0,30.75,0.0,21.65,0.0,16,0,24.6875,0.0,29.5625,0.0,53.325,53.325,53.325
2021_01_ARI_TEN,2021,1,2021-09-12,TEN,ARI,51,2021-02-07,2021-09-09,49.4907063197026,17,0,29.647058823529413,0.0,27.0,0.0,16,0,25.625,0.0,22.9375,0.0,52.60477941176471,52.60477941176471,52.60477941176471
2021_01_CHI_LA,2021,1,2021-09-12,LAR,CHI,48,2021-02-07,2021-09-09,49.4907063197026,18,0,23.333333333333332,0.0,19.333333333333332,0.0,17,0,22.41176470588235,0.0,23.0,0.0,44.03921568627451,44.03921568627451,44.03921568627451
2021_01_CLE_KC,2021,1,2021-09-12,KC,CLE,62,2021-02-07,2021-09-09,49.4907063197026,19,0,28.526315789473685,0.0,22.842105263157894,0.0,18,0,26.27777777777778,0.0,26.555555555555557,0.0,52.10087719298246,52.10087719298246,52.10087719298246
2021_01_DEN_NYG,2021,1,2021-09-12,NYG,DEN,40,2021-02-07,2021-09-09,49.4907063197026,16,0,17.5,0.0,22.3125,0.0,16,0,20.1875,0.0,27.875,0.0,43.9375,43.9375,43.9375
2021_01_GB_NO,2021,1,2021-09-12,NO,GB,41,2021-02-07,2021-09-09,49.4907063197026,18,0,29.055555555555557,0.0,20.88888888888889,0.0,18,0,31.5,0.0,23.22222222222222,0.0,52.333333333333336,52.333333333333336,52.333333333333336
2021_01_JAX_HOU,2021,1,2021-09-12,HOU,JAX,58,2021-02-07,2021-09-09,49.4907063197026,16,0,24.0,0.0,29.0,0.0,16,0,19.125,0.0,30.75,0.0,51.4375,51.4375,51.4375
2021_01_LAC_WAS,2021,1,2021-09-12,WAS,LAC,36,2021-02-07,2021-09-09,49.4907063197026,17,0,21.058823529411764,0.0,21.176470588235293,0.0,16,0,24.0,0.0,26.625,0.0,46.43014705882353,46.43014705882353,46.43014705882353
2021_01_MIA_NE,2021,1,2021-09-12,NE,MIA,33,2021-02-07,2021-09-09,49.4907063197026,16,0,20.375,0.0,22.0625,0.0,16,0,25.25,0.0,21.125,0.0,44.40625,44.40625,44.40625
2021_01_MIN_CIN,2021,1,2021-09-12,CIN,MIN,51,2021-02-07,2021-09-09,49.4907063197026,16,0,19.4375,0.0,26.5,0.0,16,0,26.875,0.0,29.6875,0.0,51.25,51.25,51.25
2021_01_NYJ_CAR,2021,1,2021-09-12,CAR,NYJ,33,2021-02-07,2021-09-09,49.4907063197026,16,0,21.875,0.0,25.125,0.0,16,0,15.1875,0.0,28.5625,0.0,45.375,45.375,45.375
2021_01_PHI_ATL,2021,1,2021-09-12,ATL,PHI,38,2021-02-07,2021-09-09,49.4907063197026,16,0,24.75,0.0,25.875,0.0,16,0,20.875,0.0,26.125,0.0,48.8125,48.8125,48.8125
2021_01_PIT_BUF,2021,1,2021-09-12,BUF,PIT,39,2021-02-07,2021-09-09,49.4907063197026,19,0,29.94736842105263,0.0,23.157894736842106,0.0,17,0,26.647058823529413,0.0,21.176470588235293,0.0,50.46439628482972,50.46439628482972,50.46439628482972
2021_01_SEA_IND,2021,1,2021-09-12,IND,SEA,44,2021-02-07,2021-09-09,49.4907063197026,17,0,27.941176470588236,0.0,22.88235294117647,0.0,17,0,28.176470588235293,0.0,23.58823529411765,0.0,51.294117647058826,51.294117647058826,51.294117647058826
2021_01_SF_DET,2021,1,2021-09-12,DET,SF,74,2021-02-07,2021-09-09,49.4907063197026,16,0,23.5625,0.0,32.4375,0.0,16,0,23.5,0.0,24.375,0.0,51.9375,51.9375,51.9375
2021_01_BAL_LV,2021,1,2021-09-13,LV,BAL,60,2021-02-07,2021-09-12,49.4907063197026,16,0,27.125,0.0,29.875,0.0,18,0,27.27777777777778,0.0,18.5,0.0,51.388888888888886,51.388888888888886,51.388888888888886
2021_02_NYG_WAS,2021,2,2021-09-16,WAS,NYG,59,2021-02-07,2021-09-13,49.4907063197026,17,1,21.058823529411764,16.0,21.176470588235293,20.0,16,1,17.5,13.0,22.3125,27.0,41.02389705882353,40.419117647058826,40.68790849673202
2021_02_ATL_TB,2021,2,2021-09-19,TB,ATL,73,2021-02-07,2021-09-16,49.4907063197026,20,1,30.75,31.0,21.65,29.0,16,1,24.75,6.0,25.875,32.0,51.5125,51.01,51.233333333333334
2021_02_BUF_MIA,2021,2,2021-09-19,MIA,BUF,35,2021-02-07,2021-09-16,49.4907063197026,16,1,25.25,17.0,21.125,16.0,19,1,29.94736842105263,16.0,23.157894736842106,23.0,49.74013157894737,46.992105263157896,48.21345029239766
2021_02_CIN_CHI,2021,2,2021-09-19,CHI,CIN,37,2021-02-07,2021-09-16,49.4907063197026,17,1,22.41176470588235,14.0,23.0,34.0,16,1,19.4375,27.0,26.5,24.0,45.674632352941174,46.43970588235294,46.099673202614376
2021_02_DAL_LAC,2021,2,2021-09-19,LAC,DAL,37,2021-02-07,2021-09-16,49.4907063197026,16,1,24.0,20.0,26.625,16.0,16,1,24.6875,29.0,29.5625,31.0,52.4375,51.55,51.94444444444444
2021_02_DEN_JAX,2021,2,2021-09-19,JAX,DEN,36,2021-02-07,2021-09-16,49.4907063197026,16,1,19.125,21.0,30.75,37.0,16,1,20.1875,27.0,27.875,13.0,48.96875,48.975,48.97222222222222
2021_02_HOU_CLE,2021,2,2021-09-19,CLE,HOU,52,2021-02-07,2021-09-16,49.4907063197026,18,1,26.27777777777778,29.0,26.555555555555557,33.0,16,1,24.0,37.0,29.0,21.0,52.91666666666667,54.333333333333336,53.7037037037037
2021_02_KC_BAL,2021,2,2021-09-19,BAL,KC,71,2021-02-07,2021-09-16,49.4907063197026,18,1,27.27777777777778,27.0,18.5,33.0,19,1,28.526315789473685,33.0,22.842105263157894,29.0,48.57309941520468,51.058479532163744,49.953866146848604
2021_02_LA_IND,2021,2,2021-09-19,IND,LAR,51,2021-02-07,2021-09-16,49.4907063197026,17,1,27.941176470588236,16.0,22.88235294117647,28.0,18,1,23.333333333333332,34.0,19.333333333333332,14.0,46.745098039215684,46.59607843137255,46.66230936819172
2021_02_LV_PIT,2021,2,2021-09-19,PIT,LV,43,2021-02-07,2021-09-16,49.4907063197026,17,1,26.647058823529413,23.0,21.176470588235293,16.0,16,1,27.125,33.0,29.875,27.0,52.411764705882355,51.82941176470588,52.08823529411765
2021_02_MIN_ARI,2021,2,2021-09-19,ARI,MIN,67,2021-02-07,2021-09-16,49.4907063197026,16,1,25.625,38.0,22.9375,13.0,16,1,26.875,24.0,29.6875,27.0,52.5625,52.25,52.388888888888886
2021_02_NE_NYJ,2021,2,2021-09-19,NYJ,NE,31,2021-02-07,2021-09-16,49.4907063197026,16,1,15.1875,14.0,28.5625,19.0,16,1,20.375,16.0,22.0625,17.0,43.09375,41.075,41.97222222222222
2021_02_NO_CAR,2021,2,2021-09-19,CAR,NO,33,2021-02-07,2021-09-16,49.4907063197026,16,1,21.875,19.0,25.125,14.0,18,1,29.055555555555557,38.0,20.88888888888889,3.0,48.47222222222222,46.17777777777778,47.19753086419753
2021_02_SF_PHI,2021,2,2021-09-19,PHI,SF,28,2021-02-07,2021-09-16,49.4907063197026,16,1,20.875,32.0,26.125,6.0,16,1,23.5,41.0,24.375,33.0,47.4375,49.150000000000006,48.388888888888886
2021_02_TEN_SEA,2021,2,2021-09-19,SEA,TEN,63,2021-02-07,2021-09-16,49.4907063197026,17,1,28.176470588235293,28.0,23.58823529411765,16.0,17,1,29.647058823529413,13.0,27.0,38.0,54.205882352941174,52.864705882352936,53.46078431372549
2021_02_DET_GB,2021,2,2021-09-20,GB,DET,52,2021-02-07,2021-09-19,49.4907063197026,18,1,31.5,3.0,23.22222222222222,38.0,16,1,23.5625,33.0,32.4375,41.0,55.361111111111114,55.78888888888889,55.59876543209876
2021_03_CAR_HOU,2021,3,2021-09-23,HOU,CAR,33,2021-02-07,2021-09-20,49.4907063197026,16,2,24.0,58.0,29.0,52.0,16,2,21.875,45.0,25.125,21.0,50.0,48.0,48.8
2021_03_ARI_JAX,2021,3,2021-09-26,JAX,ARI,50,2021-02-07,2021-09-23,49.4907063197026,16,2,19.125,34.0,30.75,60.0,16,2,25.625,72.0,22.9375,46.0,49.21875,50.479166666666664,49.975
2021_03_ATL_NYG,2021,3,2021-09-26,NYG,ATL,31,2021-02-07,2021-09-23,49.4907063197026,16,2,17.5,42.0,22.3125,57.0,16,2,24.75,31.0,25.875,80.0,45.21875,47.645833333333336,46.675
2021_03_BAL_DET,2021,3,2021-09-26,DET,BAL,36,2021-02-07,2021-09-23,49.4907063197026,16,2,23.5625,50.0,32.4375,76.0,18,2,27.27777777777778,63.0,18.5,68.0,50.888888888888886,55.342592592592595,53.56111111111111
2021_03_CHI_CLE,2021,3,2021-09-26,CLE,CHI,32,2021-02-07,2021-09-23,49.4907063197026,18,2,26.27777777777778,60.0,26.555555555555557,54.0,17,2,22.41176470588235,34.0,23.0,51.0,49.122549019607845,49.33169934640523,49.248039215686276
2021_03_CIN_PIT,2021,3,2021-09-26,PIT,CIN,34,2021-02-07,2021-09-23,49.4907063197026,17,2,26.647058823529413,40.0,21.176470588235293,42.0,16,2,19.4375,44.0,26.5,44.0,46.880514705882355,45.4203431372549,46.004411764705885
2021_03_GB_SF,2021,3,2021-09-26,SF,GB,58,2021-02-07,2021-09-23,49.4907063197026,16,2,23.5,58.0,24.375,44.0,18,2,31.5,38.0,23.22222222222222,55.0,51.298611111111114,50.449074074074076,50.78888888888889
2021_03_IND_TEN,2021,3,2021-09-26,TEN,IND,41,2021-02-07,2021-09-23,49.4907063197026,17,2,29.647058823529413,46.0,27.0,68.0,17,2,27.941176470588236,40.0,22.88235294117647,55.0,53.73529411764706,53.240196078431374,53.438235294117646
2021_03_LAC_KC,2021,3,2021-09-26,KC,LAC,54,2021-02-07,2021-09-23,49.4907063197026,19,2,28.526315789473685,68.0,22.842105263157894,65.0,16,2,24.0,37.0,26.625,36.0,50.99671052631579,51.16447368421053,51.09736842105263
2021_03_MIA_LV,2021,3,2021-09-26,LV,MIA,59,2021-02-07,2021-09-23,49.4907063197026,16,2,27.125,59.0,29.875,44.0,16,2,25.25,17.0,21.125,51.0,51.6875,48.708333333333336,49.9
2021_03_NO_NE,2021,3,2021-09-26,NE,NO,41,2021-02-07,2021-09-23,49.4907063197026,16,2,20.375,41.0,22.0625,23.0,18,2,29.055555555555557,45.0,20.88888888888889,29.0,46.19097222222222,42.29398148148148,43.852777777777774
2021_03_NYJ_DEN,2021,3,2021-09-26,DEN,NYJ,26,2021-02-07,2021-09-23,49.4907063197026,16,2,20.1875,50.0,27.875,26.0,16,2,15.1875,20.0,28.5625,44.0,45.90625,42.270833333333336,43.725
2021_03_SEA_MIN,2021,3,2021-09-26,MIN,SEA,47,2021-02-07,2021-09-23,49.4907063197026,16,2,26.875,57.0,29.6875,61.0,17,2,28.176470588235293,58.0,23.58823529411765,49.0,54.16360294117647,54.85906862745098,54.580882352941174
2021_03_TB_LA,2021,3,2021-09-26,LAR,TB,58,2021-02-07,2021-09-23,49.4907063197026,18,2,23.333333333333332,61.0,19.333333333333332,38.0,20,2,30.75,79.0,21.65,54.0,47.53333333333333,51.02222222222222,49.626666666666665
2021_03_WAS_BUF,2021,3,2021-09-26,BUF,WAS,64,2021-02-07,2021-09-23,49.4907063197026,19,2,29.94736842105263,51.0,23.157894736842106,23.0,17,2,21.058823529411764,46.0,21.176470588235293,49.0,47.6702786377709,45.863519091847266,46.58622291021672
2021_03_PHI_DAL,2021,3,2021-09-27,DAL,PHI,62,2021-02-07,2021-09-26,49.4907063197026,16,2,24.6875,49.0,29.5625,48.0,16,2,20.875,43.0,26.125,23.0,50.625,47.33333333333333,48.65
2021_04_JAX_CIN,2021,4,2021-09-30,CIN,JAX,45,2021-02-07,2021-09-27,49.4907063197026,16,3,19.4375,68.0,26.5,54.0,16,3,19.125,53.0,30.75,91.0,47.90625,46.375,46.93181818181818
2021_04_ARI_LA,2021,4,2021-10-03,LAR,ARI,57,2021-02-07,2021-09-30,49.4907063197026,18,3,23.333333333333332,95.0,19.333333333333332,62.0,16,3,25.625,103.0,22.9375,65.0,45.61458333333333,49.2797619047619,47.946969696969695
2021_04_BAL_DEN,2021,4,2021-10-03,DEN,BAL,30,2021-02-07,2021-09-30,49.4907063197026,16,3,20.1875,76.0,27.875,26.0,18,3,27.27777777777778,82.0,18.5,85.0,46.920138888888886,46.02579365079365,46.351010101010104
2021_04_CAR_DAL,2021,4,2021-10-03,DAL,CAR,64,2021-02-07,2021-09-30,49.4907063197026,16,3,24.6875,90.0,29.5625,69.0,16,3,21.875,69.0,25.125,30.0,50.625,47.35714285714286,48.54545454545455
2021_04_CLE_MIN,2021,4,2021-10-03,MIN,CLE,21,2021-02-07,2021-09-30,49.4907063197026,16,3,26.875,87.0,29.6875,78.0,18,3,26.27777777777778,86.0,26.555555555555557,60.0,54.69791666666667,53.470238095238095,53.91666666666667
2021_04_DET_CHI,2021,4,2021-10-03,CHI,DET,38,2021-02-07,2021-09-30,49.4907063197026,17,3,22.41176470588235,40.0,23.0,77.0,16,3,23.5625,67.0,32.4375,95.0,50.705882352941174,48.903361344537814,49.55882352941176
2021_04_HOU_BUF,2021,4,2021-10-03,BUF,HOU,40,2021-02-07,2021-09-30,49.4907063197026,19,3,29.94736842105263,94.0,23.157894736842106,44.0,16,3,24.0,67.0,29.0,76.0,53.05263157894737,50.38721804511278,51.35645933014354
2021_04_IND_MIA,2021,4,2021-10-03,MIA,IND,44,2021-02-07,2021-09-30,49.4907063197026,16,3,25.25,45.0,21.125,82.0,17,3,27.941176470588236,56.0,22.88235294117647,80.0,48.599264705882355,46.55672268907563,47.29946524064171
2021_04_KC_PHI,2021,4,2021-10-03,PHI,KC,72,2021-02-07,2021-09-30,49.4907063197026,16,3,20.875,64.0,26.125,64.0,19,3,28.526315789473685,92.0,22.842105263157894,95.0,49.18421052631579,50.60526315789474,50.08851674641148
2021_04_NYG_NO,2021,4,2021-10-03,NO,NYG,48,2021-02-07,2021-09-30,49.4907063197026,18,3,29.055555555555557,73.0,20.88888888888889,42.0,16,3,17.5,56.0,22.3125,74.0,44.87847222222222,43.14484126984127,43.775252525252526
2021_04_PIT_GB,2021,4,2021-10-03,GB,PIT,44,2021-02-07,2021-09-30,49.4907063197026,18,3,31.5,68.0,23.22222222222222,83.0,17,3,26.647058823529413,50.0,21.176470588235293,66.0,51.27287581699346,48.37021475256769,49.42572786690434
2021_04_SEA_SF,2021,4,2021-10-03,SF,SEA,49,2021-02-07,2021-09-30,49.4907063197026,16,3,23.5,86.0,24.375,74.0,17,3,28.176470588235293,75.0,23.58823529411765,79.0,49.81985294117647,50.89705882352941,50.50534759358289
2021_04_TB_NE,2021,4,2021-10-03,NE,TB,36,2021-02-07,2021-09-30,49.4907063197026,16,3,20.375,54.0,22.0625,51.0,20,3,30.75,103.0,21.65,88.0,47.41875,48.239285714285714,47.94090909090909
2021_04_TEN_NYJ,2021,4,2021-10-03,NYJ,TEN,51,2021-02-07,2021-09-30,49.4907063197026,16,3,15.1875,20.0,28.5625,70.0,17,3,29.647058823529413,71.0,27.0,84.0,50.19852941176471,46.18487394957983,47.644385026737964
2021_04_WAS_ATL,2021,4,2021-10-03,ATL,WAS,64,2021-02-07,2021-09-30,49.4907063197026,16,3,24.75,48.0,25.875,94.0,17,3,21.058823529411764,67.0,21.176470588235293,92.0,46.43014705882353,48.03151260504202,47.44919786096256
2021_04_LV_LAC,2021,4,2021-10-04,LAC,LV,42,2021-02-07,2021-10-03,49.4907063197026,16,3,24.0,67.0,26.625,60.0,16,3,27.125,90.0,29.875,72.0,53.8125,51.39285714285714,52.27272727272727
2021_05_LA_SEA,2021,5,2021-10-07,SEA,LAR,43,2021-02-07,2021-10-04,49.4907063197026,17,4,28.176470588235293,103.0,23.58823529411765,100.0,18,4,23.333333333333332,115.0,19.333333333333332,99.0,47.21568627450981,49.6703431372549,48.85212418300654
2021_05_BUF_KC,2021,5,2021-10-10,KC,BUF,58,2021-02-07,2021-10-07,49.4907063197026,19,4,28.526315789473685,134.0,22.842105263157894,125.0,19,4,29.94736842105263,134.0,23.157894736842106,44.0,52.23684210526316,53.430921052631575,53.0328947368421
2021_05_CHI_LV,2021,5,2021-10-10,LV,CHI,29,2021-02-07,2021-10-07,49.4907063197026,16,4,27.125,104.0,29.875,100.0,17,4,22.41176470588235,64.0,23.0,91.0,51.205882352941174,48.04044117647059,49.095588235294116
2021_05_CLE_LAC,2021,5,2021-10-10,LAC,CLE,89,2021-02-07,2021-10-07,49.4907063197026,16,4,24.0,95.0,26.625,74.0,18,4,26.27777777777778,100.0,26.555555555555557,67.0,51.72916666666667,46.864583333333336,48.486111111111114
2021_05_DEN_PIT,2021,5,2021-10-10,PIT,DEN,46,2021-02-07,2021-10-07,49.4907063197026,17,4,26.647058823529413,67.0,21.176470588235293,93.0,16,4,20.1875,83.0,27.875,49.0,47.943014705882355,42.221507352941174,44.12867647058823
2021_05_DET_MIN,2021,5,2021-10-10,MIN,DET,36,2021-02-07,2021-10-07,49.4907063197026,16,4,26.875,94.0,29.6875,92.0,16,4,23.5625,81.0,32.4375,119.0,56.28125,52.265625,53.604166666666664
2021_05_GB_CIN,2021,5,2021-10-10,CIN,GB,47,2021-02-07,2021-10-07,49.4907063197026,16,4,19.4375,92.0,26.5,75.0,18,4,31.5,95.0,23.22222222222222,100.0,50.329861111111114,47.78993055555556,48.636574074074076
2021_05_MIA_TB,2021,5,2021-10-10,TB,MIA,62,2021-02-07,2021-10-07,49.4907063197026,20,4,30.75,122.0,21.65,105.0,16,4,25.25,62.0,21.125,109.0,49.3875,49.56875,49.50833333333333
2021_05_NE_HOU,2021,5,2021-10-10,HOU,NE,47,2021-02-07,2021-10-07,49.4907063197026,16,4,24.0,67.0,29.0,116.0,16,4,20.375,71.0,22.0625,70.0,47.71875,44.109375,45.3125
2021_05_NO_WAS,2021,5,2021-10-10,WAS,NO,55,2021-02-07,2021-10-07,49.4907063197026,17,4,21.058823529411764,101.0,21.176470588235293,122.0,18,4,29.055555555555557,94.0,20.88888888888889,69.0,46.08986928104575,47.169934640522875,46.8099128540305
2021_05_NYG_DAL,2021,5,2021-10-10,DAL,NYG,64,2021-02-07,2021-10-07,49.4907063197026,16,4,24.6875,126.0,29.5625,97.0,16,4,17.5,83.0,22.3125,95.0,47.03125,48.578125,48.0625
2021_05_NYJ_ATL,2021,5,2021-10-10,ATL,NYJ,47,2021-02-07,2021-10-07,49.4907063197026,16,4,24.75,78.0,25.875,128.0,16,4,15.1875,47.0,28.5625,94.0,47.1875,45.28125,45.916666666666664
2021_05_PHI_CAR,2021,5,2021-10-10,CAR,PHI,39,2021-02-07,2021-10-07,49.4907063197026,16,4,21.875,97.0,25.125,66.0,16,4,20.875,94.0,26.125,106.0,47.0,46.1875,46.458333333333336
2021_05_SF_ARI,2021,5,2021-10-10,ARI,SF,27,2021-02-07,2021-10-07,49.4907063197026,16,4,25.625,140.0,22.9375,85.0,16,4,23.5,107.0,24.375,102.0,48.21875,51.234375,50.229166666666664
2021_05_TEN_JAX,2021,5,2021-10-10,JAX,TEN,56,2021-02-07,2021-10-07,49.4907063197026,16,4,19.125,74.0,30.75,115.0,17,4,29.647058823529413,95.0,27.0,111.0,53.26102941176471,51.318014705882355,51.96568627450981
2021_05_IND_BAL,2021,5,2021-10-11,BAL,IND,56,2021-02-07,2021-10-10,49.4907063197026,18,4,27.27777777777778,105.0,18.5,92.0,17,4,27.941176470588236,83.0,22.88235294117647,97.0,48.30065359477124,47.71282679738562,47.90876906318083
2021_06_TB_PHI,2021,6,2021-10-14,PHI,TB,50,2021-02-07,2021-10-11,49.4907063197026,16,5,20.875,115.0,26.125,124.0,20,5,30.75,167.0,21.65,122.0,49.7,51.422222222222224,50.892307692307696
2021_06_ARI_CLE,2021,6,2021-10-17,CLE,ARI,51,2021-02-07,2021-10-14,49.4907063197026,18,5,26.27777777777778,142.0,26.555555555555557,114.0,16,5,25.625,157.0,22.9375,95.0,50.69791666666667,50.75462962962963,50.73717948717949
2021_06_CIN_DET,2021,6,2021-10-17,DET,CIN,45,2021-02-07,2021-10-14,49.4907063197026,16,5,23.5625,98.0,32.4375,138.0,16,5,19.4375,114.0,26.5,100.0,50.96875,47.65277777777778,48.67307692307692
2021_06_DAL_NE,2021,6,2021-10-17,NE,DAL,64,2021-02-07,2021-10-14,49.4907063197026,16,5,20.375,96.0,22.0625,92.0,16,5,24.6875,170.0,29.5625,117.0,48.34375,47.875,48.019230769230774
2021_06_GB_CHI,2021,6,2021-10-17,CHI,GB,38,2021-02-07,2021-10-14,49.4907063197026,17,5,22.41176470588235,84.0,23.0,100.0,18,5,31.5,120.0,23.22222222222222,122.0,50.06699346405229,45.918663761801014,47.19507290095525
2021_06_HOU_IND,2021,6,2021-10-17,IND,HOU,34,2021-02-07,2021-10-14,49.4907063197026,17,5,27.941176470588236,108.0,22.88235294117647,128.0,16,5,24.0,89.0,29.0,141.0,51.911764705882355,48.96078431372549,49.86877828054298
2021_06_KC_WAS,2021,6,2021-10-17,WAS,KC,44,2021-02-07,2021-10-14,49.4907063197026,17,5,21.058823529411764,123.0,21.176470588235293,155.0,19,5,28.526315789473685,154.0,22.842105263157894,163.0,46.80185758513932,53.8563811489508,51.68575851393189
2021_06_LAC_BAL,2021,6,2021-10-17,BAL,LAC,40,2021-02-07,2021-10-14,49.4907063197026,18,5,27.27777777777778,136.0,18.5,117.0,16,5,24.0,142.0,26.625,116.0,48.201388888888886,49.81172839506173,49.31623931623932
2021_06_LA_NYG,2021,6,2021-10-17,NYG,LAR,49,2021-02-07,2021-10-14,49.4907063197026,16,5,17.5,103.0,22.3125,139.0,18,5,23.333333333333332,141.0,19.333333333333332,116.0,41.23958333333333,46.050925925925924,44.57051282051282
2021_06_LV_DEN,2021,6,2021-10-17,DEN,LV,58,2021-02-07,2021-10-14,49.4907063197026,16,5,20.1875,102.0,27.875,76.0,16,5,27.125,113.0,29.875,120.0,52.53125,46.18055555555556,48.13461538461539
2021_06_MIA_JAX,2021,6,2021-10-17,JAX,MIA,43,2021-02-07,2021-10-14,49.4907063197026,16,5,19.125,93.0,30.75,152.0,16,5,25.25,79.0,21.125,154.0,48.125,47.94444444444444,48.0
2021_06_MIN_CAR,2021,6,2021-10-17,CAR,MIN,62,2021-02-07,2021-10-14,49.4907063197026,16,5,21.875,115.0,25.125,87.0,16,5,26.875,113.0,29.6875,109.0,51.78125,46.56944444444444,48.17307692307692
2021_06_SEA_PIT,2021,6,2021-10-17,PIT,SEA,43,2021-02-07,2021-10-14,49.4907063197026,17,5,26.647058823529413,94.0,21.176470588235293,112.0,17,5,28.176470588235293,120.0,23.58823529411765,126.0,49.794117647058826,47.24183006535947,48.02714932126697
2021_06_BUF_TEN,2021,6,2021-10-18,TEN,BUF,65,2021-02-07,2021-10-17,49.4907063197026,17,5,29.647058823529413,132.0,27.0,130.0,19,5,29.94736842105263,172.0,23.157894736842106,64.0,54.87616099071207,52.056071551427586,52.923791378899736
2021_07_DEN_CLE,2021,7,2021-10-21,CLE,DEN,31,2021-02-07,2021-10-18,49.4907063197026,18,6,26.27777777777778,156.0,26.555555555555557,151.0,16,6,20.1875,126.0,27.875,110.0,50.44791666666667,47.329166666666666,48.220238095238095
2021_07_ATL_MIA,2021,7,2021-10-24,MIA,ATL,58,2021-02-07,2021-10-21,49.4907063197026,16,6,25.25,99.0,21.125,177.0,16,5,24.75,105.0,25.875,148.0,48.5,48.38055555555555,48.41483516483517
2021_07_CAR_NYG,2021,7,2021-10-24,NYG,CAR,28,2021-02-07,2021-10-21,49.4907063197026,16,6,17.5,114.0,22.3125,177.0,16,6,21.875,143.0,25.125,121.0,43.40625,45.1125,44.625
2021_07_CHI_TB,2021,7,2021-10-24,TB,CHI,41,2021-02-07,2021-10-21,49.4907063197026,20,6,30.75,195.0,21.65,144.0,17,6,22.41176470588235,98.0,23.0,124.0,48.90588235294118,47.61235294117647,47.98193277310924
2021_07_CIN_BAL,2021,7,2021-10-24,BAL,CIN,58,2021-02-07,2021-10-21,49.4907063197026,18,6,27.27777777777778,170.0,18.5,123.0,16,6,19.4375,148.0,26.5,111.0,45.857638888888886,45.94305555555555,45.9186507936508
2021_07_DET_LA,2021,7,2021-10-24,LAR,DET,47,2021-02-07,2021-10-21,49.4907063197026,18,6,23.333333333333332,179.0,19.333333333333332,127.0,16,6,23.5625,109.0,32.4375,172.0,49.33333333333333,49.08333333333333,49.154761904761905
2021_07_HOU_ARI,2021,7,2021-10-24,ARI,HOU,36,2021-02-07,2021-10-21,49.4907063197026,16,6,25.625,194.0,22.9375,109.0,16,6,24.0,92.0,29.0,172.0,50.78125,48.6625,49.26785714285714
2021_07_IND_SF,2021,7,2021-10-24,SF,IND,48,2021-02-07,2021-10-21,49.4907063197026,16,5,23.5,117.0,24.375,119.0,17,6,27.941176470588236,139.0,22.88235294117647,131.0,49.349264705882355,47.41470588235294,47.971557853910795
2021_07_KC_TEN,2021,7,2021-10-24,TEN,KC,30,2021-02-07,2021-10-21,49.4907063197026,17,6,29.647058823529413,166.0,27.0,161.0,19,6,28.526315789473685,185.0,22.842105263157894,176.0,54.0077399380805,56.0030959752322,55.43299425033171
2021_07_NYJ_NE,2021,7,2021-10-24,NE,NYJ,67,2021-02-07,2021-10-21,49.4907063197026,16,6,20.375,125.0,22.0625,127.0,16,5,15.1875,67.0,28.5625,121.0,43.09375,41.25416666666666,41.81730769230769
2021_07_PHI_LV,2021,7,2021-10-24,LV,PHI,55,2021-02-07,2021-10-21,49.4907063197026,16,6,27.125,147.0,29.875,144.0,16,6,20.875,137.0,26.125,152.0,52.0,49.8,50.42857142857143
2021_07_WAS_GB,2021,7,2021-10-24,GB,WAS,34,2021-02-07,2021-10-21,49.4907063197026,18,6,31.5,144.0,23.22222222222222,136.0,17,6,21.058823529411764,136.0,21.176470588235293,186.0,48.478758169934636,49.491503267973854,49.202147525676935
2021_07_NO_SEA,2021,7,2021-10-25,SEA,NO,23,2021-02-07,2021-10-24,49.4907063197026,17,6,28.176470588235293,140.0,23.58823529411765,149.0,18,5,29.055555555555557,127.0,20.88888888888889,91.0,50.85457516339869,48.01281771968046,48.86348128995188
2021_08_GB_ARI,2021,8,2021-10-28,ARI,GB,45,2021-02-07,2021-10-25,49.4907063197026,16,7,25.625,225.0,22.9375,114.0,18,7,31.5,168.0,23.22222222222222,146.0,51.642361111111114,48.46085858585859,49.30925925925926
2021_08_CAR_ATL,2021,8,2021-10-31,ATL,CAR,32,2021-02-07,2021-10-28,49.4907063197026,16,6,24.75,135.0,25.875,176.0,16,7,21.875,146.0,25.125,146.0,48.8125,47.49318181818182,47.838095238095235
2021_08_CIN_NYJ,2021,8,2021-10-31,NYJ,CIN,65,2021-02-07,2021-10-28,49.4907063197026,16,6,15.1875,80.0,28.5625,175.0,16,7,19.4375,189.0,26.5,128.0,44.84375,44.26136363636364,44.423809523809524
2021_08_DAL_MIN,2021,8,2021-10-31,MIN,DAL,36,2021-02-07,2021-10-28,49.4907063197026,16,6,26.875,147.0,29.6875,137.0,16,6,24.6875,205.0,29.5625,146.0,55.40625,53.9125,54.339285714285715
2021_08_JAX_SEA,2021,8,2021-10-31,SEA,JAX,38,2021-02-07,2021-10-28,49.4907063197026,17,7,28.176470588235293,150.0,23.58823529411765,162.0,16,6,19.125,116.0,30.75,172.0,50.81985294117647,47.968582887700535,48.739635854341735
2021_08_LA_HOU,2021,8,2021-10-31,HOU,LAR,60,2021-02-07,2021-10-28,49.4907063197026,16,7,24.0,97.0,29.0,203.0,18,7,23.333333333333332,207.0,19.333333333333332,146.0,47.83333333333333,47.07575757575758,47.27777777777777
2021_08_MIA_BUF,2021,8,2021-10-31,BUF,MIA,37,2021-02-07,2021-10-28,49.4907063197026,19,6,29.94736842105263,203.0,23.157894736842106,98.0,16,7,25.25,127.0,21.125,207.0,49.74013157894737,49.28468899521531,49.42293233082707
2021_08_NE_LAC,2021,8,2021-10-31,LAC,NE,51,2021-02-07,2021-10-28,49.4907063197026,16,6,24.0,148.0,26.625,150.0,16,7,20.375,179.0,22.0625,140.0,46.53125,47.24090909090909,47.05714285714286
2021_08_PHI_DET,2021,8,2021-10-31,DET,PHI,50,2021-02-07,2021-10-28,49.4907063197026,16,7,23.5625,128.0,32.4375,200.0,16,7,20.875,159.0,26.125,185.0,51.5,49.27272727272727,49.86666666666667
2021_08_PIT_CLE,2021,8,2021-10-31,CLE,PIT,25,2021-02-07,2021-10-28,49.4907063197026,18,7,26.27777777777778,173.0,26.555555555555557,165.0,17,6,26.647058823529413,117.0,21.176470588235293,132.0,50.32843137254902,46.98440285204991,47.91227824463118
2021_08_SF_CHI,2021,8,2021-10-31,CHI,SF,55,2021-02-07,2021-10-28,49.4907063197026,17,7,22.41176470588235,101.0,23.0,162.0,16,6,23.5,135.0,24.375,149.0,46.643382352941174,43.98622994652406,44.69789915966386
2021_08_TB_NO,2021,8,2021-10-31,NO,TB,63,2021-02-07,2021-10-28,49.4907063197026,18,6,29.055555555555557,140.0,20.88888888888889,101.0,20,7,30.75,233.0,21.65,147.0,51.172222222222224,48.83888888888889,49.51698412698413
2021_08_TEN_IND,2021,8,2021-10-31,IND,TEN,65,2021-02-07,2021-10-28,49.4907063197026,17,7,27.941176470588236,169.0,22.88235294117647,149.0,17,7,29.647058823529413,193.0,27.0,164.0,53.73529411764706,50.22192513368984,51.15882352941176
2021_08_WAS_DEN,2021,8,2021-10-31,DEN,WAS,27,2021-02-07,2021-10-28,49.4907063197026,16,7,20.1875,140.0,27.875,127.0,17,7,21.058823529411764,146.0,21.176470588235293,210.0,45.14889705882353,44.73596256684492,44.84607843137255
2021_08_NYG_KC,2021,8,2021-11-01,KC,NYG,37,2021-02-07,2021-10-31,49.4907063197026,19,7,28.526315789473685,188.0,22.842105263157894,203.0,16,7,17.5,139.0,22.3125,180.0,45.59046052631579,48.85107655502392,47.98157894736842
2021_09_NYJ_IND,2021,9,2021-11-04,IND,NYJ,75,2021-02-07,2021-11-01,49.4907063197026,17,8,27.941176470588236,200.0,22.88235294117647,183.0,16,7,15.1875,114.0,28.5625,206.0,47.286764705882355,46.92892156862745,47.00796568627451
2021_09_ARI_SF,2021,9,2021-11-07,SF,ARI,48,2021-02-07,2021-11-04,49.4907063197026,16,7,23.5,168.0,24.375,171.0,16,8,25.625,246.0,22.9375,138.0,48.21875,48.20738636363636,48.20729166666666
2021_09_ATL_NO,2021,9,2021-11-07,NO,ATL,52,2021-02-07,2021-11-04,49.4907063197026,18,7,29.055555555555557,176.0,20.88888888888889,128.0,16,7,24.75,148.0,25.875,195.0,50.28472222222222,47.69444444444444,48.385185185185186
2021_09_BUF_JAX,2021,9,2021-11-07,JAX,BUF,15,2021-02-07,2021-11-04,49.4907063197026,16,7,19.125,123.0,30.75,203.0,19,7,29.94736842105263,229.0,23.157894736842106,109.0,51.49013157894737,48.9055023923445,49.59473684210526
2021_09_CLE_CIN,2021,9,2021-11-07,CIN,CLE,57,2021-02-07,2021-11-04,49.4907063197026,16,8,19.4375,220.0,26.5,162.0,18,8,26.27777777777778,183.0,26.555555555555557,180.0,49.38541666666667,47.50347222222222,47.973958333333336
2021_09_DEN_DAL,2021,9,2021-11-07,DAL,DEN,46,2021-02-07,2021-11-04,49.4907063197026,16,7,24.6875,225.0,29.5625,162.0,16,8,20.1875,157.0,27.875,137.0,51.15625,47.714962121212125,48.56979166666667
2021_09_GB_KC,2021,9,2021-11-07,KC,GB,20,2021-02-07,2021-11-04,49.4907063197026,19,8,28.526315789473685,208.0,22.842105263157894,220.0,18,8,31.5,192.0,23.22222222222222,167.0,53.0453216374269,50.47344054580897,51.11641081871345
2021_09_HOU_MIA,2021,9,2021-11-07,MIA,HOU,26,2021-02-07,2021-11-04,49.4907063197026,16,8,25.25,138.0,21.125,233.0,16,8,24.0,119.0,29.0,241.0,49.6875,47.020833333333336,47.6875
2021_09_LAC_PHI,2021,9,2021-11-07,PHI,LAC,51,2021-02-07,2021-11-04,49.4907063197026,16,8,20.875,203.0,26.125,191.0,16,7,24.0,172.0,26.625,177.0,48.8125,49.31818181818182,49.19583333333333
2021_09_LV_NYG,2021,9,2021-11-07,NYG,LV,39,2021-02-07,2021-11-04,49.4907063197026,16,8,17.5,156.0,22.3125,200.0,16,7,27.125,180.0,29.875,166.0,48.40625,47.55965909090909,47.811458333333334
2021_09_MIN_BAL,2021,9,2021-11-07,BAL,MIN,65,2021-02-07,2021-11-04,49.4907063197026,18,7,27.27777777777778,187.0,18.5,164.0,16,7,26.875,163.0,29.6875,157.0,51.170138888888886,49.10732323232323,49.657407407407405
2021_09_NE_CAR,2021,9,2021-11-07,CAR,NE,30,2021-02-07,2021-11-04,49.4907063197026,16,8,21.875,165.0,25.125,159.0,16,8,20.375,206.0,22.0625,164.0,44.71875,43.822916666666664,44.046875
2021_09_TEN_LA,2021,9,2021-11-07,LAR,TEN,44,2021-02-07,2021-11-04,49.4907063197026,18,8,23.333333333333332,245.0,19.333333333333332,168.0,17,8,29.647058823529413,227.0,27.0,195.0,49.65686274509804,51.34395424836601,50.92218137254902
2021_09_CHI_PIT,2021,9,2021-11-08,PIT,CHI,56,2021-02-07,2021-11-07,49.4907063197026,17,7,26.647058823529413,132.0,21.176470588235293,142.0,17,8,22.41176470588235,123.0,23.0,195.0,46.61764705882353,41.96836007130125,43.176715686274505
2021_10_BAL_MIA,2021,10,2021-11-11,MIA,BAL,32,2021-02-07,2021-11-08,49.4907063197026,16,9,25.25,155.0,21.125,242.0,18,8,27.27777777777778,221.0,18.5,195.0,46.076388888888886,47.366809116809115,47.032679738562095
2021_10_ATL_DAL,2021,10,2021-11-14,DAL,ATL,46,2021-02-07,2021-11-11,49.4907063197026,16,8,24.6875,241.0,29.5625,192.0,16,8,24.75,175.0,25.875,220.0,52.4375,51.979166666666664,52.09375
2021_10_BUF_NYJ,2021,10,2021-11-14,NYJ,BUF,62,2021-02-07,2021-11-11,49.4907063197026,16,8,15.1875,144.0,28.5625,251.0,19,8,29.94736842105263,235.0,23.157894736842106,118.0,48.42763157894737,47.30921052631579,47.588815789473685
2021_10_CAR_ARI,2021,10,2021-11-14,ARI,CAR,44,2021-02-07,2021-11-11,49.4907063197026,16,9,25.625,277.0,22.9375,155.0,16,9,21.875,171.0,25.125,183.0,47.78125,44.93269230769231,45.60294117647059
2021_10_CLE_NE,2021,10,2021-11-14,NE,CLE,52,2021-02-07,2021-11-11,49.4907063197026,16,9,20.375,230.0,22.0625,170.0,18,9,26.27777777777778,224.0,26.555555555555557,196.0,47.63541666666667,46.19551282051282,46.53431372549019
2021_10_DET_PIT,2021,10,2021-11-14,PIT,DET,32,2021-02-07,2021-11-11,49.4907063197026,17,8,26.647058823529413,161.0,21.176470588235293,169.0,16,8,23.5625,134.0,32.4375,244.0,51.911764705882355,46.80392156862745,48.080882352941174
2021_10_JAX_IND,2021,10,2021-11-14,IND,JAX,40,2021-02-07,2021-11-11,49.4907063197026,17,9,27.941176470588236,245.0,22.88235294117647,213.0,16,8,19.125,132.0,30.75,209.0,50.349264705882355,47.95522247360483,48.55406574394463
2021_10_KC_LV,2021,10,2021-11-14,LV,KC,55,2021-02-07,2021-11-11,49.4907063197026,16,8,27.125,196.0,29.875,189.0,19,9,28.526315789473685,221.0,22.842105263157894,227.0,54.18421052631579,50.675269905533064,51.54440789473684
2021_10_MIN_LAC,2021,10,2021-11-14,LAC,MIN,47,2021-02-07,2021-11-11,49.4907063197026,16,8,24.0,199.0,26.625,201.0,16,8,26.875,194.0,29.6875,191.0,53.59375,50.572916666666664,51.328125
2021_10_NO_TEN,2021,10,2021-11-14,TEN,NO,44,2021-02-07,2021-11-11,49.4907063197026,17,9,29.647058823529413,255.0,27.0,211.0,18,8,29.055555555555557,201.0,20.88888888888889,155.0,53.29575163398693,49.79541645718116,50.64571318723568
2021_10_PHI_DEN,2021,10,2021-11-14,DEN,PHI,43,2021-02-07,2021-11-11,49.4907063197026,16,9,20.1875,187.0,27.875,153.0,16,9,20.875,227.0,26.125,218.0,47.53125,44.81730769230769,45.455882352941174
2021_10_SEA_GB,2021,10,2021-11-14,GB,SEA,17,2021-02-07,2021-11-11,49.4907063197026,18,9,31.5,199.0,23.22222222222222,180.0,17,8,28.176470588235293,181.0,23.58823529411765,169.0,53.24346405228758,46.206510809451984,47.9015522875817
2021_10_TB_WAS,2021,10,2021-11-14,WAS,TB,48,2021-02-07,2021-11-11,49.4907063197026,17,8,21.058823529411764,156.0,21.176470588235293,227.0,20,8,30.75,260.0,21.65,183.0,47.317647058823525,50.18921568627451,49.47132352941176
2021_10_LA_SF,2021,10,2021-11-15,SF,LAR,41,2021-02-07,2021-11-14,49.4907063197026,16,8,23.5,185.0,24.375,202.0,18,9,23.333333333333332,261.0,19.333333333333332,196.0,45.27083333333333,48.24519230769231,47.54289215686274
2021_11_NE_ATL,2021,11,2021-11-18,ATL,NE,25,2021-02-07,2021-11-15,49.4907063197026,16,9,24.75,178.0,25.875,263.0,16,10,20.375,275.0,22.0625,177.0,46.53125,46.955357142857146,46.86846405228758
2021_11_ARI_SEA,2021,11,2021-11-21,SEA,ARI,36,2021-02-07,2021-11-18,49.4907063197026,17,9,28.176470588235293,181.0,23.58823529411765,186.0,16,10,25.625,287.0,22.9375,189.0,50.16360294117647,46.01668552036199,46.987937331795465
2021_11_BAL_CHI,2021,11,2021-11-21,CHI,BAL,29,2021-02-07,2021-11-18,49.4907063197026,17,9,22.41176470588235,150.0,23.0,224.0,18,9,27.27777777777778,231.0,18.5,217.0,45.59477124183007,45.64454499748617,45.63283352556709
2021_11_CIN_LV,2021,11,2021-11-21,LV,CIN,45,2021-02-07,2021-11-18,49.4907063197026,16,9,27.125,210.0,29.875,230.0,16,9,19.4375,236.0,26.5,203.0,51.46875,49.64423076923077,50.07352941176471
2021_11_DAL_KC,2021,11,2021-11-21,KC,DAL,28,2021-02-07,2021-11-18,49.4907063197026,19,10,28.526315789473685,262.0,22.842105263157894,241.0,16,9,24.6875,284.0,29.5625,195.0,52.80921052631579,52.071862348178136,52.24036807705538
2021_11_DET_CLE,2021,11,2021-11-21,CLE,DET,23,2021-02-07,2021-11-18,49.4907063197026,18,10,26.27777777777778,231.0,26.555555555555557,241.0,16,9,23.5625,150.0,32.4375,260.0,54.41666666666667,48.789377289377285,50.087145969498906
2021_11_GB_MIN,2021,11,2021-11-21,MIN,GB,65,2021-02-07,2021-11-18,49.4907063197026,16,9,26.875,221.0,29.6875,211.0,18,10,31.5,216.0,23.22222222222222,180.0,55.642361111111114,47.277625152625156,49.175199709513436
2021_11_HOU_TEN,2021,11,2021-11-21,TEN,HOU,35,2021-02-07,2021-11-18,49.4907063197026,17,10,29.647058823529413,278.0,27.0,232.0,16,9,24.0,128.0,29.0,258.0,54.82352941176471,49.30672268907563,50.57843137254902
2021_11_IND_BUF,2021,11,2021-11-21,BUF,IND,56,2021-02-07,2021-11-18,49.4907063197026,19,9,29.94736842105263,280.0,23.157894736842106,135.0,17,10,27.941176470588236,268.0,22.88235294117647,230.0,51.96439628482972,49.17779743476338,49.82868937048504
2021_11_MIA_NYJ,2021,11,2021-11-21,NYJ,MIA,41,2021-02-07,2021-11-18,49.4907063197026,16,9,15.1875,161.0,28.5625,296.0,16,10,25.25,177.0,21.125,252.0,45.0625,46.254120879120876,45.95751633986928
2021_11_NO_PHI,2021,11,2021-11-21,PHI,NO,69,2021-02-07,2021-11-18,49.4907063197026,16,10,20.875,257.0,26.125,231.0,18,9,29.055555555555557,222.0,20.88888888888889,178.0,48.47222222222222,47.211233211233214,47.51633986928105
2021_11_PIT_LAC,2021,11,2021-11-21,LAC,PIT,78,2021-02-07,2021-11-18,49.4907063197026,16,9,24.0,219.0,26.625,228.0,17,9,26.647058823529413,177.0,21.176470588235293,185.0,49.224264705882355,46.26131221719457,46.95847750865052
2021_11_SF_JAX,2021,11,2021-11-21,JAX,SF,40,2021-02-07,2021-11-18,49.4907063197026,16,9,19.125,149.0,30.75,232.0,16,9,23.5,216.0,24.375,212.0,48.875,46.15384615384615,46.794117647058826
2021_11_WAS_CAR,2021,11,2021-11-21,CAR,WAS,48,2021-02-07,2021-11-18,49.4907063197026,16,10,21.875,205.0,25.125,193.0,17,9,21.058823529411764,185.0,21.176470588235293,246.0,44.61764705882353,44.00323206205559,44.11418685121107
2021_11_NYG_TB,2021,11,2021-11-22,TB,NYG,40,2021-02-07,2021-11-21,49.4907063197026,20,9,30.75,279.0,21.65,212.0,16,9,17.5,179.0,22.3125,216.0,46.10625,48.26346153846154,47.75588235294118
2021_12_BUF_NO,2021,12,2021-11-25,NO,BUF,37,2021-02-07,2021-11-22,49.4907063197026,18,10,29.055555555555557,251.0,20.88888888888889,218.0,19,10,29.94736842105263,295.0,23.157894736842106,176.0,51.52485380116959,48.29281537176274,49.01104613385315
2021_12_CHI_DET,2021,12,2021-11-25,DET,CHI,30,2021-02-07,2021-11-22,49.4907063197026,16,10,23.5625,160.0,32.4375,273.0,17,10,22.41176470588235,163.0,23.0,240.0,50.705882352941174,44.344537815126046,45.75816993464052
2021_12_LV_DAL,2021,12,2021-11-25,DAL,LV,69,2021-02-07,2021-11-22,49.4907063197026,16,10,24.6875,293.0,29.5625,214.0,16,10,27.125,223.0,29.875,262.0,55.625,51.32142857142857,52.27777777777778
2021_12_ATL_JAX,2021,12,2021-11-28,JAX,ATL,35,2021-02-07,2021-11-25,49.4907063197026,16,10,19.125,159.0,30.75,262.0,16,10,24.75,178.0,25.875,288.0,50.25,46.035714285714285,46.97222222222222
2021_12_CAR_MIA,2021,12,2021-11-28,MIA,CAR,43,2021-02-07,2021-11-25,49.4907063197026,16,11,25.25,201.0,21.125,269.0,16,11,21.875,226.0,25.125,220.0,46.6875,42.983333333333334,43.76315789473684
2021_12_CLE_BAL,2021,12,2021-11-28,BAL,CLE,26,2021-02-07,2021-11-25,49.4907063197026,18,10,27.27777777777778,247.0,18.5,230.0,18,11,26.27777777777778,244.0,26.555555555555557,251.0,49.30555555555556,47.11984126984127,47.57196231319038
2021_12_LAC_DEN,2021,12,2021-11-28,DEN,LAC,41,2021-02-07,2021-11-25,49.4907063197026,16,10,20.1875,200.0,27.875,183.0,16,10,24.0,260.0,26.625,265.0,49.34375,46.52678571428571,47.15277777777778
2021_12_LA_GB,2021,12,2021-11-28,GB,LAR,64,2021-02-07,2021-11-25,49.4907063197026,18,11,31.5,247.0,23.22222222222222,214.0,18,10,23.333333333333332,271.0,19.333333333333332,227.0,48.69444444444444,46.543915343915344,46.966861598440545
2021_12_MIN_SF,2021,12,2021-11-28,SF,MIN,60,2021-02-07,2021-11-25,49.4907063197026,16,10,23.5,246.0,24.375,222.0,16,10,26.875,255.0,29.6875,242.0,52.21875,49.38392857142857,50.013888888888886
2021_12_NYJ_HOU,2021,12,2021-11-28,HOU,NYJ,35,2021-02-07,2021-11-25,49.4907063197026,16,10,24.0,150.0,29.0,271.0,16,10,15.1875,178.0,28.5625,320.0,48.375,46.64285714285714,47.02777777777778
2021_12_PHI_NYG,2021,12,2021-11-28,NYG,PHI,20,2021-02-07,2021-11-25,49.4907063197026,16,10,17.5,189.0,22.3125,246.0,16,11,20.875,297.0,26.125,260.0,43.40625,46.05654761904762,45.48318713450293
2021_12_PIT_CIN,2021,12,2021-11-28,CIN,PIT,51,2021-02-07,2021-11-25,49.4907063197026,16,10,19.4375,268.0,26.5,216.0,17,10,26.647058823529413,214.0,21.176470588235293,226.0,46.880514705882355,46.394432773109244,46.502450980392155
2021_12_TB_IND,2021,12,2021-11-28,IND,TB,69,2021-02-07,2021-11-25,49.4907063197026,17,11,27.941176470588236,309.0,22.88235294117647,245.0,20,10,30.75,309.0,21.65,222.0,51.61176470588235,51.69313725490196,51.673082215342276
2021_12_TEN_NE,2021,12,2021-11-28,NE,TEN,49,2021-02-07,2021-11-25,49.4907063197026,16,11,20.375,300.0,22.0625,177.0,17,11,29.647058823529413,291.0,27.0,254.0,49.54227941176471,47.27794117647059,47.7546439628483
2021_12_SEA_WAS,2021,12,2021-11-29,WAS,SEA,32,2021-02-07,2021-11-28,49.4907063197026,17,10,21.058823529411764,212.0,21.176470588235293,267.0,17,10,28.176470588235293,194.0,23.58823529411765,209.0,47.0,44.92857142857143,45.388888888888886
2021_13_DAL_NO,2021,13,2021-12-02,NO,DAL,44,2021-02-07,2021-11-29,49.4907063197026,18,11,29.055555555555557,257.0,20.88888888888889,249.0,16,11,24.6875,326.0,29.5625,250.0,52.09722222222222,49.95925925925926,50.409356725146196
2021_13_ARI_CHI,2021,13,2021-12-05,CHI,ARI,55,2021-02-07,2021-12-02,49.4907063197026,17,11,22.41176470588235,179.0,23.0,254.0,16,11,25.625,310.0,22.9375,202.0,46.987132352941174,44.029901960784315,44.65247678018576
2021_13_BAL_PIT,2021,13,2021-12-05,PIT,BAL,39,2021-02-07,2021-12-02,49.4907063197026,17,11,26.647058823529413,224.0,21.176470588235293,267.0,18,11,27.27777777777778,263.0,18.5,240.0,46.80065359477124,45.613507625272334,45.86343309253526
2021_13_DEN_KC,2021,13,2021-12-05,KC,DEN,31,2021-02-07,2021-12-02,49.4907063197026,19,11,28.526315789473685,281.0,22.842105263157894,250.0,16,11,20.1875,228.0,27.875,196.0,49.71546052631579,45.09078947368421,46.06440443213296
2021_13_IND_HOU,2021,13,2021-12-05,HOU,IND,31,2021-02-07,2021-12-02,49.4907063197026,16,11,24.0,164.0,29.0,292.0,17,12,27.941176470588236,340.0,22.88235294117647,283.0,51.911764705882355,48.08835784313725,48.897600619195046
2021_13_JAX_LA,2021,13,2021-12-05,LAR,JAX,44,2021-02-07,2021-12-02,49.4907063197026,18,11,23.333333333333332,299.0,19.333333333333332,263.0,16,11,19.125,173.0,30.75,283.0,46.27083333333333,46.27222222222222,46.271929824561404
2021_13_LAC_CIN,2021,13,2021-12-05,CIN,LAC,63,2021-02-07,2021-12-02,49.4907063197026,16,11,19.4375,309.0,26.5,226.0,16,11,24.0,273.0,26.625,293.0,48.28125,49.575,49.30263157894737
2021_13_MIN_DET,2021,13,2021-12-05,DET,MIN,56,2021-02-07,2021-12-02,49.4907063197026,16,11,23.5625,174.0,32.4375,289.0,16,11,26.875,281.0,29.6875,276.0,56.28125,49.00833333333333,50.53947368421053
2021_13_NYG_MIA,2021,13,2021-12-05,MIA,NYG,29,2021-02-07,2021-12-02,49.4907063197026,16,12,25.25,234.0,21.125,279.0,16,11,17.5,202.0,22.3125,253.0,43.09375,42.303125,42.455263157894734
2021_13_PHI_NYJ,2021,13,2021-12-05,NYJ,PHI,51,2021-02-07,2021-12-02,49.4907063197026,16,11,15.1875,199.0,28.5625,334.0,16,12,20.875,304.0,26.125,273.0,45.375,47.50625,47.06184210526316
2021_13_SF_SEA,2021,13,2021-12-05,SEA,SF,53,2021-02-07,2021-12-02,49.4907063197026,17,11,28.176470588235293,209.0,23.58823529411765,226.0,16,11,23.5,280.0,24.375,248.0,49.81985294117647,45.385294117647064,46.318885448916404
2021_13_TB_ATL,2021,13,2021-12-05,ATL,TB,47,2021-02-07,2021-12-02,49.4907063197026,16,11,24.75,199.0,25.875,302.0,20,11,30.75,347.0,21.65,253.0,51.5125,50.43666666666667,50.66315789473684
2021_13_WAS_LV,2021,13,2021-12-05,LV,WAS,32,2021-02-07,2021-12-02,49.4907063197026,16,11,27.125,259.0,29.875,295.0,17,11,21.058823529411764,229.0,21.176470588235293,282.0,49.61764705882353,48.73137254901961,48.917956656346746
2021_13_NE_BUF,2021,13,2021-12-06,BUF,NE,24,2021-02-07,2021-12-05,49.4907063197026,19,11,29.94736842105263,326.0,23.157894736842106,182.0,16,12,20.375,336.0,22.0625,190.0,47.77138157894737,45.7562225877193,46.18597645429363
2021_14_PIT_MIN,2021,14,2021-12-09,MIN,PIT,64,2021-02-07,2021-12-06,49.4907063197026,16,12,26.875,308.0,29.6875,305.0,17,12,26.647058823529413,244.0,21.176470588235293,286.0,52.193014705882355,48.76700367647059,49.45220588235294
2021_14_ATL_CAR,2021,14,2021-12-12,CAR,ATL,50,2021-02-07,2021-12-09,49.4907063197026,16,12,21.875,236.0,25.125,253.0,16,12,24.75,216.0,25.875,332.0,48.8125,44.609375,45.45
2021_14_BAL_CLE,2021,14,2021-12-12,CLE,BAL,46,2021-02-07,2021-12-09,49.4907063197026,18,12,26.27777777777778,254.0,26.555555555555557,267.0,18,12,27.27777777777778,282.0,18.5,260.0,49.30555555555556,45.545138888888886,46.297222222222224
2021_14_BUF_TB,2021,14,2021-12-12,TB,BUF,60,2021-02-07,2021-12-09,49.4907063197026,20,12,30.75,377.0,21.65,270.0,19,12,29.94736842105263,336.0,23.157894736842106,196.0,52.752631578947366,50.03190789473685,50.576052631578946
2021_14_CHI_GB,2021,14,2021-12-12,GB,CHI,75,2021-02-07,2021-12-09,49.4907063197026,18,12,31.5,283.0,23.22222222222222,242.0,17,12,22.41176470588235,201.0,23.0,287.0,50.06699346405229,44.172998366013076,45.35179738562091
2021_14_DAL_WAS,2021,14,2021-12-12,WAS,DAL,47,2021-02-07,2021-12-09,49.4907063197026,17,12,21.058823529411764,246.0,21.176470588235293,297.0,16,12,24.6875,353.0,29.5625,267.0,48.24264705882353,48.404411764705884,48.372058823529414
2021_14_DET_DEN,2021,14,2021-12-12,DEN,DET,48,2021-02-07,2021-12-09,49.4907063197026,16,12,20.1875,237.0,27.875,218.0,16,12,23.5625,203.0,32.4375,316.0,52.03125,43.4453125,45.1625
2021_14_JAX_TEN,2021,14,2021-12-12,TEN,JAX,20,2021-02-07,2021-12-09,49.4907063197026,17,12,29.647058823529413,304.0,27.0,290.0,16,12,19.125,180.0,30.75,320.0,53.26102941176471,47.502757352941174,48.654411764705884
2021_14_LV_KC,2021,14,2021-12-12,KC,LV,57,2021-02-07,2021-12-09,49.4907063197026,19,12,28.526315789473685,303.0,22.842105263157894,259.0,16,12,27.125,274.0,29.875,312.0,54.18421052631579,49.421052631578945,50.373684210526314
2021_14_NO_NYJ,2021,14,2021-12-12,NYJ,NO,39,2021-02-07,2021-12-09,49.4907063197026,16,12,15.1875,217.0,28.5625,367.0,18,12,29.055555555555557,274.0,20.88888888888889,276.0,46.84722222222222,47.14930555555556,47.08888888888889
2021_14_NYG_LAC,2021,14,2021-12-12,LAC,NYG,58,2021-02-07,2021-12-09,49.4907063197026,16,12,24.0,314.0,26.625,315.0,16,12,17.5,211.0,22.3125,273.0,45.21875,46.0859375,45.9125
2021_14_SEA_HOU,2021,14,2021-12-12,HOU,SEA,46,2021-02-07,2021-12-09,49.4907063197026,16,12,24.0,164.0,29.0,323.0,17,12,28.176470588235293,239.0,23.58823529411765,249.0,52.38235294117647,43.564338235294116,45.32794117647059
2021_14_SF_CIN,2021,14,2021-12-12,CIN,SF,49,2021-02-07,2021-12-09,49.4907063197026,16,12,19.4375,331.0,26.5,267.0,16,12,23.5,303.0,24.375,278.0,46.90625,48.5703125,48.2375
2021_14_LA_ARI,2021,14,2021-12-13,ARI,LAR,53,2021-02-07,2021-12-12,49.4907063197026,16,12,25.625,343.0,22.9375,224.0,18,12,23.333333333333332,336.0,19.333333333333332,270.0,45.61458333333333,48.05989583333333,47.57083333333333
2021_15_KC_LAC,2021,15,2021-12-16,LAC,KC,62,2021-02-07,2021-12-13,49.4907063197026,16,13,24.0,351.0,26.625,336.0,19,13,28.526315789473685,351.0,22.842105263157894,268.0,50.99671052631579,50.4109907120743,50.52255639097744
2021_15_NE_IND,2021,15,2021-12-18,IND,NE,44,2021-02-07,2021-12-16,49.4907063197026,17,13,27.941176470588236,371.0,22.88235294117647,283.0,16,13,20.375,350.0,22.0625,200.0,46.630514705882355,46.38365051903114,46.43067226890756
2021_15_ARI_DET,2021,15,2021-12-19,DET,ARI,42,2021-02-07,2021-12-18,49.4907063197026,16,13,23.5625,213.0,32.4375,354.0,16,13,25.625,366.0,22.9375,254.0,52.28125,47.21323529411765,48.17857142857143
2021_15_ATL_SF,2021,15,2021-12-19,SF,ATL,44,2021-02-07,2021-12-18,49.4907063197026,16,13,23.5,329.0,24.375,301.0,16,13,24.75,245.0,25.875,353.0,49.25,47.705882352941174,48.0
2021_15_CAR_BUF,2021,15,2021-12-19,BUF,CAR,45,2021-02-07,2021-12-18,49.4907063197026,19,13,29.94736842105263,363.0,23.157894736842106,229.0,16,13,21.875,257.0,25.125,282.0,50.05263157894737,45.04179566563467,45.99624060150376
2021_15_CIN_DEN,2021,15,2021-12-19,DEN,CIN,25,2021-02-07,2021-12-18,49.4907063197026,16,13,20.1875,275.0,27.875,228.0,16,13,19.4375,354.0,26.5,293.0,47.0,44.88235294117647,45.285714285714285
2021_15_DAL_NYG,2021,15,2021-12-19,NYG,DAL,27,2021-02-07,2021-12-18,49.4907063197026,16,13,17.5,232.0,22.3125,310.0,16,13,24.6875,380.0,29.5625,287.0,47.03125,46.625,46.70238095238095
2021_15_GB_BAL,2021,15,2021-12-19,BAL,GB,61,2021-02-07,2021-12-18,49.4907063197026,18,13,27.27777777777778,304.0,18.5,284.0,18,13,31.5,328.0,23.22222222222222,272.0,50.25,46.76470588235294,47.42857142857143
2021_15_HOU_JAX,2021,15,2021-12-19,JAX,HOU,46,2021-02-07,2021-12-18,49.4907063197026,16,13,19.125,180.0,30.75,340.0,16,13,24.0,177.0,29.0,356.0,51.4375,43.0735294117647,44.66666666666667
2021_15_NO_TB,2021,15,2021-12-19,TB,NO,9,2021-02-07,2021-12-18,49.4907063197026,20,13,30.75,410.0,21.65,297.0,18,13,29.055555555555557,304.0,20.88888888888889,285.0,51.172222222222224,50.158169934640526,50.35132275132275
2021_15_NYJ_MIA,2021,15,2021-12-19,MIA,NYJ,55,2021-02-07,2021-12-18,49.4907063197026,16,13,25.25,254.0,21.125,288.0,16,13,15.1875,226.0,28.5625,397.0,45.0625,44.86764705882353,44.904761904761905
2021_15_TEN_PIT,2021,15,2021-12-19,PIT,TEN,32,2021-02-07,2021-12-18,49.4907063197026,17,13,26.647058823529413,272.0,21.176470588235293,322.0,17,13,29.647058823529413,324.0,27.0,290.0,52.23529411764706,47.82006920415225,48.661064425770306
2021_15_LV_CLE,2021,15,2021-12-20,CLE,LV,30,2021-02-07,2021-12-19,49.4907063197026,18,13,26.27777777777778,278.0,26.555555555555557,289.0,16,13,27.125,283.0,29.875,360.0,54.91666666666667,48.509803921568626,49.730158730158735
2021_15_MIN_CHI,2021,15,2021-12-20,CHI,MIN,26,2021-02-07,2021-12-19,49.4907063197026,17,13,22.41176470588235,231.0,23.0,332.0,16,13,26.875,344.0,29.6875,333.0,50.987132352941174,48.46756055363322,48.94747899159664
2021_15_SEA_LA,2021,15,2021-12-21,LAR,SEA,30,2021-02-07,2021-12-20,49.4907063197026,18,13,23.333333333333332,366.0,19.333333333333332,293.0,17,13,28.176470588235293,272.0,23.58823529411765,262.0,47.21568627450981,46.19780853517878,46.39169000933707
2021_15_WAS_PHI,2021,15,2021-12-21,PHI,WAS,44,2021-02-07,2021-12-20,49.4907063197026,16,13,20.875,337.0,26.125,291.0,17,13,21.058823529411764,266.0,21.176470588235293,324.0,44.61764705882353,46.32179930795848,45.99719887955182
2021_16_SF_TEN,2021,16,2021-12-23,TEN,SF,37,2021-02-07,2021-12-21,49.4907063197026,17,14,29.647058823529413,337.0,27.0,309.0,16,14,23.5,360.0,24.375,314.0,52.26102941176471,48.28022875816993,49.00401069518717
2021_16_CLE_GB,2021,16,2021-12-25,GB,CLE,46,2021-02-07,2021-12-23,49.4907063197026,18,14,31.5,359.0,23.22222222222222,302.0,18,14,26.27777777777778,292.0,26.555555555555557,305.0,53.77777777777778,46.89506172839506,48.14646464646465
2021_16_IND_ARI,2021,16,2021-12-25,ARI,IND,38,2021-02-07,2021-12-23,49.4907063197026,16,14,25.625,378.0,22.9375,284.0,17,14,27.941176470588236,398.0,22.88235294117647,300.0,49.693014705882355,48.82066993464052,48.97927807486631
2021_16_BAL_CIN,2021,16,2021-12-26,CIN,BAL,62,2021-02-07,2021-12-25,49.4907063197026,16,14,19.4375,369.0,26.5,303.0,18,14,27.27777777777778,334.0,18.5,315.0,45.857638888888886,46.88503086419753,46.698232323232325
2021_16_BUF_NE,2021,16,2021-12-26,NE,BUF,54,2021-02-07,2021-12-25,49.4907063197026,16,14,20.375,367.0,22.0625,227.0,19,14,29.94736842105263,394.0,23.157894736842106,243.0,47.77138157894737,44.81030701754386,45.348684210526315
2021_16_CHI_SEA,2021,16,2021-12-26,SEA,CHI,49,2021-02-07,2021-12-25,49.4907063197026,17,14,28.176470588235293,282.0,23.58823529411765,282.0,17,14,22.41176470588235,240.0,23.0,349.0,48.588235294117645,42.82516339869281,43.87299465240642
2021_16_DEN_LV,2021,16,2021-12-26,LV,DEN,30,2021-02-07,2021-12-25,49.4907063197026,16,14,27.125,299.0,29.875,374.0,16,14,20.1875,285.0,27.875,243.0,52.53125,45.03472222222222,46.39772727272727
2021_16_DET_ATL,2021,16,2021-12-26,ATL,DET,36,2021-02-07,2021-12-25,49.4907063197026,16,14,24.75,258.0,25.875,384.0,16,14,23.5625,243.0,32.4375,366.0,53.3125,46.59722222222222,47.81818181818182
2021_16_JAX_NYJ,2021,16,2021-12-26,NYJ,JAX,47,2021-02-07,2021-12-25,49.4907063197026,16,14,15.1875,250.0,28.5625,428.0,16,14,19.125,196.0,30.75,370.0,46.8125,44.958333333333336,45.29545454545455
2021_16_LAC_HOU,2021,16,2021-12-26,HOU,LAC,70,2021-02-07,2021-12-25,49.4907063197026,16,14,24.0,207.0,29.0,372.0,16,14,24.0,379.0,26.625,370.0,51.8125,48.40277777777778,49.02272727272727
2021_16_LA_MIN,2021,16,2021-12-26,MIN,LAR,53,2021-02-07,2021-12-25,49.4907063197026,16,14,26.875,361.0,29.6875,342.0,18,14,23.333333333333332,386.0,19.333333333333332,303.0,49.61458333333333,49.69212962962963,49.6780303030303
2021_16_NYG_PHI,2021,16,2021-12-26,PHI,NYG,44,2021-02-07,2021-12-25,49.4907063197026,16,14,20.875,364.0,26.125,308.0,16,14,17.5,238.0,22.3125,331.0,43.40625,44.11805555555556,43.98863636363637
2021_16_PIT_KC,2021,16,2021-12-26,KC,PIT,46,2021-02-07,2021-12-25,49.4907063197026,19,14,28.526315789473685,385.0,22.842105263157894,296.0,17,14,26.647058823529413,291.0,21.176470588235293,335.0,49.59597523219814,47.32688338493292,47.739445538981144
2021_16_TB_CAR,2021,16,2021-12-26,CAR,TB,38,2021-02-07,2021-12-25,49.4907063197026,16,14,21.875,271.0,25.125,313.0,20,14,30.75,410.0,21.65,306.0,49.7,47.15555555555556,47.61818181818182
2021_16_WAS_DAL,2021,16,2021-12-26,DAL,WAS,70,2021-02-07,2021-12-25,49.4907063197026,16,14,24.6875,401.0,29.5625,293.0,17,14,21.058823529411764,283.0,21.176470588235293,351.0,48.24264705882353,47.609477124183,47.72459893048128
2021_16_MIA_NO,2021,16,2021-12-27,NO,MIA,23,2021-02-07,2021-12-26,49.4907063197026,18,14,29.055555555555557,313.0,20.88888888888889,285.0,16,14,25.25,285.0,21.125,312.0,48.15972222222222,43.89660493827161,44.67171717171717
2021_17_ARI_DAL,2021,17,2022-01-02,DAL,ARI,47,2021-02-07,2021-12-27,49.4907063197026,16,15,24.6875,457.0,29.5625,307.0,16,15,25.625,394.0,22.9375,306.0,51.40625,49.348684210526315,49.70652173913044
2021_17_ATL_BUF,2021,17,2022-01-02,BUF,ATL,44,2021-02-07,2021-12-27,49.4907063197026,19,15,29.94736842105263,427.0,23.157894736842106,264.0,16,15,24.75,278.0,25.875,400.0,51.86513157894737,46.94529085872576,47.80091533180778
2021_17_CAR_NO,2021,17,2022-01-02,NO,CAR,28,2021-02-07,2021-12-27,49.4907063197026,18,15,29.055555555555557,316.0,20.88888888888889,305.0,16,15,21.875,277.0,25.125,345.0,48.47222222222222,42.91520467836257,43.88164251207729
2021_17_DEN_LAC,2021,17,2022-01-02,LAC,DEN,47,2021-02-07,2021-12-27,49.4907063197026,16,15,24.0,408.0,26.625,411.0,16,15,20.1875,298.0,27.875,260.0,49.34375,46.625,47.09782608695652
2021_17_DET_SEA,2021,17,2022-01-02,SEA,DET,80,2021-02-07,2021-12-27,49.4907063197026,17,15,28.176470588235293,306.0,23.58823529411765,307.0,16,15,23.5625,259.0,32.4375,386.0,53.88235294117647,44.44891640866873,46.089514066496164
2021_17_HOU_SF,2021,17,2022-01-02,SF,HOU,30,2021-02-07,2021-12-27,49.4907063197026,16,15,23.5,377.0,24.375,334.0,16,15,24.0,248.0,29.0,401.0,50.4375,46.4078947368421,47.108695652173914
2021_17_JAX_NE,2021,17,2022-01-02,NE,JAX,60,2021-02-07,2021-12-27,49.4907063197026,16,15,20.375,388.0,22.0625,260.0,16,15,19.125,217.0,30.75,396.0,46.15625,42.901315789473685,43.46739130434783
2021_17_KC_CIN,2021,17,2022-01-02,CIN,KC,65,2021-02-07,2021-12-27,49.4907063197026,16,15,19.4375,410.0,26.5,324.0,19,15,28.526315789473685,421.0,22.842105263157894,306.0,48.65296052631579,48.69009695290859,48.683638443935926
2021_17_LA_BAL,2021,17,2022-01-02,BAL,LAR,39,2021-02-07,2021-12-27,49.4907063197026,18,15,27.27777777777778,355.0,18.5,356.0,18,15,23.333333333333332,416.0,19.333333333333332,326.0,44.22222222222222,47.546783625730995,46.968599033816425
2021_17_LV_IND,2021,17,2022-01-02,IND,LV,43,2021-02-07,2021-12-27,49.4907063197026,17,15,27.941176470588236,420.0,22.88235294117647,316.0,16,15,27.125,316.0,29.875,387.0,53.911764705882355,49.21826625386997,50.03452685421995
2021_17_MIA_TEN,2021,17,2022-01-02,TEN,MIA,37,2021-02-07,2021-12-27,49.4907063197026,17,15,29.647058823529413,357.0,27.0,326.0,16,15,25.25,305.0,21.125,315.0,51.51102941176471,45.13390092879257,46.24296675191816
2021_17_MIN_GB,2021,17,2022-01-02,GB,MIN,47,2021-02-07,2021-12-27,49.4907063197026,18,15,31.5,383.0,23.22222222222222,324.0,16,15,26.875,384.0,29.6875,372.0,55.642361111111114,50.21418128654971,51.158212560386474
2021_17_NYG_CHI,2021,17,2022-01-02,CHI,NYG,32,2021-02-07,2021-12-27,49.4907063197026,17,15,22.41176470588235,265.0,23.0,373.0,16,15,17.5,248.0,22.3125,365.0,42.612132352941174,41.89202786377709,42.017263427109974
2021_17_PHI_WAS,2021,17,2022-01-02,WAS,PHI,36,2021-02-07,2021-12-27,49.4907063197026,17,15,21.058823529411764,297.0,21.176470588235293,407.0,16,15,20.875,398.0,26.125,318.0,44.61764705882353,46.76160990712074,46.388746803069054
2021_17_TB_NYJ,2021,17,2022-01-02,NYJ,TB,52,2021-02-07,2021-12-27,49.4907063197026,16,15,15.1875,276.0,28.5625,449.0,20,15,30.75,442.0,21.65,312.0,48.075,49.04210526315789,48.87391304347826
2021_17_CLE_PIT,2021,17,2022-01-03,PIT,CLE,40,2021-02-07,2022-01-02,49.4907063197026,17,15,26.647058823529413,301.0,21.176470588235293,371.0,18,15,26.27777777777778,314.0,26.555555555555557,329.0,50.32843137254902,45.20072239422085,46.0924978687127
2021_18_DAL_PHI,2021,18,2022-01-08,PHI,DAL,77,2021-02-07,2022-01-03,49.4907063197026,16,16,20.875,418.0,26.125,334.0,16,16,24.6875,479.0,29.5625,332.0,50.625,49.2,49.4375
2021_18_KC_DEN,2021,18,2022-01-08,DEN,KC,52,2021-02-07,2022-01-03,49.4907063197026,16,16,20.1875,311.0,27.875,294.0,19,16,28.526315789473685,452.0,22.842105263157894,340.0,49.71546052631579,44.86809210526316,45.67598684210526
2021_18_CAR_TB,2021,18,2022-01-09,TB,CAR,58,2021-02-07,2022-01-08,49.4907063197026,20,16,30.75,470.0,21.65,336.0,16,16,21.875,287.0,25.125,363.0,49.7,46.34,46.9
2021_18_CHI_MIN,2021,18,2022-01-09,MIN,CHI,48,2021-02-07,2022-01-08,49.4907063197026,16,16,26.875,394.0,29.6875,409.0,17,16,22.41176470588235,294.0,23.0,376.0,50.987132352941174,47.02242647058823,47.68321078431372
2021_18_CIN_CLE,2021,18,2022-01-09,CLE,CIN,37,2021-02-07,2022-01-08,49.4907063197026,18,16,26.27777777777778,328.0,26.555555555555557,355.0,16,16,19.4375,444.0,26.5,355.0,49.38541666666667,46.92708333333333,47.33680555555556
2021_18_GB_DET,2021,18,2022-01-09,DET,GB,67,2021-02-07,2022-01-08,49.4907063197026,16,16,23.5625,288.0,32.4375,437.0,18,16,31.5,420.0,23.22222222222222,334.0,55.361111111111114,48.047222222222224,49.2662037037037
2021_18_IND_JAX,2021,18,2022-01-09,JAX,IND,37,2021-02-07,2022-01-08,49.4907063197026,16,16,19.125,227.0,30.75,446.0,17,16,27.941176470588236,440.0,22.88235294117647,339.0,50.349264705882355,46.36985294117647,47.033088235294116
2021_18_LAC_LV,2021,18,2022-01-09,LV,LAC,67,2021-02-07,2022-01-08,49.4907063197026,16,16,27.125,339.0,29.875,407.0,16,16,24.0,442.0,26.625,424.0,53.8125,51.0625,51.520833333333336
2021_18_NE_MIA,2021,18,2022-01-09,MIA,NE,57,2021-02-07,2022-01-08,49.4907063197026,16,16,25.25,308.0,21.125,349.0,16,16,20.375,438.0,22.0625,270.0,44.40625,43.00625,43.239583333333336
2021_18_NO_ATL,2021,18,2022-01-09,ATL,NO,50,2021-02-07,2022-01-08,49.4907063197026,16,16,24.75,293.0,25.875,429.0,18,16,29.055555555555557,334.0,20.88888888888889,315.0,50.28472222222222,44.331944444444446,45.324074074074076
2021_18_NYJ_BUF,2021,18,2022-01-09,BUF,NYJ,37,2021-02-07,2022-01-08,49.4907063197026,19,16,29.94736842105263,456.0,23.157894736842106,279.0,16,16,15.1875,300.0,28.5625,477.0,48.42763157894737,47.48552631578947,47.64254385964912
2021_18_PIT_BAL,2021,18,2022-01-09,BAL,PIT,29,2021-02-07,2022-01-08,49.4907063197026,18,16,27.27777777777778,374.0,18.5,376.0,17,16,26.647058823529413,327.0,21.176470588235293,385.0,46.80065359477124,45.91013071895425,46.05855119825708
2021_18_SEA_ARI,2021,18,2022-01-09,ARI,SEA,68,2021-02-07,2022-01-08,49.4907063197026,16,16,25.625,419.0,22.9375,328.0,17,16,28.176470588235293,357.0,23.58823529411765,336.0,50.16360294117647,46.03272058823529,46.721200980392155
2021_18_SF_LA,2021,18,2022-01-09,LAR,SF,51,2021-02-07,2022-01-08,49.4907063197026,18,16,23.333333333333332,436.0,19.333333333333332,345.0,16,16,23.5,400.0,24.375,341.0,45.27083333333333,47.10416666666667,46.79861111111111
2021_18_TEN_HOU,2021,18,2022-01-09,HOU,TEN,53,2021-02-07,2022-01-08,49.4907063197026,16,16,24.0,255.0,29.0,424.0,17,16,29.647058823529413,391.0,27.0,329.0,54.82352941176471,45.93970588235294,47.4203431372549
2021_18_WAS_NYG,2021,18,2022-01-09,NYG,WAS,29,2021-02-07,2022-01-08,49.4907063197026,16,16,17.5,251.0,22.3125,394.0,17,16,21.058823529411764,313.0,21.176470588235293,427.0,41.02389705882353,42.829779411764704,42.528799019607845
2022_01_BUF_LA,2022,1,2022-09-08,LAR,BUF,41,2022-02-13,,46.06666666666667,21,0,27.0,0.0,21.285714285714285,0.0,19,0,29.789473684210527,0.0,18.31578947368421,0.0,48.19548872180451,48.19548872180451,48.19548872180451
2022_01_BAL_NYJ,2022,1,2022-09-11,NYJ,BAL,33,2022-02-13,2022-09-08,46.06666666666667,17,0,18.235294117647058,0.0,29.647058823529413,0.0,17,0,22.764705882352942,0.0,23.058823529411764,0.0,46.85294117647059,46.85294117647059,46.85294117647059
2022_01_CLE_CAR,2022,1,2022-09-11,CAR,CLE,50,2022-02-13,2022-09-08,46.06666666666667,17,0,17.88235294117647,0.0,23.764705882352942,0.0,17,0,20.529411764705884,0.0,21.823529411764707,0.0,42.0,42.0,42.0
2022_01_GB_MIN,2022,1,2022-09-11,MIN,GB,30,2022-02-13,2022-09-08,46.06666666666667,17,0,25.0,0.0,25.058823529411764,0.0,18,0,25.555555555555557,0.0,21.333333333333332,0.0,48.47385620915033,48.47385620915033,48.47385620915033
2022_01_IND_HOU,2022,1,2022-09-11,HOU,IND,40,2022-02-13,2022-09-08,46.06666666666667,17,0,16.470588235294116,0.0,26.58823529411765,0.0,17,0,26.529411764705884,0.0,21.470588235294116,0.0,45.529411764705884,45.529411764705884,45.529411764705884
2022_01_JAX_WAS,2022,1,2022-09-11,WAS,JAX,50,2022-02-13,2022-09-08,46.06666666666667,17,0,19.705882352941178,0.0,25.529411764705884,0.0,17,0,14.882352941176471,0.0,26.88235294117647,0.0,43.5,43.5,43.5
2022_01_KC_ARI,2022,1,2022-09-11,ARI,KC,65,2022-02-13,2022-09-08,46.06666666666667,18,0,25.555555555555557,0.0,22.22222222222222,0.0,20,0,29.4,0.0,22.4,0.0,49.78888888888889,49.78888888888889,49.78888888888889
2022_01_LV_LAC,2022,1,2022-09-11,LAC,LV,43,2022-02-13,2022-09-08,46.06666666666667,17,0,27.88235294117647,0.0,27.0,0.0,18,0,21.833333333333332,0.0,25.833333333333332,0.0,51.27450980392157,51.27450980392157,51.27450980392157
2022_01_NE_MIA,2022,1,2022-09-11,MIA,NE,27,2022-02-13,2022-09-08,46.06666666666667,17,0,20.058823529411764,0.0,21.941176470588236,0.0,18,0,26.61111111111111,0.0,19.444444444444443,0.0,44.02777777777778,44.02777777777778,44.02777777777778
2022_01_NO_ATL,2022,1,2022-09-11,ATL,NO,53,2022-02-13,2022-09-08,46.06666666666667,17,0,18.41176470588235,0.0,27.0,0.0,17,0,21.41176470588235,0.0,19.705882352941178,0.0,43.26470588235294,43.26470588235294,43.26470588235294
2022_01_NYG_TEN,2022,1,2022-09-11,TEN,NYG,41,2022-02-13,2022-09-08,46.06666666666667,18,0,24.166666666666668,0.0,20.72222222222222,0.0,17,0,15.176470588235293,0.0,24.470588235294116,0.0,42.26797385620915,42.26797385620915,42.26797385620915
2022_01_PHI_DET,2022,1,2022-09-11,DET,PHI,73,2022-02-13,2022-09-08,46.06666666666667,17,0,19.11764705882353,0.0,27.470588235294116,0.0,18,0,25.5,0.0,23.11111111111111,0.0,47.599673202614376,47.599673202614376,47.599673202614376
2022_01_PIT_CIN,2022,1,2022-09-11,CIN,PIT,43,2022-02-13,2022-09-08,46.06666666666667,21,0,26.285714285714285,0.0,21.80952380952381,0.0,18,0,20.22222222222222,0.0,24.444444444444443,0.0,46.38095238095238,46.38095238095238,46.38095238095238
2022_01_SF_CHI,2022,1,2022-09-11,CHI,SF,29,2022-02-13,2022-09-08,46.06666666666667,17,0,18.294117647058822,0.0,23.941176470588236,0.0,20,0,24.0,0.0,20.6,0.0,43.41764705882353,43.41764705882353,43.41764705882353
2022_01_TB_DAL,2022,1,2022-09-11,DAL,TB,22,2022-02-13,2022-09-08,46.06666666666667,18,0,30.38888888888889,0.0,21.166666666666668,0.0,19,0,29.94736842105263,0.0,20.94736842105263,0.0,51.22514619883041,51.22514619883041,51.22514619883041
2022_01_DEN_SEA,2022,1,2022-09-12,SEA,DEN,33,2022-02-13,2022-09-11,46.06666666666667,17,0,23.235294117647058,0.0,21.529411764705884,0.0,17,0,19.705882352941178,0.0,18.941176470588236,0.0,41.705882352941174,41.705882352941174,41.705882352941174
2022_02_LAC_KC,2022,2,2022-09-15,KC,LAC,51,2022-02-13,2022-09-12,46.06666666666667,20,1,29.4,44.0,22.4,21.0,17,1,27.88235294117647,24.0,27.0,19.0,53.34117647058824,53.472941176470584,53.41437908496732
2022_02_ARI_LV,2022,2,2022-09-18,LV,ARI,52,2022-02-13,2022-09-15,46.06666666666667,18,1,21.833333333333332,19.0,25.833333333333332,24.0,18,1,25.555555555555557,21.0,22.22222222222222,44.0,47.72222222222222,48.977777777777774,48.41975308641975
2022_02_ATL_LA,2022,2,2022-09-18,LAR,ATL,58,2022-02-13,2022-09-15,46.06666666666667,21,1,27.0,10.0,21.285714285714285,31.0,17,1,18.41176470588235,26.0,27.0,27.0,46.84873949579832,46.878991596638656,46.865546218487395
2022_02_CAR_NYG,2022,2,2022-09-18,NYG,CAR,35,2022-02-13,2022-09-15,46.06666666666667,17,1,15.176470588235293,21.0,24.470588235294116,20.0,17,1,17.88235294117647,24.0,23.764705882352942,26.0,40.64705882352941,41.61764705882353,41.18627450980392
2022_02_CHI_GB,2022,2,2022-09-18,GB,CHI,37,2022-02-13,2022-09-15,46.06666666666667,18,1,25.555555555555557,7.0,21.333333333333332,23.0,17,1,18.294117647058822,19.0,23.941176470588236,10.0,44.56209150326797,41.54967320261438,42.88852578068264
2022_02_CIN_DAL,2022,2,2022-09-18,DAL,CIN,37,2022-02-13,2022-09-15,46.06666666666667,18,1,30.38888888888889,3.0,21.166666666666668,19.0,21,1,26.285714285714285,20.0,21.80952380952381,23.0,49.82539682539682,46.36031746031746,47.90035273368607
2022_02_HOU_DEN,2022,2,2022-09-18,DEN,HOU,25,2022-02-13,2022-09-15,46.06666666666667,17,1,19.705882352941178,16.0,18.941176470588236,17.0,17,1,16.470588235294116,20.0,26.58823529411765,20.0,40.85294117647059,39.98235294117647,40.369281045751634
2022_02_IND_JAX,2022,2,2022-09-18,JAX,IND,24,2022-02-13,2022-09-15,46.06666666666667,17,1,14.882352941176471,22.0,26.88235294117647,28.0,17,1,26.529411764705884,20.0,21.470588235294116,20.0,44.88235294117647,44.90588235294118,44.89542483660131
2022_02_MIA_BAL,2022,2,2022-09-18,BAL,MIA,80,2022-02-13,2022-09-15,46.06666666666667,17,1,22.764705882352942,24.0,23.058823529411764,9.0,17,1,20.058823529411764,20.0,21.941176470588236,7.0,43.911764705882355,41.12941176470588,42.36601307189542
2022_02_NE_PIT,2022,2,2022-09-18,PIT,NE,31,2022-02-13,2022-09-15,46.06666666666667,18,1,20.22222222222222,23.0,24.444444444444443,20.0,18,1,26.61111111111111,7.0,19.444444444444443,20.0,45.36111111111111,43.28888888888889,44.20987654320987
2022_02_NYJ_CLE,2022,2,2022-09-18,CLE,NYJ,61,2022-02-13,2022-09-15,46.06666666666667,17,1,20.529411764705884,26.0,21.823529411764707,24.0,17,1,18.235294117647058,9.0,29.647058823529413,24.0,45.11764705882353,44.39411764705882,44.71568627450981
2022_02_SEA_SF,2022,2,2022-09-18,SF,SEA,34,2022-02-13,2022-09-15,46.06666666666667,20,1,24.0,10.0,20.6,19.0,17,1,23.235294117647058,17.0,21.529411764705884,16.0,44.682352941176475,41.945882352941176,43.16209150326797
2022_02_TB_NO,2022,2,2022-09-18,NO,TB,30,2022-02-13,2022-09-15,46.06666666666667,17,1,21.41176470588235,27.0,19.705882352941178,26.0,19,1,29.94736842105263,19.0,20.94736842105263,3.0,46.0061919504644,44.304953560371516,45.06105951152391
2022_02_WAS_DET,2022,2,2022-09-18,DET,WAS,63,2022-02-13,2022-09-15,46.06666666666667,17,1,19.11764705882353,35.0,27.470588235294116,38.0,17,1,19.705882352941178,28.0,25.529411764705884,22.0,45.911764705882355,49.029411764705884,47.6437908496732
2022_02_MIN_PHI,2022,2,2022-09-19,PHI,MIN,31,2022-02-13,2022-09-18,46.06666666666667,18,1,25.5,38.0,23.11111111111111,35.0,17,1,25.0,23.0,25.058823529411764,7.0,49.33496732026144,49.76797385620915,49.57552650689905
2022_02_TEN_BUF,2022,2,2022-09-19,BUF,TEN,48,2022-02-13,2022-09-18,46.06666666666667,19,1,29.789473684210527,31.0,18.31578947368421,10.0,18,1,24.166666666666668,20.0,20.72222222222222,21.0,46.49707602339181,45.397660818713454,45.8862897985705
2022_03_PIT_CLE,2022,3,2022-09-22,CLE,PIT,46,2022-02-13,2022-09-19,46.06666666666667,17,2,20.529411764705884,56.0,21.823529411764707,55.0,18,2,20.22222222222222,37.0,24.444444444444443,37.0,43.509803921568626,44.423202614379086,44.0578431372549
2022_03_ATL_SEA,2022,3,2022-09-25,SEA,ATL,50,2022-02-13,2022-09-22,46.06666666666667,17,2,23.235294117647058,24.0,21.529411764705884,43.0,17,2,18.41176470588235,53.0,27.0,58.0,45.088235294117645,44.8921568627451,44.970588235294116
2022_03_BAL_NE,2022,3,2022-09-25,NE,BAL,63,2022-02-13,2022-09-22,46.06666666666667,18,2,26.61111111111111,24.0,19.444444444444443,34.0,17,2,22.764705882352942,62.0,23.058823529411764,51.0,45.939542483660134,44.87636165577342,45.30163398692811
2022_03_BUF_MIA,2022,3,2022-09-25,MIA,BUF,40,2022-02-13,2022-09-22,46.06666666666667,17,2,20.058823529411764,62.0,21.941176470588236,45.0,19,2,29.789473684210527,72.0,18.31578947368421,17.0,45.05263157894737,46.368421052631575,45.8421052631579
2022_03_CIN_NYJ,2022,3,2022-09-25,NYJ,CIN,39,2022-02-13,2022-09-22,46.06666666666667,17,2,18.235294117647058,40.0,29.647058823529413,54.0,21,2,26.285714285714285,37.0,21.80952380952381,43.0,47.98879551820728,46.49253034547152,47.09103641456582
2022_03_DET_MIN,2022,3,2022-09-25,MIN,DET,52,2022-02-13,2022-09-22,46.06666666666667,17,2,25.0,30.0,25.058823529411764,31.0,17,2,19.11764705882353,71.0,27.470588235294116,65.0,48.3235294117647,48.63235294117647,48.508823529411764
2022_03_GB_TB,2022,3,2022-09-25,TB,GB,26,2022-02-13,2022-09-22,46.06666666666667,19,2,29.94736842105263,39.0,20.94736842105263,13.0,18,2,25.555555555555557,34.0,21.333333333333332,33.0,48.89181286549707,42.51120857699805,45.06345029239766
2022_03_HOU_CHI,2022,3,2022-09-25,CHI,HOU,43,2022-02-13,2022-09-22,46.06666666666667,17,2,18.294117647058822,29.0,23.941176470588236,37.0,17,2,16.470588235294116,29.0,26.58823529411765,36.0,42.64705882352941,39.34803921568627,40.667647058823526
2022_03_JAX_LAC,2022,3,2022-09-25,LAC,JAX,48,2022-02-13,2022-09-22,46.06666666666667,17,2,27.88235294117647,48.0,27.0,46.0,17,2,14.882352941176471,46.0,26.88235294117647,28.0,48.32352941176471,46.21568627450981,47.05882352941177
2022_03_KC_IND,2022,3,2022-09-25,IND,KC,37,2022-02-13,2022-09-22,46.06666666666667,17,2,26.529411764705884,20.0,21.470588235294116,44.0,20,2,29.4,71.0,22.4,45.0,49.9,48.266666666666666,48.92
2022_03_LA_ARI,2022,3,2022-09-25,ARI,LAR,32,2022-02-13,2022-09-22,46.06666666666667,18,2,25.555555555555557,50.0,22.22222222222222,67.0,21,2,27.0,41.0,21.285714285714285,58.0,48.03174603174603,50.02116402116402,49.22539682539683
2022_03_LV_TEN,2022,3,2022-09-25,TEN,LV,46,2022-02-13,2022-09-22,46.06666666666667,18,2,24.166666666666668,27.0,20.72222222222222,62.0,18,2,21.833333333333332,42.0,25.833333333333332,53.0,46.27777777777778,46.18518518518518,46.22222222222222
2022_03_NO_CAR,2022,3,2022-09-25,CAR,NO,36,2022-02-13,2022-09-22,46.06666666666667,17,2,17.88235294117647,40.0,23.764705882352942,45.0,17,2,21.41176470588235,37.0,19.705882352941178,46.0,41.38235294117647,41.58823529411765,41.50588235294118
2022_03_PHI_WAS,2022,3,2022-09-25,WAS,PHI,32,2022-02-13,2022-09-22,46.06666666666667,17,2,19.705882352941178,55.0,25.529411764705884,58.0,18,2,25.5,62.0,23.11111111111111,42.0,46.923202614379086,49.36546840958606,48.388562091503275
2022_03_SF_DEN,2022,3,2022-09-25,DEN,SF,21,2022-02-13,2022-09-22,46.06666666666667,17,2,19.705882352941178,32.0,18.941176470588236,26.0,20,2,24.0,37.0,20.6,26.0,41.62352941176471,37.832352941176474,39.34882352941177
2022_03_DAL_NYG,2022,3,2022-09-26,NYG,DAL,39,2022-02-13,2022-09-25,46.06666666666667,17,2,15.176470588235293,40.0,24.470588235294116,36.0,18,2,30.38888888888889,23.0,21.166666666666668,36.0,45.60130718954248,41.65087145969499,43.231045751633985
2022_04_MIA_CIN,2022,4,2022-09-29,CIN,MIA,42,2022-02-13,2022-09-26,46.06666666666667,21,3,26.285714285714285,64.0,21.80952380952381,55.0,17,3,20.058823529411764,83.0,21.941176470588236,64.0,45.04761904761905,44.74149659863946,44.85281385281385
2022_04_ARI_CAR,2022,4,2022-10-02,CAR,ARI,42,2022-02-13,2022-09-29,46.06666666666667,17,3,17.88235294117647,62.0,23.764705882352942,59.0,18,3,25.555555555555557,62.0,22.22222222222222,87.0,44.712418300653596,44.83566760037348,44.790849673202615
2022_04_BUF_BAL,2022,4,2022-10-02,BAL,BUF,43,2022-02-13,2022-09-29,46.06666666666667,17,3,22.764705882352942,99.0,23.058823529411764,77.0,19,3,29.789473684210527,91.0,18.31578947368421,38.0,46.96439628482972,48.62251216275984,48.01956093442162
2022_04_CHI_NYG,2022,4,2022-10-02,NYG,CHI,32,2022-02-13,2022-09-29,46.06666666666667,17,3,15.176470588235293,56.0,24.470588235294116,59.0,17,3,18.294117647058822,52.0,23.941176470588236,57.0,40.94117647058823,39.39495798319328,39.957219251336895
2022_04_CLE_ATL,2022,4,2022-10-02,ATL,CLE,43,2022-02-13,2022-09-29,46.06666666666667,17,3,18.41176470588235,80.0,27.0,81.0,17,3,20.529411764705884,85.0,21.823529411764707,72.0,43.88235294117647,47.78991596638655,46.36898395721925
2022_04_DEN_LV,2022,4,2022-10-02,LV,DEN,55,2022-02-13,2022-09-29,46.06666666666667,18,3,21.833333333333332,64.0,25.833333333333332,77.0,17,3,19.705882352941178,43.0,18.941176470588236,36.0,43.15686274509804,40.37535014005602,41.38680926916221
2022_04_JAX_PHI,2022,4,2022-10-02,PHI,JAX,50,2022-02-13,2022-09-29,46.06666666666667,18,3,25.5,86.0,23.11111111111111,50.0,17,3,14.882352941176471,84.0,26.88235294117647,38.0,45.18790849673203,44.250233426704014,44.59120617944147
2022_04_KC_TB,2022,4,2022-10-02,TB,KC,72,2022-02-13,2022-09-29,46.06666666666667,19,3,29.94736842105263,51.0,20.94736842105263,27.0,20,3,29.4,88.0,22.4,65.0,51.34736842105263,45.841353383458646,47.84354066985645
2022_04_LAC_HOU,2022,4,2022-10-02,HOU,LAC,58,2022-02-13,2022-09-29,46.06666666666667,17,3,16.470588235294116,49.0,26.58823529411765,59.0,17,3,27.88235294117647,58.0,27.0,84.0,48.970588235294116,45.84033613445378,46.978609625668454
2022_04_MIN_NO,2022,4,2022-10-02,NO,MIN,53,2022-02-13,2022-09-29,46.06666666666667,17,3,21.41176470588235,51.0,19.705882352941178,68.0,17,3,25.0,58.0,25.058823529411764,55.0,45.588235294117645,42.6218487394958,43.70053475935829
2022_04_NE_GB,2022,4,2022-10-02,GB,NE,51,2022-02-13,2022-09-29,46.06666666666667,18,3,25.555555555555557,48.0,21.333333333333332,45.0,18,3,26.61111111111111,50.0,19.444444444444443,71.0,46.47222222222222,41.84126984126984,43.525252525252526
2022_04_NYJ_PIT,2022,4,2022-10-02,PIT,NYJ,44,2022-02-13,2022-09-29,46.06666666666667,18,3,20.22222222222222,54.0,24.444444444444443,66.0,17,3,18.235294117647058,52.0,29.647058823529413,81.0,46.27450980392157,44.5140056022409,45.1541889483066
2022_04_SEA_DET,2022,4,2022-10-02,DET,SEA,93,2022-02-13,2022-09-29,46.06666666666667,17,3,19.11764705882353,95.0,27.470588235294116,93.0,17,3,23.235294117647058,47.0,21.529411764705884,70.0,45.67647058823529,47.88655462184874,47.08288770053476
2022_04_TEN_IND,2022,4,2022-10-02,IND,TEN,41,2022-02-13,2022-09-29,46.06666666666667,17,3,26.529411764705884,40.0,21.470588235294116,61.0,18,3,24.166666666666668,51.0,20.72222222222222,84.0,46.44444444444444,43.3968253968254,44.505050505050505
2022_04_WAS_DAL,2022,4,2022-10-02,DAL,WAS,35,2022-02-13,2022-09-29,46.06666666666667,18,3,30.38888888888889,46.0,21.166666666666668,52.0,17,3,19.705882352941178,63.0,25.529411764705884,82.0,48.39542483660131,45.011671335200745,46.24212715389186
2022_04_LA_SF,2022,4,2022-10-03,SF,LAR,33,2022-02-13,2022-10-02,46.06666666666667,20,3,24.0,47.0,20.6,37.0,21,3,27.0,61.0,21.285714285714285,70.0,46.44285714285714,41.89591836734694,43.54935064935065
2022_05_IND_DEN,2022,5,2022-10-06,DEN,IND,21,2022-02-13,2022-10-03,46.06666666666667,17,4,19.705882352941178,66.0,18.941176470588236,68.0,17,4,26.529411764705884,57.0,21.470588235294116,85.0,43.32352941176471,38.91176470588235,40.38235294117647
2022_05_ATL_TB,2022,5,2022-10-09,TB,ATL,36,2022-02-13,2022-10-06,46.06666666666667,19,4,29.94736842105263,82.0,20.94736842105263,68.0,17,4,18.41176470588235,103.0,27.0,101.0,48.153250773993804,46.2016253869969,46.85216718266254
2022_05_CHI_MIN,2022,5,2022-10-09,MIN,CHI,51,2022-02-13,2022-10-06,46.06666666666667,17,4,25.0,86.0,25.058823529411764,80.0,17,4,18.294117647058822,64.0,23.941176470588236,77.0,46.14705882352941,42.26102941176471,43.556372549019606
2022_05_CIN_BAL,2022,5,2022-10-09,BAL,CIN,36,2022-02-13,2022-10-06,46.06666666666667,17,4,22.764705882352942,119.0,23.058823529411764,100.0,21,4,26.285714285714285,91.0,21.80952380952381,70.0,46.9593837535014,47.2296918767507,47.139589169000935
2022_05_DAL_LA,2022,5,2022-10-09,LAR,DAL,32,2022-02-13,2022-10-06,46.06666666666667,21,4,27.0,70.0,21.285714285714285,94.0,18,4,30.38888888888889,71.0,21.166666666666668,62.0,49.920634920634924,43.52281746031746,45.65542328042328
2022_05_DET_NE,2022,5,2022-10-09,NE,DET,29,2022-02-13,2022-10-06,46.06666666666667,18,4,26.61111111111111,74.0,19.444444444444443,98.0,17,4,19.11764705882353,140.0,27.470588235294116,141.0,46.3218954248366,51.4734477124183,49.75626361655773
2022_05_HOU_JAX,2022,5,2022-10-09,JAX,HOU,19,2022-02-13,2022-10-06,46.06666666666667,17,4,14.882352941176471,105.0,26.88235294117647,67.0,17,4,16.470588235294116,73.0,26.58823529411765,93.0,42.411764705882355,42.330882352941174,42.3578431372549
2022_05_LAC_CLE,2022,5,2022-10-09,CLE,LAC,58,2022-02-13,2022-10-06,46.06666666666667,17,4,20.529411764705884,105.0,21.823529411764707,95.0,17,4,27.88235294117647,92.0,27.0,108.0,48.61764705882353,49.30882352941177,49.07843137254902
2022_05_MIA_NYJ,2022,5,2022-10-09,NYJ,MIA,57,2022-02-13,2022-10-06,46.06666666666667,17,4,18.235294117647058,76.0,29.647058823529413,101.0,17,4,20.058823529411764,98.0,21.941176470588236,91.0,44.94117647058823,45.345588235294116,45.21078431372549
2022_05_NYG_GB,2022,5,2022-10-09,GB,NYG,49,2022-02-13,2022-10-06,46.06666666666667,18,4,25.555555555555557,75.0,21.333333333333332,69.0,17,4,15.176470588235293,76.0,24.470588235294116,71.0,43.26797385620915,39.82148692810458,40.97031590413943
2022_05_PHI_ARI,2022,5,2022-10-09,ARI,PHI,37,2022-02-13,2022-10-06,46.06666666666667,18,4,25.555555555555557,88.0,22.22222222222222,103.0,18,4,25.5,115.0,23.11111111111111,71.0,48.19444444444444,47.65972222222222,47.83796296296296
2022_05_PIT_BUF,2022,5,2022-10-09,BUF,PIT,41,2022-02-13,2022-10-06,46.06666666666667,19,4,29.789473684210527,114.0,18.31578947368421,58.0,18,4,20.22222222222222,74.0,24.444444444444443,90.0,46.3859649122807,44.19298245614035,44.92397660818713
2022_05_SEA_NO,2022,5,2022-10-09,NO,SEA,71,2022-02-13,2022-10-06,46.06666666666667,17,4,21.41176470588235,76.0,19.705882352941178,96.0,17,4,23.235294117647058,95.0,21.529411764705884,115.0,42.94117647058823,45.345588235294116,44.544117647058826
2022_05_SF_CAR,2022,5,2022-10-09,CAR,SF,52,2022-02-13,2022-10-06,46.06666666666667,17,4,17.88235294117647,78.0,23.764705882352942,85.0,20,4,24.0,71.0,20.6,46.0,43.12352941176471,39.061764705882354,40.4156862745098
2022_05_TEN_WAS,2022,5,2022-10-09,WAS,TEN,38,2022-02-13,2022-10-06,46.06666666666667,17,4,19.705882352941178,73.0,25.529411764705884,107.0,18,4,24.166666666666668,75.0,20.72222222222222,101.0,45.06209150326798,44.78104575163399,44.87472766884532
2022_05_LV_KC,2022,5,2022-10-10,KC,LV,59,2022-02-13,2022-10-09,46.06666666666667,20,4,29.4,129.0,22.4,96.0,18,4,21.833333333333332,96.0,25.833333333333332,100.0,49.733333333333334,51.17916666666666,50.69722222222222
2022_06_WAS_CHI,2022,6,2022-10-13,CHI,WAS,19,2022-02-13,2022-10-10,46.06666666666667,17,5,18.294117647058822,86.0,23.941176470588236,106.0,17,5,19.705882352941178,90.0,25.529411764705884,128.0,43.73529411764706,42.21568627450981,42.68325791855204
2022_06_ARI_SEA,2022,6,2022-10-16,SEA,ARI,28,2022-02-13,2022-10-13,46.06666666666667,17,5,23.235294117647058,127.0,21.529411764705884,154.0,18,5,25.555555555555557,105.0,22.22222222222222,123.0,46.271241830065364,48.84277414669572,48.05153343388638
2022_06_BAL_NYG,2022,6,2022-10-16,NYG,BAL,44,2022-02-13,2022-10-13,46.06666666666667,17,5,15.176470588235293,103.0,24.470588235294116,93.0,17,5,22.764705882352942,138.0,23.058823529411764,117.0,42.73529411764706,44.049019607843135,43.6447963800905
2022_06_BUF_KC,2022,6,2022-10-16,KC,BUF,44,2022-02-13,2022-10-13,46.06666666666667,20,5,29.4,159.0,22.4,125.0,19,5,29.789473684210527,152.0,18.31578947368421,61.0,49.95263157894737,49.81228070175438,49.855465587044534
2022_06_CAR_LA,2022,6,2022-10-16,LAR,CAR,34,2022-02-13,2022-10-13,46.06666666666667,21,5,27.0,80.0,21.285714285714285,116.0,17,5,17.88235294117647,93.0,23.764705882352942,122.0,44.96638655462185,42.81839402427637,43.479314802844215
2022_06_CIN_NO,2022,6,2022-10-16,NO,CIN,56,2022-02-13,2022-10-13,46.06666666666667,17,5,21.41176470588235,115.0,19.705882352941178,128.0,21,5,26.285714285714285,108.0,21.80952380952381,89.0,44.60644257703081,44.26953003423591,44.37319543201896
2022_06_DAL_PHI,2022,6,2022-10-16,PHI,DAL,43,2022-02-13,2022-10-13,46.06666666666667,18,5,25.5,135.0,23.11111111111111,88.0,18,5,30.38888888888889,93.0,21.166666666666668,72.0,50.083333333333336,43.81481481481482,45.743589743589745
2022_06_JAX_IND,2022,6,2022-10-16,IND,JAX,61,2022-02-13,2022-10-13,46.06666666666667,17,5,26.529411764705884,69.0,21.470588235294116,94.0,17,5,14.882352941176471,111.0,26.88235294117647,80.0,44.88235294117647,39.614379084967325,41.23529411764706
2022_06_MIN_MIA,2022,6,2022-10-16,MIA,MIN,40,2022-02-13,2022-10-13,46.06666666666667,17,5,20.058823529411764,115.0,21.941176470588236,131.0,17,5,25.0,115.0,25.058823529411764,102.0,46.029411764705884,46.1797385620915,46.133484162895925
2022_06_NE_CLE,2022,6,2022-10-16,CLE,NE,53,2022-02-13,2022-10-13,46.06666666666667,17,5,20.529411764705884,133.0,21.823529411764707,125.0,18,5,26.61111111111111,103.0,19.444444444444443,98.0,44.204248366013076,45.146332607116925,44.85646053293112
2022_06_NYJ_GB,2022,6,2022-10-16,GB,NYJ,37,2022-02-13,2022-10-13,46.06666666666667,18,5,25.555555555555557,97.0,21.333333333333332,96.0,17,5,18.235294117647058,116.0,29.647058823529413,118.0,47.38562091503268,44.782498184458966,45.583459024635495
2022_06_SF_ATL,2022,6,2022-10-16,ATL,SF,42,2022-02-13,2022-10-13,46.06666666666667,17,5,18.41176470588235,118.0,27.0,122.0,20,5,24.0,108.0,20.6,61.0,45.00588235294118,42.72483660130719,43.42669683257918
2022_06_TB_PIT,2022,6,2022-10-16,PIT,TB,38,2022-02-13,2022-10-13,46.06666666666667,18,5,20.22222222222222,77.0,24.444444444444443,128.0,19,5,29.94736842105263,103.0,20.94736842105263,83.0,47.78070175438596,42.95808966861598,44.44197031039136
2022_06_DEN_LAC,2022,6,2022-10-17,LAC,DEN,35,2022-02-13,2022-10-16,46.06666666666667,17,5,27.88235294117647,122.0,27.0,136.0,17,5,19.705882352941178,75.0,18.941176470588236,80.0,46.76470588235294,43.728758169934636,44.66289592760181
2022_07_NO_ARI,2022,7,2022-10-20,ARI,NO,76,2022-02-13,2022-10-17,46.06666666666667,18,6,25.555555555555557,114.0,22.22222222222222,142.0,17,6,21.41176470588235,141.0,19.705882352941178,158.0,44.447712418300654,45.52908496732026,45.22012138188609
2022_07_ATL_CIN,2022,7,2022-10-23,CIN,ATL,52,2022-02-13,2022-10-20,46.06666666666667,21,6,26.285714285714285,138.0,21.80952380952381,115.0,17,6,18.41176470588235,146.0,27.0,136.0,46.753501400560225,45.45140056022409,45.823429371748695
2022_07_CLE_BAL,2022,7,2022-10-23,BAL,CLE,43,2022-02-13,2022-10-20,46.06666666666667,17,6,22.764705882352942,158.0,23.058823529411764,141.0,17,6,20.529411764705884,148.0,21.823529411764707,163.0,44.08823529411765,48.135294117647064,46.97899159663866
2022_07_DET_DAL,2022,7,2022-10-23,DAL,DET,30,2022-02-13,2022-10-20,46.06666666666667,18,6,30.38888888888889,110.0,21.166666666666668,98.0,17,5,19.11764705882353,140.0,27.470588235294116,170.0,49.0718954248366,48.286274509803924,48.41664871076636
2022_07_GB_WAS,2022,7,2022-10-23,WAS,GB,44,2022-02-13,2022-10-20,46.06666666666667,17,6,19.705882352941178,102.0,25.529411764705884,135.0,18,6,25.555555555555557,107.0,21.333333333333332,123.0,46.06209150326798,41.774836601307186,42.999766573295986
2022_07_HOU_LV,2022,7,2022-10-23,LV,HOU,58,2022-02-13,2022-10-20,46.06666666666667,18,5,21.833333333333332,125.0,25.833333333333332,130.0,17,5,16.470588235294116,86.0,26.58823529411765,99.0,45.36274509803921,44.605664488017425,44.83861236802413
2022_07_IND_TEN,2022,7,2022-10-23,TEN,IND,29,2022-02-13,2022-10-20,46.06666666666667,18,5,24.166666666666668,96.0,20.72222222222222,118.0,17,6,26.529411764705884,103.0,21.470588235294116,121.0,46.44444444444444,42.6641975308642,43.757020757020754
2022_07_KC_SF,2022,7,2022-10-23,SF,KC,67,2022-02-13,2022-10-20,46.06666666666667,20,6,24.0,122.0,20.6,89.0,20,6,29.4,179.0,22.4,149.0,48.2,46.230000000000004,46.792857142857144
2022_07_NYG_JAX,2022,7,2022-10-23,JAX,NYG,40,2022-02-13,2022-10-20,46.06666666666667,17,6,14.882352941176471,138.0,26.88235294117647,114.0,17,6,15.176470588235293,127.0,24.470588235294116,113.0,40.705882352941174,40.88235294117647,40.831932773109244
2022_07_NYJ_DEN,2022,7,2022-10-23,DEN,NYJ,25,2022-02-13,2022-10-20,46.06666666666667,17,6,19.705882352941178,91.0,18.941176470588236,99.0,17,6,18.235294117647058,143.0,29.647058823529413,128.0,43.26470588235294,40.35588235294118,41.186974789915965
2022_07_PIT_MIA,2022,7,2022-10-23,MIA,PIT,26,2022-02-13,2022-10-20,46.06666666666667,17,6,20.058823529411764,131.0,21.941176470588236,155.0,18,6,20.22222222222222,97.0,24.444444444444443,146.0,43.33333333333333,43.78333333333333,43.654761904761905
2022_07_SEA_LAC,2022,7,2022-10-23,LAC,SEA,60,2022-02-13,2022-10-20,46.06666666666667,17,6,27.88235294117647,141.0,27.0,152.0,17,6,23.235294117647058,146.0,21.529411764705884,163.0,49.82352941176471,50.029411764705884,49.970588235294116
2022_07_TB_CAR,2022,7,2022-10-23,CAR,TB,24,2022-02-13,2022-10-20,46.06666666666667,17,6,17.88235294117647,103.0,23.764705882352942,146.0,19,6,29.94736842105263,121.0,20.94736842105263,103.0,46.27089783281734,42.158359133126936,43.333370190181334
2022_07_CHI_NE,2022,7,2022-10-24,NE,CHI,47,2022-02-13,2022-10-23,46.06666666666667,18,6,26.61111111111111,141.0,19.444444444444443,113.0,17,6,18.294117647058822,93.0,23.941176470588236,118.0,44.14542483660131,40.908169934640526,41.833099906629315
2022_08_BAL_TB,2022,8,2022-10-27,TB,BAL,49,2022-02-13,2022-10-24,46.06666666666667,19,7,29.94736842105263,124.0,20.94736842105263,124.0,17,7,22.764705882352942,181.0,23.058823529411764,161.0,48.359133126934985,44.403321137067266,45.45820433436533
2022_08_ARI_MIN,2022,8,2022-10-30,MIN,ARI,60,2022-02-13,2022-10-27,46.06666666666667,17,6,25.0,139.0,25.058823529411764,118.0,18,7,25.555555555555557,156.0,22.22222222222222,176.0,48.91830065359477,46.63954248366013,47.2884998443822
2022_08_CAR_ATL,2022,8,2022-10-30,ATL,CAR,71,2022-02-13,2022-10-27,46.06666666666667,17,7,18.41176470588235,163.0,27.0,171.0,17,7,17.88235294117647,124.0,23.764705882352942,149.0,43.529411764705884,43.419786096256686,43.44901960784314
2022_08_CHI_DAL,2022,8,2022-10-30,DAL,CHI,78,2022-02-13,2022-10-27,46.06666666666667,18,7,30.38888888888889,134.0,21.166666666666668,104.0,17,7,18.294117647058822,126.0,23.941176470588236,132.0,46.89542483660131,39.598336304218655,41.544226579520696
2022_08_DEN_JAX,2022,8,2022-10-30,JAX,DEN,38,2022-02-13,2022-10-27,46.06666666666667,17,7,14.882352941176471,155.0,26.88235294117647,137.0,17,7,19.705882352941178,100.0,18.941176470588236,115.0,40.205882352941174,37.66577540106952,38.34313725490196
2022_08_GB_BUF,2022,8,2022-10-30,BUF,GB,44,2022-02-13,2022-10-27,46.06666666666667,19,6,29.789473684210527,176.0,18.31578947368421,81.0,18,7,25.555555555555557,128.0,21.333333333333332,146.0,47.49707602339181,43.45085061137692,44.5599693678641
2022_08_LV_NO,2022,8,2022-10-30,NO,LV,24,2022-02-13,2022-10-27,46.06666666666667,17,7,21.41176470588235,175.0,19.705882352941178,200.0,18,6,21.833333333333332,163.0,25.833333333333332,150.0,44.3921568627451,49.70472370766488,48.26232492997198
2022_08_MIA_DET,2022,8,2022-10-30,DET,MIA,58,2022-02-13,2022-10-27,46.06666666666667,17,6,19.11764705882353,146.0,27.470588235294116,194.0,17,7,20.058823529411764,147.0,21.941176470588236,165.0,44.294117647058826,48.135828877005345,47.05378151260504
2022_08_NE_NYJ,2022,8,2022-10-30,NYJ,NE,39,2022-02-13,2022-10-27,46.06666666666667,17,7,18.235294117647058,159.0,29.647058823529413,137.0,18,7,26.61111111111111,155.0,19.444444444444443,146.0,46.96895424836601,44.215983363042184,44.95010893246187
2022_08_NYG_SEA,2022,8,2022-10-30,SEA,NYG,40,2022-02-13,2022-10-27,46.06666666666667,17,7,23.235294117647058,183.0,21.529411764705884,186.0,17,7,15.176470588235293,150.0,24.470588235294116,130.0,42.205882352941174,44.8475935828877,44.14313725490196
2022_08_PIT_PHI,2022,8,2022-10-30,PHI,PIT,48,2022-02-13,2022-10-27,46.06666666666667,18,6,25.5,161.0,23.11111111111111,105.0,18,7,20.22222222222222,107.0,24.444444444444443,162.0,46.638888888888886,43.37070707070707,44.266666666666666
2022_08_SF_LA,2022,8,2022-10-30,LAR,SF,45,2022-02-13,2022-10-27,46.06666666666667,21,6,27.0,104.0,21.285714285714285,126.0,20,7,24.0,145.0,20.6,133.0,46.44285714285714,41.9025974025974,43.170204081632654
2022_08_TEN_HOU,2022,8,2022-10-30,HOU,TEN,27,2022-02-13,2022-10-27,46.06666666666667,17,6,16.470588235294116,106.0,26.58823529411765,137.0,18,6,24.166666666666668,115.0,20.72222222222222,128.0,43.97385620915033,41.88954248366013,42.485060690943044
2022_08_WAS_IND,2022,8,2022-10-30,IND,WAS,33,2022-02-13,2022-10-27,46.06666666666667,17,7,26.529411764705884,113.0,21.470588235294116,140.0,17,7,19.705882352941178,125.0,25.529411764705884,156.0,46.61764705882353,41.224598930481285,42.66274509803922
2022_08_CIN_CLE,2022,8,2022-10-31,CLE,CIN,45,2022-02-13,2022-10-30,46.06666666666667,17,7,20.529411764705884,168.0,21.823529411764707,186.0,21,7,26.285714285714285,173.0,21.80952380952381,132.0,45.22408963585434,46.399668958492484,46.08618113912232
2022_09_PHI_HOU,2022,9,2022-11-03,HOU,PHI,46,2022-02-13,2022-10-31,46.06666666666667,17,7,16.470588235294116,116.0,26.58823529411765,154.0,18,7,25.5,196.0,23.11111111111111,118.0,45.83496732026144,43.21271538918598,43.9119825708061
2022_09_BUF_NYJ,2022,9,2022-11-06,NYJ,BUF,37,2022-02-13,2022-11-03,46.06666666666667,17,8,18.235294117647058,176.0,29.647058823529413,159.0,19,7,29.789473684210527,203.0,18.31578947368421,98.0,47.9938080495356,44.366955155267846,45.300741744066045
2022_09_CAR_CIN,2022,9,2022-11-06,CIN,CAR,63,2022-02-13,2022-11-03,46.06666666666667,21,8,26.285714285714285,186.0,21.80952380952381,164.0,17,8,17.88235294117647,158.0,23.764705882352942,186.0,44.871148459383754,43.873716153127916,44.12307422969188
2022_09_GB_DET,2022,9,2022-11-06,DET,GB,24,2022-02-13,2022-11-03,46.06666666666667,17,7,19.11764705882353,173.0,27.470588235294116,225.0,18,8,25.555555555555557,145.0,21.333333333333332,173.0,46.73856209150327,47.62631214101802,47.34991830065359
2022_09_IND_NE,2022,9,2022-11-06,NE,IND,29,2022-02-13,2022-11-03,46.06666666666667,18,8,26.61111111111111,177.0,19.444444444444443,163.0,17,8,26.529411764705884,129.0,21.470588235294116,157.0,47.02777777777778,41.75925925925926,43.076388888888886
2022_09_LAC_ATL,2022,9,2022-11-06,ATL,LAC,37,2022-02-13,2022-11-03,46.06666666666667,17,8,18.41176470588235,200.0,27.0,205.0,17,7,27.88235294117647,164.0,27.0,189.0,50.14705882352941,50.46769162210339,50.41115196078431
2022_09_LA_TB,2022,9,2022-11-06,TB,LAR,29,2022-02-13,2022-11-03,46.06666666666667,19,8,29.94736842105263,146.0,20.94736842105263,151.0,21,7,27.0,118.0,21.285714285714285,157.0,49.59022556390977,42.136676919571656,44.04779135338346
2022_09_LV_JAX,2022,9,2022-11-06,JAX,LV,47,2022-02-13,2022-11-03,46.06666666666667,17,8,14.882352941176471,172.0,26.88235294117647,158.0,18,7,21.833333333333332,163.0,25.833333333333332,174.0,44.71568627450981,44.69563279857397,44.698120915032675
2022_09_MIA_CHI,2022,9,2022-11-06,CHI,MIA,67,2022-02-13,2022-11-03,46.06666666666667,17,8,18.294117647058822,155.0,23.941176470588236,181.0,17,8,20.058823529411764,178.0,21.941176470588236,192.0,42.11764705882353,43.455882352941174,43.12132352941177
2022_09_MIN_WAS,2022,9,2022-11-06,WAS,MIN,37,2022-02-13,2022-11-03,46.06666666666667,17,8,19.705882352941178,142.0,25.529411764705884,172.0,17,7,25.0,173.0,25.058823529411764,144.0,47.64705882352941,44.13324420677362,45.03700980392157
2022_09_SEA_ARI,2022,9,2022-11-06,ARI,SEA,52,2022-02-13,2022-11-03,46.06666666666667,18,8,25.555555555555557,182.0,22.22222222222222,210.0,17,8,23.235294117647058,210.0,21.529411764705884,199.0,46.271241830065364,48.79874727668846,48.16687091503268
2022_09_TEN_KC,2022,9,2022-11-06,KC,TEN,37,2022-02-13,2022-11-03,46.06666666666667,20,7,29.4,223.0,22.4,172.0,18,7,24.166666666666668,132.0,20.72222222222222,138.0,48.34444444444444,47.80707070707071,47.95037037037037
2022_09_BAL_NO,2022,9,2022-11-07,NO,BAL,40,2022-02-13,2022-11-06,46.06666666666667,17,8,21.41176470588235,199.0,19.705882352941178,200.0,17,8,22.764705882352942,208.0,23.058823529411764,183.0,43.470588235294116,47.40686274509804,46.42279411764706
2022_10_ATL_CAR,2022,10,2022-11-10,CAR,ATL,40,2022-02-13,2022-11-07,46.06666666666667,17,9,17.88235294117647,179.0,23.764705882352942,228.0,17,9,18.41176470588235,217.0,27.0,225.0,43.529411764705884,46.047511312217196,45.45501730103806
2022_10_ARI_LA,2022,10,2022-11-13,LAR,ARI,44,2022-02-13,2022-11-10,46.06666666666667,21,8,27.0,131.0,21.285714285714285,173.0,18,9,25.555555555555557,203.0,22.22222222222222,241.0,48.03174603174603,45.14163614163614,45.87208216619982
2022_10_CLE_MIA,2022,10,2022-11-13,MIA,CLE,56,2022-02-13,2022-11-10,46.06666666666667,17,9,20.058823529411764,213.0,21.941176470588236,224.0,17,8,20.529411764705884,200.0,21.823529411764707,199.0,42.1764705882353,46.953054298642535,45.79227941176471
2022_10_DAL_GB,2022,10,2022-11-13,GB,DAL,59,2022-02-13,2022-11-10,46.06666666666667,18,9,25.555555555555557,154.0,21.333333333333332,188.0,18,8,30.38888888888889,183.0,21.166666666666668,133.0,49.22222222222222,42.12678062678063,43.85539215686274
2022_10_DEN_TEN,2022,10,2022-11-13,TEN,DEN,27,2022-02-13,2022-11-10,46.06666666666667,18,8,24.166666666666668,149.0,20.72222222222222,158.0,17,8,19.705882352941178,121.0,18.941176470588236,132.0,41.76797385620915,37.25599128540305,38.38398692810458
2022_10_DET_CHI,2022,10,2022-11-13,CHI,DET,61,2022-02-13,2022-11-10,46.06666666666667,17,9,18.294117647058822,187.0,23.941176470588236,216.0,17,8,19.11764705882353,188.0,27.470588235294116,234.0,44.41176470588235,47.34577677224736,46.625216262975776
2022_10_HOU_NYG,2022,10,2022-11-13,NYG,HOU,40,2022-02-13,2022-11-10,46.06666666666667,17,8,15.176470588235293,163.0,24.470588235294116,157.0,17,8,16.470588235294116,133.0,26.58823529411765,183.0,41.35294117647059,40.28431372549019,40.55147058823529
2022_10_IND_LV,2022,10,2022-11-13,LV,IND,45,2022-02-13,2022-11-10,46.06666666666667,18,8,21.833333333333332,183.0,25.833333333333332,201.0,17,9,26.529411764705884,132.0,21.470588235294116,183.0,47.83333333333333,43.44444444444444,44.475490196078425
2022_10_JAX_KC,2022,10,2022-11-13,KC,JAX,44,2022-02-13,2022-11-10,46.06666666666667,20,8,29.4,243.0,22.4,189.0,17,9,14.882352941176471,199.0,26.88235294117647,178.0,46.78235294117647,47.55867269984917,47.36522491349481
2022_10_LAC_SF,2022,10,2022-11-13,SF,LAC,38,2022-02-13,2022-11-10,46.06666666666667,20,8,24.0,176.0,20.6,147.0,17,8,27.88235294117647,184.0,27.0,206.0,49.741176470588236,46.28872549019608,47.15183823529412
2022_10_MIN_BUF,2022,10,2022-11-13,BUF,MIN,63,2022-02-13,2022-11-10,46.06666666666667,19,8,29.789473684210527,220.0,18.31578947368421,118.0,17,8,25.0,193.0,25.058823529411764,161.0,49.082043343653254,45.19401444788441,46.16602167182663
2022_10_NO_PIT,2022,10,2022-11-13,PIT,NO,30,2022-02-13,2022-11-10,46.06666666666667,18,8,20.22222222222222,120.0,24.444444444444443,197.0,17,9,21.41176470588235,212.0,19.705882352941178,227.0,42.8921568627451,43.86318501759678,43.659421856978085
2022_10_SEA_TB,2022,10,2022-11-13,TB,SEA,37,2022-02-13,2022-11-10,46.06666666666667,19,9,29.94736842105263,162.0,20.94736842105263,164.0,17,9,23.235294117647058,241.0,21.529411764705884,220.0,47.8297213622291,44.98606811145511,45.65516299399016
2022_10_WAS_PHI,2022,10,2022-11-14,PHI,WAS,53,2022-02-13,2022-11-13,46.06666666666667,18,8,25.5,225.0,23.11111111111111,135.0,17,9,19.705882352941178,159.0,25.529411764705884,192.0,46.923202614379086,43.5611278699514,44.36990580545944
2022_11_TEN_GB,2022,11,2022-11-17,GB,TEN,44,2022-02-13,2022-11-14,46.06666666666667,18,10,25.555555555555557,185.0,21.333333333333332,216.0,18,9,24.166666666666668,166.0,20.72222222222222,168.0,45.888888888888886,40.77197802197802,41.94426289034132
2022_11_CAR_BAL,2022,11,2022-11-20,BAL,CAR,16,2022-02-13,2022-11-17,46.06666666666667,17,9,22.764705882352942,235.0,23.058823529411764,196.0,17,10,17.88235294117647,204.0,23.764705882352942,243.0,43.73529411764706,45.540562378797674,45.1300461361015
2022_11_CHI_ATL,2022,11,2022-11-20,ATL,CHI,51,2022-02-13,2022-11-17,46.06666666666667,17,10,18.41176470588235,232.0,27.0,250.0,17,10,18.294117647058822,217.0,23.941176470588236,247.0,43.8235294117647,46.30672268907563,45.75490196078431
2022_11_CIN_PIT,2022,11,2022-11-20,PIT,CIN,67,2022-02-13,2022-11-17,46.06666666666667,18,9,20.22222222222222,140.0,24.444444444444443,207.0,21,9,26.285714285714285,228.0,21.80952380952381,185.0,46.38095238095238,43.501831501831504,44.17927170868347
2022_11_CLE_BUF,2022,11,2022-11-20,BUF,CLE,54,2022-02-13,2022-11-17,46.06666666666667,19,9,29.789473684210527,250.0,18.31578947368421,151.0,17,9,20.529411764705884,217.0,21.823529411764707,238.0,45.22910216718266,46.83972374374851,46.46075396102714
2022_11_DAL_MIN,2022,11,2022-11-20,MIN,DAL,43,2022-02-13,2022-11-17,46.06666666666667,17,9,25.0,226.0,25.058823529411764,191.0,18,9,30.38888888888889,211.0,21.166666666666668,164.0,50.80718954248366,46.09451985922574,47.203383314109956
2022_11_DET_NYG,2022,11,2022-11-20,NYG,DET,49,2022-02-13,2022-11-17,46.06666666666667,17,9,15.176470588235293,187.0,24.470588235294116,173.0,17,9,19.11764705882353,219.0,27.470588235294116,264.0,43.11764705882353,45.69004524886878,45.08477508650519
2022_11_KC_LAC,2022,11,2022-11-20,LAC,KC,57,2022-02-13,2022-11-17,46.06666666666667,17,9,27.88235294117647,200.0,27.0,228.0,20,9,29.4,270.0,22.4,206.0,53.34117647058824,51.18190045248869,51.68996539792387
2022_11_LA_NO,2022,11,2022-11-20,NO,LAR,47,2022-02-13,2022-11-17,46.06666666666667,17,10,21.41176470588235,222.0,19.705882352941178,247.0,21,9,27.0,148.0,21.285714285714285,200.0,44.70168067226891,43.43713639301875,43.761671335200745
2022_11_LV_DEN,2022,11,2022-11-20,DEN,LV,38,2022-02-13,2022-11-17,46.06666666666667,17,9,19.705882352941178,131.0,18.941176470588236,149.0,18,9,21.833333333333332,203.0,25.833333333333332,226.0,43.15686274509804,40.548265460030166,41.162053056516726
2022_11_NYJ_NE,2022,11,2022-11-20,NE,NYJ,13,2022-02-13,2022-11-17,46.06666666666667,18,9,26.61111111111111,203.0,19.444444444444443,166.0,17,9,18.235294117647058,196.0,29.647058823529413,176.0,46.96895424836601,42.95198592257416,43.89715494040753
2022_11_PHI_IND,2022,11,2022-11-20,IND,PHI,33,2022-02-13,2022-11-17,46.06666666666667,17,10,26.529411764705884,157.0,21.470588235294116,203.0,18,9,25.5,246.0,23.11111111111111,167.0,48.30555555555556,43.07753357753358,44.251633986928105
2022_11_WAS_HOU,2022,11,2022-11-20,HOU,WAS,33,2022-02-13,2022-11-17,46.06666666666667,17,9,16.470588235294116,149.0,26.58823529411765,207.0,17,10,19.705882352941178,191.0,25.529411764705884,213.0,44.14705882352941,41.207498383968975,41.87658592848904
2022_11_SF_ARI,2022,11,2022-11-21,ARI,SF,48,2022-02-13,2022-11-20,46.06666666666667,18,10,25.555555555555557,230.0,22.22222222222222,258.0,20,9,24.0,198.0,20.6,163.0,46.18888888888889,45.0001221001221,45.28460421205519
2022_12_BUF_DET,2022,12,2022-11-24,DET,BUF,53,2022-02-13,2022-11-21,46.06666666666667,17,10,19.11764705882353,250.0,27.470588235294116,282.0,19,10,29.789473684210527,281.0,18.31578947368421,174.0,47.34674922600619,48.77764263600177,48.45966632266941
2022_12_NE_MIN,2022,12,2022-11-24,MIN,NE,59,2022-02-13,2022-11-21,46.06666666666667,17,10,25.0,229.0,25.058823529411764,231.0,18,10,26.61111111111111,213.0,19.444444444444443,169.0,48.057189542483655,43.80205415499533,44.747639796659406
2022_12_NYG_DAL,2022,12,2022-11-24,DAL,NYG,48,2022-02-13,2022-11-21,46.06666666666667,18,10,30.38888888888889,251.0,21.166666666666668,167.0,17,10,15.176470588235293,205.0,24.470588235294116,204.0,45.60130718954248,42.56465919701213,43.23946986201888
2022_12_ATL_WAS,2022,12,2022-11-27,WAS,ATL,32,2022-02-13,2022-11-24,46.06666666666667,17,11,19.705882352941178,214.0,25.529411764705884,223.0,17,11,18.41176470588235,259.0,27.0,274.0,45.32352941176471,44.41960784313726,44.60990712074303
2022_12_BAL_JAX,2022,12,2022-11-27,JAX,BAL,55,2022-02-13,2022-11-24,46.06666666666667,17,10,14.882352941176471,216.0,26.88235294117647,205.0,17,10,22.764705882352942,248.0,23.058823529411764,199.0,43.794117647058826,43.5126050420168,43.57516339869281
2022_12_CHI_NYJ,2022,12,2022-11-27,NYJ,CHI,41,2022-02-13,2022-11-24,46.06666666666667,17,10,18.235294117647058,199.0,29.647058823529413,186.0,17,11,18.294117647058822,241.0,23.941176470588236,274.0,45.05882352941177,43.38837535014005,43.77923976608187
2022_12_CIN_TEN,2022,12,2022-11-27,TEN,CIN,36,2022-02-13,2022-11-24,46.06666666666667,18,10,24.166666666666668,193.0,20.72222222222222,185.0,21,10,26.285714285714285,265.0,21.80952380952381,215.0,46.492063492063494,43.926303854875286,44.49647266313933
2022_12_DEN_CAR,2022,12,2022-11-27,CAR,DEN,33,2022-02-13,2022-11-24,46.06666666666667,17,11,17.88235294117647,207.0,23.764705882352942,256.0,17,10,19.705882352941178,147.0,18.941176470588236,171.0,40.14705882352941,37.86442577030812,38.37358101135191
2022_12_GB_PHI,2022,12,2022-11-27,PHI,GB,73,2022-02-13,2022-11-24,46.06666666666667,18,10,25.5,263.0,23.11111111111111,183.0,18,11,25.555555555555557,202.0,21.333333333333332,243.0,47.75,43.958201058201055,44.773229369720596
2022_12_HOU_MIA,2022,12,2022-11-27,MIA,HOU,45,2022-02-13,2022-11-24,46.06666666666667,17,10,20.058823529411764,252.0,21.941176470588236,241.0,17,10,16.470588235294116,159.0,26.58823529411765,230.0,42.529411764705884,43.65126050420168,43.40196078431372
2022_12_LAC_ARI,2022,12,2022-11-27,ARI,LAC,49,2022-02-13,2022-11-24,46.06666666666667,18,11,25.555555555555557,240.0,22.22222222222222,296.0,17,10,27.88235294117647,227.0,27.0,258.0,51.330065359477125,49.39880174291939,49.832043343653254
2022_12_LA_KC,2022,12,2022-11-27,KC,LAR,36,2022-02-13,2022-11-24,46.06666666666667,20,10,29.4,300.0,22.4,233.0,21,10,27.0,168.0,21.285714285714285,227.0,50.042857142857144,47.44081632653061,48.01904761904762
2022_12_LV_SEA,2022,12,2022-11-27,SEA,LV,74,2022-02-13,2022-11-24,46.06666666666667,17,10,23.235294117647058,257.0,21.529411764705884,241.0,18,10,21.833333333333332,225.0,25.833333333333332,242.0,46.21568627450981,47.6687675070028,47.3458605664488
2022_12_NO_SF,2022,12,2022-11-27,SF,NO,13,2022-02-13,2022-11-24,46.06666666666667,20,10,24.0,236.0,20.6,173.0,17,11,21.41176470588235,249.0,19.705882352941178,267.0,42.858823529411765,43.6609243697479,43.50751633986928
2022_12_TB_CLE,2022,12,2022-11-27,CLE,TB,40,2022-02-13,2022-11-24,46.06666666666667,17,10,20.529411764705884,240.0,21.823529411764707,269.0,19,10,29.94736842105263,183.0,20.94736842105263,180.0,46.62383900928793,44.46395400265369,44.943928448572414
2022_12_PIT_IND,2022,12,2022-11-28,IND,PIT,41,2022-02-13,2022-11-27,46.06666666666667,17,11,26.529411764705884,173.0,21.470588235294116,220.0,18,10,20.22222222222222,170.0,24.444444444444443,244.0,46.33333333333333,40.666666666666664,41.873294346978554
2022_13_BUF_NE,2022,13,2022-12-01,NE,BUF,34,2022-02-13,2022-11-28,46.06666666666667,18,11,26.61111111111111,239.0,19.444444444444443,202.0,19,11,29.789473684210527,309.0,18.31578947368421,199.0,47.08040935672514,44.18810916179337,44.797014465989534
2022_13_CLE_HOU,2022,13,2022-12-04,HOU,CLE,41,2022-02-13,2022-12-01,46.06666666666667,17,11,16.470588235294116,174.0,26.58823529411765,260.0,17,11,20.529411764705884,263.0,21.823529411764707,286.0,42.705882352941174,44.154901960784315,43.849845201238395
2022_13_DEN_BAL,2022,13,2022-12-04,BAL,DEN,19,2022-02-13,2022-12-01,46.06666666666667,17,11,22.764705882352942,275.0,23.058823529411764,227.0,17,11,19.705882352941178,157.0,18.941176470588236,194.0,42.23529411764706,39.69607843137255,40.23065015479876
2022_13_GB_CHI,2022,13,2022-12-04,CHI,GB,47,2022-02-13,2022-12-01,46.06666666666667,17,12,18.294117647058822,251.0,23.941176470588236,305.0,18,12,25.555555555555557,235.0,21.333333333333332,283.0,44.56209150326797,44.70302287581699,44.674836601307184
2022_13_IND_DAL,2022,13,2022-12-04,DAL,IND,73,2022-02-13,2022-12-01,46.06666666666667,18,11,30.38888888888889,279.0,21.166666666666668,187.0,17,12,26.529411764705884,190.0,21.470588235294116,244.0,49.77777777777778,41.969907407407405,43.56695906432749
2022_13_JAX_DET,2022,13,2022-12-04,DET,JAX,54,2022-02-13,2022-12-01,46.06666666666667,17,11,19.11764705882353,275.0,27.470588235294116,310.0,17,11,14.882352941176471,244.0,26.88235294117647,232.0,44.17647058823529,47.14705882352941,46.521671826625386
2022_13_KC_CIN,2022,13,2022-12-04,CIN,KC,51,2022-02-13,2022-12-01,46.06666666666667,21,11,26.285714285714285,285.0,21.80952380952381,231.0,20,11,29.4,326.0,22.4,243.0,49.94761904761904,49.48603174603174,49.58320802005012
2022_13_LAC_LV,2022,13,2022-12-04,LV,LAC,47,2022-02-13,2022-12-01,46.06666666666667,18,11,21.833333333333332,265.0,25.833333333333332,276.0,17,11,27.88235294117647,252.0,27.0,282.0,51.27450980392157,49.506535947712415,49.878740970072236
2022_13_MIA_SF,2022,13,2022-12-04,SF,MIA,50,2022-02-13,2022-12-01,46.06666666666667,20,11,24.0,249.0,20.6,173.0,17,11,20.058823529411764,282.0,21.941176470588236,256.0,43.3,43.54666666666667,43.49473684210526
2022_13_NYJ_MIN,2022,13,2022-12-04,MIN,NYJ,49,2022-02-13,2022-12-01,46.06666666666667,17,11,25.0,262.0,25.058823529411764,257.0,17,11,18.235294117647058,230.0,29.647058823529413,196.0,48.970588235294116,44.55882352941177,45.487616099071204
2022_13_PIT_ATL,2022,13,2022-12-04,ATL,PIT,35,2022-02-13,2022-12-01,46.06666666666667,17,12,18.41176470588235,272.0,27.0,293.0,18,11,20.22222222222222,194.0,24.444444444444443,261.0,45.03921568627451,44.45494281045752,44.58454592363261
2022_13_SEA_LA,2022,13,2022-12-04,LAR,SEA,50,2022-02-13,2022-12-01,46.06666666666667,21,11,27.0,178.0,21.285714285714285,253.0,17,11,23.235294117647058,291.0,21.529411764705884,281.0,46.52521008403362,45.840056022408966,45.98429898275099
2022_13_TEN_PHI,2022,13,2022-12-04,PHI,TEN,45,2022-02-13,2022-12-01,46.06666666666667,18,11,25.5,303.0,23.11111111111111,216.0,18,11,24.166666666666668,209.0,20.72222222222222,205.0,46.75,43.56666666666667,44.236842105263165
2022_13_WAS_NYG,2022,13,2022-12-04,NYG,WAS,40,2022-02-13,2022-12-01,46.06666666666667,17,11,15.176470588235293,225.0,24.470588235294116,232.0,17,12,19.705882352941178,233.0,25.529411764705884,236.0,42.44117647058823,40.830269607843135,41.14512383900929
2022_13_NO_TB,2022,13,2022-12-05,TB,NO,33,2022-02-13,2022-12-04,46.06666666666667,19,11,29.94736842105263,200.0,20.94736842105263,203.0,17,12,21.41176470588235,249.0,19.705882352941178,280.0,46.0061919504644,41.890254127966976,42.76847401010265
2022_14_LV_LA,2022,14,2022-12-08,LAR,LV,33,2022-02-13,2022-12-05,46.06666666666667,21,12,27.0,201.0,21.285714285714285,280.0,18,12,21.833333333333332,292.0,25.833333333333332,296.0,47.976190476190474,45.40029761904762,45.91547619047619
2022_14_BAL_PIT,2022,14,2022-12-11,PIT,BAL,30,2022-02-13,2022-12-08,46.06666666666667,18,12,20.22222222222222,213.0,24.444444444444443,277.0,17,12,22.764705882352942,285.0,23.058823529411764,236.0,45.245098039215684,42.90502450980392,43.373039215686276
2022_14_CAR_SEA,2022,14,2022-12-11,SEA,CAR,54,2022-02-13,2022-12-08,46.06666666666667,17,12,23.235294117647058,318.0,21.529411764705884,304.0,17,12,17.88235294117647,230.0,23.764705882352942,266.0,43.205882352941174,45.73897058823529,45.23235294117647
2022_14_CLE_CIN,2022,14,2022-12-11,CIN,CLE,33,2022-02-13,2022-12-08,46.06666666666667,21,12,26.285714285714285,312.0,21.80952380952381,255.0,17,12,20.529411764705884,290.0,21.823529411764707,300.0,45.22408963585434,47.462272408963585,47.01463585434173
2022_14_HOU_DAL,2022,14,2022-12-11,DAL,HOU,50,2022-02-13,2022-12-08,46.06666666666667,18,12,30.38888888888889,333.0,21.166666666666668,206.0,17,12,16.470588235294116,188.0,26.58823529411765,287.0,47.30718954248366,43.514297385620914,44.27287581699346
2022_14_JAX_TEN,2022,14,2022-12-11,TEN,JAX,58,2022-02-13,2022-12-08,46.06666666666667,18,12,24.166666666666668,219.0,20.72222222222222,240.0,17,12,14.882352941176471,258.0,26.88235294117647,272.0,43.326797385620914,41.73794934640523,42.05571895424836
2022_14_KC_DEN,2022,14,2022-12-11,DEN,KC,62,2022-02-13,2022-12-08,46.06666666666667,17,12,19.705882352941178,166.0,18.941176470588236,204.0,20,12,29.4,350.0,22.4,270.0,45.2235294117647,42.243382352941175,42.83941176470588
2022_14_MIA_LAC,2022,14,2022-12-11,LAC,MIA,40,2022-02-13,2022-12-08,46.06666666666667,17,12,27.88235294117647,272.0,27.0,309.0,17,12,20.058823529411764,299.0,21.941176470588236,289.0,48.44117647058823,48.64154411764706,48.601470588235294
2022_14_MIN_DET,2022,14,2022-12-11,DET,MIN,57,2022-02-13,2022-12-08,46.06666666666667,17,12,19.11764705882353,315.0,27.470588235294116,324.0,17,12,25.0,289.0,25.058823529411764,279.0,48.3235294117647,49.799632352941174,49.504411764705885
2022_14_NYJ_BUF,2022,14,2022-12-11,BUF,NYJ,32,2022-02-13,2022-12-08,46.06666666666667,19,12,29.789473684210527,333.0,18.31578947368421,209.0,17,12,18.235294117647058,252.0,29.647058823529413,223.0,47.9938080495356,43.7797020123839,44.62252321981424
2022_14_PHI_NYG,2022,14,2022-12-11,NYG,PHI,70,2022-02-13,2022-12-08,46.06666666666667,17,12,15.176470588235293,245.0,24.470588235294116,252.0,18,12,25.5,338.0,23.11111111111111,226.0,44.12908496732026,44.18852124183007,44.1766339869281
2022_14_TB_SF,2022,14,2022-12-11,SF,TB,42,2022-02-13,2022-12-08,46.06666666666667,20,12,24.0,282.0,20.6,190.0,19,12,29.94736842105263,217.0,20.94736842105263,219.0,47.74736842105263,40.31184210526315,41.798947368421054
2022_14_NE_ARI,2022,14,2022-12-12,ARI,NE,40,2022-02-13,2022-12-11,46.06666666666667,18,12,25.555555555555557,264.0,22.22222222222222,321.0,18,12,26.61111111111111,249.0,19.444444444444443,226.0,46.916666666666664,44.85416666666667,45.266666666666666
2022_15_SF_SEA,2022,15,2022-12-15,SEA,SF,34,2022-02-13,2022-12-12,46.06666666666667,17,13,23.235294117647058,342.0,21.529411764705884,334.0,20,13,24.0,317.0,20.6,197.0,44.682352941176475,45.51349480968858,45.35518207282913
2022_15_BAL_CLE,2022,15,2022-12-17,CLE,BAL,16,2022-02-13,2022-12-15,46.06666666666667,17,13,20.529411764705884,300.0,21.823529411764707,323.0,17,13,22.764705882352942,301.0,23.058823529411764,250.0,44.08823529411765,44.90311418685121,44.747899159663866
2022_15_IND_MIN,2022,15,2022-12-17,MIN,IND,75,2022-02-13,2022-12-15,46.06666666666667,17,13,25.0,312.0,25.058823529411764,313.0,17,13,26.529411764705884,209.0,21.470588235294116,298.0,49.029411764705884,44.83044982698962,45.63025210084034
2022_15_MIA_BUF,2022,15,2022-12-17,BUF,MIA,61,2022-02-13,2022-12-15,46.06666666666667,19,13,29.789473684210527,353.0,18.31578947368421,221.0,17,13,20.058823529411764,316.0,21.941176470588236,312.0,45.05263157894737,45.95356037151703,45.78195488721804
2022_15_ARI_DEN,2022,15,2022-12-18,DEN,ARI,39,2022-02-13,2022-12-17,46.06666666666667,17,13,19.705882352941178,194.0,18.941176470588236,238.0,18,13,25.555555555555557,277.0,22.22222222222222,348.0,43.212418300653596,41.255863129565554,41.628540305010894
2022_15_ATL_NO,2022,15,2022-12-18,NO,ATL,39,2022-02-13,2022-12-17,46.06666666666667,17,13,21.41176470588235,265.0,19.705882352941178,297.0,17,13,18.41176470588235,288.0,27.0,312.0,43.26470588235294,44.35640138408304,44.1484593837535
2022_15_CIN_TB,2022,15,2022-12-18,TB,CIN,57,2022-02-13,2022-12-17,46.06666666666667,19,13,29.94736842105263,224.0,20.94736842105263,254.0,21,13,26.285714285714285,335.0,21.80952380952381,265.0,49.49498746867168,43.351761757334515,44.5218999880654
2022_15_DAL_JAX,2022,15,2022-12-18,JAX,DAL,74,2022-02-13,2022-12-17,46.06666666666667,17,13,14.882352941176471,294.0,26.88235294117647,294.0,18,13,30.38888888888889,360.0,21.166666666666668,229.0,46.66013071895425,45.59650134563629,45.79909741674447
2022_15_DET_NYJ,2022,15,2022-12-18,NYJ,DET,37,2022-02-13,2022-12-17,46.06666666666667,17,13,18.235294117647058,264.0,29.647058823529413,243.0,17,13,19.11764705882353,349.0,27.470588235294116,347.0,47.23529411764706,46.496539792387544,46.63725490196079
2022_15_KC_HOU,2022,15,2022-12-18,HOU,KC,54,2022-02-13,2022-12-17,46.06666666666667,17,13,16.470588235294116,211.0,26.58823529411765,314.0,20,13,29.4,384.0,22.4,298.0,47.42941176470588,46.6598615916955,46.806442577030815
2022_15_NE_LV,2022,15,2022-12-18,LV,NE,54,2022-02-13,2022-12-17,46.06666666666667,18,13,21.833333333333332,308.0,25.833333333333332,313.0,18,13,26.61111111111111,276.0,19.444444444444443,239.0,46.86111111111111,44.43790849673203,44.8994708994709
2022_15_NYG_WAS,2022,15,2022-12-18,WAS,NYG,32,2022-02-13,2022-12-17,46.06666666666667,17,13,19.705882352941178,253.0,25.529411764705884,256.0,17,13,15.176470588235293,267.0,24.470588235294116,300.0,42.44117647058823,41.63321799307958,41.787114845938376
2022_15_PHI_CHI,2022,15,2022-12-18,CHI,PHI,45,2022-02-13,2022-12-17,46.06666666666667,17,13,18.294117647058822,270.0,23.941176470588236,333.0,18,13,25.5,386.0,23.11111111111111,248.0,45.423202614379086,47.07016532103037,46.756458138811084
2022_15_PIT_CAR,2022,15,2022-12-18,CAR,PIT,40,2022-02-13,2022-12-17,46.06666666666667,17,13,17.88235294117647,260.0,23.764705882352942,290.0,18,13,20.22222222222222,227.0,24.444444444444443,293.0,43.15686274509804,41.62514417531719,41.91690009337068
2022_15_TEN_LAC,2022,15,2022-12-18,LAC,TEN,31,2022-02-13,2022-12-17,46.06666666666667,17,13,27.88235294117647,295.0,27.0,326.0,18,13,24.166666666666668,241.0,20.72222222222222,276.0,49.88562091503268,45.2083813917724,46.099284158107686
2022_15_LA_GB,2022,15,2022-12-19,GB,LAR,36,2022-02-13,2022-12-18,46.06666666666667,18,13,25.555555555555557,263.0,21.333333333333332,302.0,21,13,27.0,218.0,21.285714285714285,296.0,47.58730158730159,42.93230625583567,43.81897203325775
2022_16_JAX_NYJ,2022,16,2022-12-22,NYJ,JAX,22,2022-02-13,2022-12-19,46.06666666666667,17,14,18.235294117647058,281.0,29.647058823529413,263.0,17,14,14.882352941176471,334.0,26.88235294117647,328.0,44.82352941176471,43.46078431372549,43.708556149732615
2022_16_ATL_BAL,2022,16,2022-12-24,BAL,ATL,26,2022-02-13,2022-12-22,46.06666666666667,17,14,22.764705882352942,304.0,23.058823529411764,263.0,17,14,18.41176470588235,306.0,27.0,333.0,45.61764705882353,43.63725490196079,43.99732620320856
2022_16_BUF_CHI,2022,16,2022-12-24,CHI,BUF,48,2022-02-13,2022-12-22,46.06666666666667,17,14,18.294117647058822,290.0,23.941176470588236,358.0,19,14,29.789473684210527,385.0,18.31578947368421,250.0,45.1702786377709,45.67672858617131,45.58464677737123
2022_16_CIN_NE,2022,16,2022-12-24,NE,CIN,40,2022-02-13,2022-12-22,46.06666666666667,18,14,26.61111111111111,300.0,19.444444444444443,269.0,21,14,26.285714285714285,369.0,21.80952380952381,288.0,47.07539682539682,44.516754850088184,44.98196248196248
2022_16_DET_CAR,2022,16,2022-12-24,CAR,DET,60,2022-02-13,2022-12-22,46.06666666666667,17,14,17.88235294117647,276.0,23.764705882352942,314.0,17,14,19.11764705882353,369.0,27.470588235294116,364.0,44.11764705882353,46.55392156862745,46.11096256684492
2022_16_HOU_TEN,2022,16,2022-12-24,TEN,HOU,33,2022-02-13,2022-12-22,46.06666666666667,18,14,24.166666666666668,255.0,20.72222222222222,293.0,17,14,16.470588235294116,235.0,26.58823529411765,344.0,43.97385620915033,41.07752360203341,41.60412953060012
2022_16_LV_PIT,2022,16,2022-12-24,PIT,LV,23,2022-02-13,2022-12-22,46.06666666666667,18,14,20.22222222222222,251.0,24.444444444444443,309.0,18,14,21.833333333333332,338.0,25.833333333333332,337.0,46.166666666666664,44.56481481481482,44.8560606060606
2022_16_NO_CLE,2022,16,2022-12-24,CLE,NO,27,2022-02-13,2022-12-22,46.06666666666667,17,14,20.529411764705884,313.0,21.823529411764707,326.0,17,14,21.41176470588235,286.0,19.705882352941178,315.0,41.73529411764706,43.71895424836601,43.35828877005348
2022_16_NYG_MIN,2022,16,2022-12-24,MIN,NYG,51,2022-02-13,2022-12-22,46.06666666666667,17,14,25.0,351.0,25.058823529411764,349.0,17,14,15.176470588235293,287.0,24.470588235294116,312.0,44.85294117647059,46.05065359477125,45.832887700534755
2022_16_PHI_DAL,2022,16,2022-12-24,DAL,PHI,74,2022-02-13,2022-12-22,46.06666666666667,18,14,30.38888888888889,394.0,21.166666666666668,269.0,18,14,25.5,411.0,23.11111111111111,268.0,50.083333333333336,48.407407407407405,48.71212121212121
2022_16_SEA_KC,2022,16,2022-12-24,KC,SEA,34,2022-02-13,2022-12-22,46.06666666666667,20,14,29.4,414.0,22.4,322.0,17,14,23.235294117647058,355.0,21.529411764705884,355.0,48.28235294117647,50.89607843137255,50.42085561497326
2022_16_WAS_SF,2022,16,2022-12-24,SF,WAS,57,2022-02-13,2022-12-22,46.06666666666667,20,14,24.0,338.0,20.6,210.0,17,14,19.705882352941178,265.0,25.529411764705884,276.0,44.91764705882353,40.23169934640523,41.08368983957219
2022_16_DEN_LA,2022,16,2022-12-25,LAR,DEN,65,2022-02-13,2022-12-24,46.06666666666667,21,14,27.0,230.0,21.285714285714285,320.0,17,14,19.705882352941178,218.0,18.941176470588236,253.0,43.46638655462185,38.0203081232493,39.010504201680675
2022_16_GB_MIA,2022,16,2022-12-25,MIA,GB,46,2022-02-13,2022-12-24,46.06666666666667,17,14,20.058823529411764,345.0,21.941176470588236,344.0,18,14,25.555555555555557,287.0,21.333333333333332,314.0,44.44444444444444,45.70987654320987,45.47979797979798
2022_16_TB_ARI,2022,16,2022-12-25,ARI,TB,35,2022-02-13,2022-12-24,46.06666666666667,18,14,25.555555555555557,292.0,22.22222222222222,372.0,19,14,29.94736842105263,247.0,20.94736842105263,288.0,49.336257309941516,44.26916829109812,45.1904572036151
2022_16_LAC_IND,2022,16,2022-12-26,IND,LAC,23,2022-02-13,2022-12-25,46.06666666666667,17,14,26.529411764705884,245.0,21.470588235294116,337.0,17,14,27.88235294117647,312.0,27.0,340.0,51.44117647058823,45.709150326797385,46.75133689839572
2022_17_DAL_TEN,2022,17,2022-12-29,TEN,DAL,40,2022-02-13,2022-12-26,46.06666666666667,18,15,24.166666666666668,269.0,20.72222222222222,312.0,18,15,30.38888888888889,434.0,21.166666666666668,303.0,48.22222222222222,44.83625730994152,45.42512077294686
2022_17_ARI_ATL,2022,17,2023-01-01,ATL,ARI,39,2022-02-13,2022-12-29,46.06666666666667,17,15,18.41176470588235,315.0,27.0,350.0,18,15,25.555555555555557,308.0,22.22222222222222,391.0,46.59477124183007,45.70416236670106,45.8590508667235
2022_17_CAR_TB,2022,17,2023-01-01,TB,CAR,54,2022-02-13,2022-12-29,46.06666666666667,19,15,29.94736842105263,266.0,20.94736842105263,304.0,17,15,17.88235294117647,313.0,23.764705882352942,337.0,46.27089783281734,41.84650480690891,42.61596446358864
2022_17_CHI_DET,2022,17,2023-01-01,DET,CHI,51,2022-02-13,2022-12-29,46.06666666666667,17,15,19.11764705882353,392.0,27.470588235294116,401.0,17,15,18.294117647058822,303.0,23.941176470588236,393.0,44.41176470588235,48.534055727554176,47.81713554987212
2022_17_CLE_WAS,2022,17,2023-01-01,WAS,CLE,34,2022-02-13,2022-12-29,46.06666666666667,17,15,19.705882352941178,285.0,25.529411764705884,313.0,17,15,20.529411764705884,323.0,21.823529411764707,343.0,43.794117647058826,42.48297213622291,42.710997442455245
2022_17_DEN_KC,2022,17,2023-01-01,KC,DEN,51,2022-02-13,2022-12-29,46.06666666666667,20,15,29.4,438.0,22.4,332.0,17,15,19.705882352941178,232.0,18.941176470588236,304.0,45.2235294117647,43.88916408668731,44.12122762148338
2022_17_IND_NYG,2022,17,2023-01-01,NYG,IND,48,2022-02-13,2022-12-29,46.06666666666667,17,15,15.176470588235293,311.0,24.470588235294116,339.0,17,15,26.529411764705884,248.0,21.470588235294116,357.0,43.8235294117647,42.252321981424146,42.52557544757033
2022_17_JAX_HOU,2022,17,2023-01-01,HOU,JAX,34,2022-02-13,2022-12-29,46.06666666666667,17,15,16.470588235294116,254.0,26.58823529411765,358.0,17,15,14.882352941176471,353.0,26.88235294117647,331.0,42.411764705882355,43.034055727554176,42.92583120204604
2022_17_LA_LAC,2022,17,2023-01-01,LAC,LAR,41,2022-02-13,2022-12-29,46.06666666666667,17,15,27.88235294117647,332.0,27.0,343.0,21,15,27.0,281.0,21.285714285714285,334.0,51.58403361344538,44.80716497125166,45.985750822067956
2022_17_MIA_NE,2022,17,2023-01-01,NE,MIA,44,2022-02-13,2022-12-29,46.06666666666667,18,15,26.61111111111111,318.0,19.444444444444443,291.0,17,15,20.058823529411764,365.0,21.941176470588236,370.0,44.02777777777778,44.6374269005848,44.531400966183575
2022_17_MIN_GB,2022,17,2023-01-01,GB,MIN,58,2022-02-13,2022-12-29,46.06666666666667,18,15,25.555555555555557,313.0,21.333333333333332,334.0,17,15,25.0,378.0,25.058823529411764,373.0,48.47385620915033,46.99449604403165,47.251776072747944
2022_17_NO_PHI,2022,17,2023-01-01,PHI,NO,30,2022-02-13,2022-12-29,46.06666666666667,18,15,25.5,445.0,23.11111111111111,308.0,17,15,21.41176470588235,303.0,19.705882352941178,325.0,44.86437908496732,45.78723770209838,45.62674055129298
2022_17_NYJ_SEA,2022,17,2023-01-01,SEA,NYJ,29,2022-02-13,2022-12-29,46.06666666666667,17,15,23.235294117647058,365.0,21.529411764705884,379.0,17,15,18.235294117647058,284.0,29.647058823529413,282.0,46.32352941176471,44.22600619195046,44.59079283887468
2022_17_PIT_BAL,2022,17,2023-01-01,BAL,PIT,29,2022-02-13,2022-12-29,46.06666666666667,17,15,22.764705882352942,321.0,23.058823529411764,272.0,18,15,20.22222222222222,264.0,24.444444444444443,319.0,45.245098039215684,40.47265221878225,41.30264279624893
2022_17_SF_LV,2022,17,2023-01-01,LV,SF,71,2022-02-13,2022-12-29,46.06666666666667,18,15,21.833333333333332,348.0,25.833333333333332,350.0,20,15,24.0,375.0,20.6,230.0,46.13333333333333,44.001754385964915,44.37246376811594
2022_18_KC_LV,2022,18,2023-01-07,LV,KC,44,2022-02-13,2023-01-01,46.06666666666667,18,16,21.833333333333332,382.0,25.833333333333332,387.0,20,16,29.4,465.0,22.4,356.0,49.733333333333334,49.696666666666665,49.702777777777776
2022_18_TEN_JAX,2022,18,2023-01-07,JAX,TEN,36,2022-02-13,2023-01-01,46.06666666666667,17,16,14.882352941176471,384.0,26.88235294117647,334.0,18,16,24.166666666666668,282.0,20.72222222222222,339.0,43.326797385620914,42.14035947712418,42.33809912854031
2022_18_ARI_SF,2022,18,2023-01-08,SF,ARI,51,2022-02-13,2023-01-07,46.06666666666667,20,16,24.0,412.0,20.6,264.0,18,16,25.555555555555557,327.0,22.22222222222222,411.0,46.18888888888889,44.58777777777778,44.85462962962963
2022_18_BAL_CIN,2022,18,2023-01-08,CIN,BAL,43,2022-02-13,2023-01-07,46.06666666666667,21,15,26.285714285714285,391.0,21.80952380952381,306.0,17,16,22.764705882352942,334.0,23.058823529411764,288.0,46.9593837535014,43.537114845938376,44.11215138229205
2022_18_CAR_NO,2022,18,2023-01-08,NO,CAR,17,2022-02-13,2023-01-07,46.06666666666667,17,16,21.41176470588235,323.0,19.705882352941178,335.0,17,16,17.88235294117647,337.0,23.764705882352942,367.0,41.38235294117647,42.326470588235296,42.169117647058826
2022_18_CLE_PIT,2022,18,2023-01-08,PIT,CLE,42,2022-02-13,2023-01-07,46.06666666666667,18,16,20.22222222222222,280.0,24.444444444444443,332.0,17,16,20.529411764705884,347.0,21.823529411764707,353.0,43.509803921568626,41.501960784313724,41.83660130718954
2022_18_DAL_WAS,2022,18,2023-01-08,WAS,DAL,32,2022-02-13,2023-01-07,46.06666666666667,17,16,19.705882352941178,295.0,25.529411764705884,337.0,18,16,30.38888888888889,461.0,21.166666666666668,316.0,48.39542483660131,44.90408496732026,45.48597494553377
2022_18_DET_GB,2022,18,2023-01-08,GB,DET,36,2022-02-13,2023-01-07,46.06666666666667,18,16,25.555555555555557,354.0,21.333333333333332,351.0,17,16,19.11764705882353,433.0,27.470588235294116,411.0,46.73856209150327,48.072712418300654,47.850354030501094
2022_18_HOU_IND,2022,18,2023-01-08,IND,HOU,63,2022-02-13,2023-01-07,46.06666666666667,17,16,26.529411764705884,258.0,21.470588235294116,395.0,17,16,16.470588235294116,257.0,26.58823529411765,389.0,45.529411764705884,41.580882352941174,42.2389705882353
2022_18_LAC_DEN,2022,18,2023-01-08,DEN,LAC,59,2022-02-13,2023-01-07,46.06666666666667,17,16,19.705882352941178,256.0,18.941176470588236,331.0,17,16,27.88235294117647,363.0,27.0,353.0,46.76470588235294,41.92794117647059,42.73406862745098
2022_18_LA_SEA,2022,18,2023-01-08,SEA,LAR,35,2022-02-13,2023-01-07,46.06666666666667,17,16,23.235294117647058,388.0,21.529411764705884,385.0,21,16,27.0,291.0,21.285714285714285,365.0,46.52521008403362,45.03004201680672,45.27923669467787
2022_18_MIN_CHI,2022,18,2023-01-08,CHI,MIN,42,2022-02-13,2023-01-07,46.06666666666667,17,16,18.294117647058822,313.0,23.941176470588236,434.0,17,16,25.0,395.0,25.058823529411764,414.0,46.14705882352941,48.12941176470588,47.799019607843135
2022_18_NE_BUF,2022,18,2023-01-08,BUF,NE,58,2022-02-13,2023-01-07,46.06666666666667,19,15,29.789473684210527,420.0,18.31578947368421,263.0,18,16,26.61111111111111,341.0,19.444444444444443,312.0,47.08040935672514,43.96795167743921,44.49405140266124
2022_18_NYG_PHI,2022,18,2023-01-08,PHI,NYG,38,2022-02-13,2023-01-07,46.06666666666667,18,16,25.5,455.0,23.11111111111111,328.0,17,16,15.176470588235293,349.0,24.470588235294116,349.0,44.12908496732026,45.85081699346405,45.56386165577342
2022_18_NYJ_MIA,2022,18,2023-01-08,MIA,NYJ,17,2022-02-13,2023-01-07,46.06666666666667,17,16,20.058823529411764,386.0,21.941176470588236,393.0,17,16,18.235294117647058,290.0,29.647058823529413,305.0,44.94117647058823,43.33823529411765,43.60539215686275
2022_18_TB_ATL,2022,18,2023-01-08,ATL,TB,47,2022-02-13,2023-01-07,46.06666666666667,17,16,18.41176470588235,335.0,27.0,369.0,19,16,29.94736842105263,296.0,20.94736842105263,328.0,48.153250773993804,42.83065015479876,43.717750257997935
2023_01_DET_KC,2023,1,2023-09-07,KC,DET,41,2023-02-12,,44.03169014084507,20,0,29.2,0.0,22.2,0.0,17,0,26.647058823529413,0.0,25.11764705882353,0.0,51.58235294117647,51.58235294117647,51.58235294117647
2023_01_ARI_WAS,2023,1,2023-09-10,WAS,ARI,36,2023-02-12,2023-09-07,44.03169014084507,17,0,18.88235294117647,0.0,20.176470588235293,0.0,17,0,20.0,0.0,26.41176470588235,0.0,42.73529411764706,42.73529411764706,42.73529411764706
2023_01_CAR_ATL,2023,1,2023-09-10,ATL,CAR,34,2023-02-12,2023-09-07,44.03169014084507,17,0,21.470588235294116,0.0,22.705882352941178,0.0,17,0,20.41176470588235,0.0,22.0,0.0,43.294117647058826,43.294117647058826,43.294117647058826
2023_01_CIN_CLE,2023,1,2023-09-10,CLE,CIN,27,2023-02-12,2023-09-07,44.03169014084507,17,0,21.235294117647058,0.0,22.41176470588235,0.0,19,0,25.736842105263158,0.0,19.57894736842105,0.0,44.481424148606806,44.481424148606806,44.481424148606806
2023_01_DAL_NYG,2023,1,2023-09-10,NYG,DAL,40,2023-02-12,2023-09-07,44.03169014084507,19,0,21.210526315789473,0.0,22.789473684210527,0.0,19,0,26.842105263157894,0.0,19.736842105263158,0.0,45.28947368421053,45.28947368421053,45.28947368421053
2023_01_GB_CHI,2023,1,2023-09-10,CHI,GB,58,2023-02-12,2023-09-07,44.03169014084507,17,0,19.176470588235293,0.0,27.235294117647058,0.0,17,0,21.764705882352942,0.0,21.823529411764707,0.0,45.0,45.0,45.0
2023_01_HOU_BAL,2023,1,2023-09-10,BAL,HOU,34,2023-02-12,2023-09-07,44.03169014084507,18,0,20.38888888888889,0.0,18.833333333333332,0.0,17,0,17.0,0.0,24.705882352941178,0.0,40.4640522875817,40.4640522875817,40.4640522875817
2023_01_JAX_IND,2023,1,2023-09-10,IND,JAX,52,2023-02-12,2023-09-07,44.03169014084507,17,0,17.0,0.0,25.11764705882353,0.0,19,0,23.94736842105263,0.0,21.42105263157895,0.0,43.743034055727556,43.743034055727556,43.743034055727556
2023_01_LA_SEA,2023,1,2023-09-10,SEA,LAR,43,2023-02-12,2023-09-07,44.03169014084507,18,0,23.88888888888889,0.0,24.555555555555557,0.0,17,0,18.058823529411764,0.0,22.58823529411765,0.0,44.54575163398693,44.54575163398693,44.54575163398693
2023_01_LV_DEN,2023,1,2023-09-10,DEN,LV,33,2023-02-12,2023-09-07,44.03169014084507,17,0,16.88235294117647,0.0,21.11764705882353,0.0,17,0,23.235294117647058,0.0,24.58823529411765,0.0,42.911764705882355,42.911764705882355,42.911764705882355
2023_01_MIA_LAC,2023,1,2023-09-10,LAC,MIA,70,2023-02-12,2023-09-07,44.03169014084507,18,0,23.38888888888889,0.0,23.055555555555557,0.0,18,0,23.77777777777778,0.0,24.055555555555557,0.0,47.13888888888889,47.13888888888889,47.13888888888889
2023_01_PHI_NE,2023,1,2023-09-10,NE,PHI,45,2023-02-12,2023-09-07,44.03169014084507,17,0,21.41176470588235,0.0,20.41176470588235,0.0,20,0,29.05,0.0,19.8,0.0,45.33676470588235,45.33676470588235,45.33676470588235
2023_01_SF_PIT,2023,1,2023-09-10,PIT,SF,37,2023-02-12,2023-09-07,44.03169014084507,17,0,18.11764705882353,0.0,20.352941176470587,0.0,20,0,25.85,0.0,17.15,0.0,40.73529411764706,40.73529411764706,40.73529411764706
2023_01_TB_MIN,2023,1,2023-09-10,MIN,TB,37,2023-02-12,2023-09-07,44.03169014084507,18,0,24.88888888888889,0.0,25.444444444444443,0.0,18,0,18.166666666666668,0.0,21.61111111111111,0.0,45.05555555555556,45.05555555555556,45.05555555555556
2023_01_TEN_NO,2023,1,2023-09-10,NO,TEN,31,2023-02-12,2023-09-07,44.03169014084507,17,0,19.41176470588235,0.0,20.294117647058822,0.0,17,0,17.529411764705884,0.0,21.11764705882353,0.0,39.17647058823529,39.17647058823529,39.17647058823529
2023_01_BUF_NYJ,2023,1,2023-09-11,NYJ,BUF,38,2023-02-12,2023-09-10,44.03169014084507,17,0,17.41176470588235,0.0,18.58823529411765,0.0,18,0,27.72222222222222,0.0,19.11111111111111,0.0,41.416666666666664,41.416666666666664,41.416666666666664
2023_02_MIN_PHI,2023,2,2023-09-14,PHI,MIN,62,2023-02-12,2023-09-11,44.03169014084507,20,1,29.05,25.0,19.8,20.0,18,1,24.88888888888889,17.0,25.444444444444443,20.0,49.59166666666667,47.873333333333335,48.63703703703703
2023_02_BAL_CIN,2023,2,2023-09-17,CIN,BAL,51,2023-02-12,2023-09-14,44.03169014084507,19,1,25.736842105263158,3.0,19.57894736842105,24.0,18,1,20.38888888888889,25.0,18.833333333333332,9.0,42.26900584795322,39.91520467836257,40.96133853151397
2023_02_CHI_TB,2023,2,2023-09-17,TB,CHI,44,2023-02-12,2023-09-14,44.03169014084507,18,1,18.166666666666668,20.0,21.61111111111111,17.0,17,1,19.176470588235293,20.0,27.235294117647058,38.0,43.09477124183007,43.97581699346405,43.584241103848946
2023_02_GB_ATL,2023,2,2023-09-17,ATL,GB,49,2023-02-12,2023-09-14,44.03169014084507,17,1,21.470588235294116,24.0,22.705882352941178,10.0,17,1,21.764705882352942,38.0,21.823529411764707,20.0,43.88235294117647,44.305882352941175,44.11764705882353
2023_02_IND_HOU,2023,2,2023-09-17,HOU,IND,51,2023-02-12,2023-09-14,44.03169014084507,17,1,17.0,9.0,24.705882352941178,25.0,17,1,17.0,21.0,25.11764705882353,31.0,41.911764705882355,42.129411764705885,42.032679738562095
2023_02_KC_JAX,2023,2,2023-09-17,JAX,KC,26,2023-02-12,2023-09-14,44.03169014084507,19,1,23.94736842105263,31.0,21.42105263157895,21.0,20,1,29.2,20.0,22.2,21.0,48.38421052631579,48.00736842105263,48.17485380116959
2023_02_LAC_TEN,2023,2,2023-09-17,TEN,LAC,51,2023-02-12,2023-09-14,44.03169014084507,17,1,17.529411764705884,15.0,21.11764705882353,16.0,18,1,23.38888888888889,34.0,23.055555555555557,36.0,42.54575163398693,44.136601307189544,43.42955700798838
2023_02_LV_BUF,2023,2,2023-09-17,BUF,LV,48,2023-02-12,2023-09-14,44.03169014084507,18,1,27.72222222222222,16.0,19.11111111111111,22.0,17,1,23.235294117647058,17.0,24.58823529411765,16.0,47.32843137254902,44.962745098039214,46.014161220043576
2023_02_MIA_NE,2023,2,2023-09-17,NE,MIA,41,2023-02-12,2023-09-14,44.03169014084507,17,1,21.41176470588235,20.0,20.41176470588235,25.0,18,1,23.77777777777778,36.0,24.055555555555557,34.0,44.82843137254902,47.36274509803921,46.2363834422658
2023_02_NYG_ARI,2023,2,2023-09-17,ARI,NYG,59,2023-02-12,2023-09-14,44.03169014084507,17,1,20.0,16.0,26.41176470588235,20.0,19,1,21.210526315789473,0.0,22.789473684210527,40.0,45.205882352941174,43.76470588235294,44.40522875816993
2023_02_NYJ_DAL,2023,2,2023-09-17,DAL,NYJ,40,2023-02-12,2023-09-14,44.03169014084507,19,1,26.842105263157894,40.0,19.736842105263158,0.0,17,1,17.41176470588235,22.0,18.58823529411765,16.0,41.28947368421053,40.83157894736842,41.03508771929825
2023_02_SEA_DET,2023,2,2023-09-17,DET,SEA,68,2023-02-12,2023-09-14,44.03169014084507,17,1,26.647058823529413,21.0,25.11764705882353,20.0,18,1,23.88888888888889,13.0,24.555555555555557,30.0,50.10457516339869,48.48366013071896,49.20406681190995
2023_02_SF_LA,2023,2,2023-09-17,LAR,SF,53,2023-02-12,2023-09-14,44.03169014084507,17,1,18.058823529411764,30.0,22.58823529411765,13.0,20,1,25.85,30.0,17.15,7.0,41.82352941176471,41.45882352941177,41.62091503267974
2023_02_WAS_DEN,2023,2,2023-09-17,DEN,WAS,68,2023-02-12,2023-09-14,44.03169014084507,17,1,16.88235294117647,16.0,21.11764705882353,17.0,17,1,18.88235294117647,20.0,20.176470588235293,16.0,38.529411764705884,37.7235294117647,38.08169934640523
2023_02_CLE_PIT,2023,2,2023-09-18,PIT,CLE,48,2023-02-12,2023-09-17,44.03169014084507,17,1,18.11764705882353,7.0,20.352941176470587,30.0,17,1,21.235294117647058,24.0,22.41176470588235,3.0,41.05882352941176,39.247058823529414,40.052287581699346
2023_02_NO_CAR,2023,2,2023-09-18,CAR,NO,37,2023-02-12,2023-09-17,44.03169014084507,17,1,20.41176470588235,10.0,22.0,24.0,17,1,19.41176470588235,16.0,20.294117647058822,15.0,41.05882352941176,39.34705882352941,40.1078431372549
2023_03_NYG_SF,2023,3,2023-09-21,SF,NYG,42,2023-02-12,2023-09-18,44.03169014084507,20,2,25.85,60.0,17.15,30.0,19,2,21.210526315789473,31.0,22.789473684210527,68.0,43.5,44.75,44.25
2023_03_ATL_DET,2023,3,2023-09-24,DET,ATL,26,2023-02-12,2023-09-21,44.03169014084507,17,2,26.647058823529413,52.0,25.11764705882353,57.0,17,2,21.470588235294116,49.0,22.705882352941178,34.0,47.970588235294116,47.98039215686275,47.976470588235294
2023_03_BUF_WAS,2023,3,2023-09-24,WAS,BUF,40,2023-02-12,2023-09-21,44.03169014084507,17,2,18.88235294117647,55.0,20.176470588235293,49.0,18,2,27.72222222222222,54.0,19.11111111111111,32.0,42.94607843137255,44.464052287581694,43.856862745098034
2023_03_CAR_SEA,2023,3,2023-09-24,SEA,CAR,64,2023-02-12,2023-09-21,44.03169014084507,18,2,23.88888888888889,50.0,24.555555555555557,61.0,17,2,20.41176470588235,27.0,22.0,44.0,45.4281045751634,45.4520697167756,45.44248366013072
2023_03_CHI_KC,2023,3,2023-09-24,KC,CHI,51,2023-02-12,2023-09-21,44.03169014084507,20,2,29.2,37.0,22.2,30.0,17,2,19.176470588235293,37.0,27.235294117647058,65.0,48.90588235294118,46.687254901960785,47.574705882352944
2023_03_DAL_ARI,2023,3,2023-09-24,ARI,DAL,44,2023-02-12,2023-09-21,44.03169014084507,17,2,20.0,44.0,26.41176470588235,51.0,19,2,26.842105263157894,70.0,19.736842105263158,10.0,46.4953560371517,45.58023735810114,45.94628482972136
2023_03_DEN_MIA,2023,3,2023-09-24,MIA,DEN,90,2023-02-12,2023-09-21,44.03169014084507,18,2,23.77777777777778,60.0,24.055555555555557,51.0,17,2,16.88235294117647,49.0,21.11764705882353,52.0,42.91666666666667,46.27777777777778,44.93333333333334
2023_03_HOU_JAX,2023,3,2023-09-24,JAX,HOU,54,2023-02-12,2023-09-21,44.03169014084507,19,2,23.94736842105263,40.0,21.42105263157895,38.0,17,2,17.0,29.0,24.705882352941178,56.0,43.537151702786375,42.60810113519092,42.9797213622291
2023_03_IND_BAL,2023,3,2023-09-24,BAL,IND,41,2023-02-12,2023-09-21,44.03169014084507,18,2,20.38888888888889,52.0,18.833333333333332,33.0,17,2,17.0,52.0,25.11764705882353,51.0,40.669934640522875,42.77995642701525,41.935947712418304
2023_03_LAC_MIN,2023,3,2023-09-24,MIN,LAC,52,2023-02-12,2023-09-21,44.03169014084507,18,2,24.88888888888889,45.0,25.444444444444443,54.0,18,2,23.38888888888889,58.0,23.055555555555557,63.0,48.388888888888886,50.59259259259259,49.71111111111111
2023_03_NE_NYJ,2023,3,2023-09-24,NYJ,NE,25,2023-02-12,2023-09-21,44.03169014084507,17,2,17.41176470588235,32.0,18.58823529411765,46.0,17,2,21.41176470588235,37.0,20.41176470588235,49.0,38.91176470588235,39.6078431372549,39.32941176470588
2023_03_NO_GB,2023,3,2023-09-24,GB,NO,35,2023-02-12,2023-09-21,44.03169014084507,17,2,21.764705882352942,62.0,21.823529411764707,45.0,17,2,19.41176470588235,36.0,20.294117647058822,32.0,41.64705882352941,42.34803921568628,42.06764705882353
2023_03_PIT_LV,2023,3,2023-09-24,LV,PIT,41,2023-02-12,2023-09-21,44.03169014084507,17,2,23.235294117647058,27.0,24.58823529411765,54.0,17,2,18.11764705882353,33.0,20.352941176470587,52.0,43.14705882352941,42.59803921568627,42.817647058823525
2023_03_TEN_CLE,2023,3,2023-09-24,CLE,TEN,30,2023-02-12,2023-09-21,44.03169014084507,17,2,21.235294117647058,46.0,22.41176470588235,29.0,17,2,17.529411764705884,42.0,21.11764705882353,40.0,41.14705882352941,40.51470588235294,40.76764705882353
2023_03_LA_CIN,2023,3,2023-09-25,CIN,LAR,35,2023-02-12,2023-09-24,44.03169014084507,19,2,25.736842105263158,27.0,19.57894736842105,51.0,17,2,18.058823529411764,53.0,22.58823529411765,43.0,42.98142414860681,43.154282765737875,43.08513931888545
2023_03_PHI_TB,2023,3,2023-09-25,TB,PHI,36,2023-02-12,2023-09-24,44.03169014084507,18,2,18.166666666666668,47.0,21.61111111111111,34.0,20,2,29.05,59.0,19.8,48.0,44.31388888888889,45.209259259259255,44.85111111111111
2023_04_DET_GB,2023,4,2023-09-28,GB,DET,54,2023-02-12,2023-09-25,44.03169014084507,17,3,21.764705882352942,80.0,21.823529411764707,62.0,17,3,26.647058823529413,72.0,25.11764705882353,63.0,47.6764705882353,47.029411764705884,47.26470588235294
2023_04_ARI_SF,2023,4,2023-10-01,SF,ARI,51,2023-02-12,2023-09-28,44.03169014084507,20,3,25.85,90.0,17.15,42.0,17,3,20.0,72.0,26.41176470588235,67.0,44.705882352941174,44.903361344537814,44.831550802139034
2023_04_ATL_JAX,2023,4,2023-10-01,JAX,ATL,30,2023-02-12,2023-09-28,44.03169014084507,19,3,23.94736842105263,57.0,21.42105263157895,75.0,17,3,21.470588235294116,55.0,22.705882352941178,54.0,44.77244582043343,42.798540468819105,43.516324233042496
2023_04_BAL_CLE,2023,4,2023-10-01,CLE,BAL,31,2023-02-12,2023-09-28,44.03169014084507,17,3,21.235294117647058,73.0,22.41176470588235,32.0,18,3,20.38888888888889,71.0,18.833333333333332,55.0,41.43464052287582,40.17693744164332,40.634284016636954
2023_04_CIN_TEN,2023,4,2023-10-01,TEN,CIN,30,2023-02-12,2023-09-28,44.03169014084507,17,3,17.529411764705884,45.0,21.11764705882353,67.0,19,3,25.736842105263158,46.0,19.57894736842105,67.0,41.98142414860681,40.06081379920389,40.759217562623135
2023_04_DEN_CHI,2023,4,2023-10-01,CHI,DEN,59,2023-02-12,2023-09-28,44.03169014084507,17,3,19.176470588235293,47.0,27.235294117647058,106.0,17,3,16.88235294117647,69.0,21.11764705882353,122.0,42.205882352941174,48.689075630252105,46.331550802139034
2023_04_KC_NYJ,2023,4,2023-10-01,NYJ,KC,43,2023-02-12,2023-09-28,44.03169014084507,17,3,17.41176470588235,42.0,18.58823529411765,61.0,20,3,29.2,78.0,22.2,40.0,43.7,40.75714285714286,41.82727272727273
2023_04_LA_IND,2023,4,2023-10-01,IND,LAR,52,2023-02-12,2023-09-28,44.03169014084507,17,3,17.0,74.0,25.11764705882353,70.0,17,3,18.058823529411764,69.0,22.58823529411765,62.0,41.38235294117647,43.28991596638656,42.596256684491976
2023_04_LV_LAC,2023,4,2023-10-01,LAC,LV,41,2023-02-12,2023-09-28,44.03169014084507,18,3,23.38888888888889,86.0,23.055555555555557,87.0,17,3,23.235294117647058,45.0,24.58823529411765,77.0,47.13398692810458,48.00513538748833,47.6883541295306
2023_04_MIA_BUF,2023,4,2023-10-01,BUF,MIA,68,2023-02-12,2023-09-28,44.03169014084507,18,3,27.72222222222222,91.0,19.11111111111111,35.0,18,3,23.77777777777778,130.0,24.055555555555557,71.0,47.333333333333336,50.404761904761905,49.28787878787879
2023_04_MIN_CAR,2023,4,2023-10-01,CAR,MIN,34,2023-02-12,2023-09-28,44.03169014084507,17,3,20.41176470588235,54.0,22.0,81.0,18,3,24.88888888888889,69.0,25.444444444444443,82.0,46.372549019607845,46.92717086834734,46.725490196078425
2023_04_NE_DAL,2023,4,2023-10-01,DAL,NE,41,2023-02-12,2023-09-28,44.03169014084507,19,3,26.842105263157894,86.0,19.736842105263158,38.0,17,3,21.41176470588235,52.0,20.41176470588235,59.0,44.201238390092875,42.043564794338785,42.828173374613
2023_04_PIT_HOU,2023,4,2023-10-01,HOU,PIT,36,2023-02-12,2023-09-28,44.03169014084507,17,3,17.0,66.0,24.705882352941178,73.0,17,3,18.11764705882353,56.0,20.352941176470587,70.0,40.088235294117645,41.83613445378151,41.200534759358284
2023_04_TB_NO,2023,4,2023-10-01,NO,TB,35,2023-02-12,2023-09-28,44.03169014084507,17,3,19.41176470588235,53.0,20.294117647058822,50.0,18,3,18.166666666666668,58.0,21.61111111111111,59.0,39.74183006535948,38.42390289449113,38.903149138443254
2023_04_WAS_PHI,2023,4,2023-10-01,PHI,WAS,65,2023-02-12,2023-09-28,44.03169014084507,20,3,29.05,84.0,19.8,59.0,17,3,18.88235294117647,58.0,20.176470588235293,86.0,43.95441176470588,45.61680672268907,45.012299465240645
2023_04_SEA_NYG,2023,4,2023-10-02,NYG,SEA,27,2023-02-12,2023-10-01,44.03169014084507,19,3,21.210526315789473,43.0,22.789473684210527,98.0,18,3,23.88888888888889,87.0,24.555555555555557,88.0,46.22222222222222,48.98412698412699,47.97979797979798
2023_05_CHI_WAS,2023,5,2023-10-05,WAS,CHI,60,2023-02-12,2023-10-02,44.03169014084507,17,4,18.88235294117647,89.0,20.176470588235293,120.0,17,4,19.176470588235293,75.0,27.235294117647058,137.0,42.73529411764706,47.68014705882353,46.03186274509804
2023_05_BAL_PIT,2023,5,2023-10-08,PIT,BAL,27,2023-02-12,2023-10-05,44.03169014084507,17,4,18.11764705882353,62.0,20.352941176470587,100.0,18,4,20.38888888888889,99.0,18.833333333333332,58.0,38.84640522875817,39.36070261437908,39.18927015250544
2023_05_CAR_DET,2023,5,2023-10-08,DET,CAR,66,2023-02-12,2023-10-05,44.03169014084507,17,4,26.647058823529413,106.0,25.11764705882353,83.0,17,4,20.41176470588235,67.0,22.0,102.0,47.088235294117645,45.919117647058826,46.30882352941177
2023_05_CIN_ARI,2023,5,2023-10-08,ARI,CIN,54,2023-02-12,2023-10-05,44.03169014084507,17,4,20.0,88.0,26.41176470588235,102.0,19,4,25.736842105263158,49.0,19.57894736842105,94.0,45.863777089783284,43.74438854489164,44.450851393188856
2023_05_DAL_SF,2023,5,2023-10-08,SF,DAL,52,2023-02-12,2023-10-05,44.03169014084507,20,4,25.85,125.0,17.15,58.0,19,4,26.842105263157894,124.0,19.736842105263158,41.0,44.78947368421053,44.14473684210526,44.359649122807014
2023_05_HOU_ATL,2023,5,2023-10-08,ATL,HOU,40,2023-02-12,2023-10-05,44.03169014084507,17,4,21.470588235294116,62.0,22.705882352941178,77.0,17,4,17.0,96.0,24.705882352941178,79.0,42.94117647058823,41.095588235294116,41.71078431372548
2023_05_JAX_BUF,2023,5,2023-10-08,BUF,JAX,45,2023-02-12,2023-10-05,44.03169014084507,18,4,27.72222222222222,139.0,19.11111111111111,55.0,19,4,23.94736842105263,80.0,21.42105263157895,82.0,46.10087719298245,45.300438596491226,45.567251461988306
2023_05_KC_MIN,2023,5,2023-10-08,MIN,KC,47,2023-02-12,2023-10-05,44.03169014084507,18,4,24.88888888888889,90.0,25.444444444444443,95.0,20,4,29.2,101.0,22.2,60.0,50.86666666666667,47.05833333333334,48.32777777777778
2023_05_NO_NE,2023,5,2023-10-08,NE,NO,34,2023-02-12,2023-10-05,44.03169014084507,17,4,21.41176470588235,55.0,20.41176470588235,97.0,17,4,19.41176470588235,62.0,20.294117647058822,76.0,40.76470588235294,38.507352941176464,39.259803921568626
2023_05_NYG_MIA,2023,5,2023-10-08,MIA,NYG,47,2023-02-12,2023-10-05,44.03169014084507,18,4,23.77777777777778,150.0,24.055555555555557,119.0,19,4,21.210526315789473,46.0,22.789473684210527,122.0,45.91666666666667,50.270833333333336,48.81944444444444
2023_05_NYJ_DEN,2023,5,2023-10-08,DEN,NYJ,52,2023-02-12,2023-10-05,44.03169014084507,17,4,16.88235294117647,100.0,21.11764705882353,150.0,17,4,17.41176470588235,62.0,18.58823529411765,84.0,37.0,43.25,41.16666666666667
2023_05_PHI_LA,2023,5,2023-10-08,LAR,PHI,37,2023-02-12,2023-10-05,44.03169014084507,17,4,18.058823529411764,98.0,22.58823529411765,85.0,20,4,29.05,118.0,19.8,90.0,44.74852941176471,46.811764705882354,46.12401960784314
2023_05_TEN_IND,2023,5,2023-10-08,IND,TEN,39,2023-02-12,2023-10-05,44.03169014084507,17,4,17.0,97.0,25.11764705882353,99.0,17,4,17.529411764705884,72.0,21.11764705882353,70.0,40.38235294117647,41.31617647058823,41.004901960784316
2023_05_GB_LV,2023,5,2023-10-09,LV,GB,30,2023-02-12,2023-10-08,44.03169014084507,17,4,23.235294117647058,62.0,24.58823529411765,101.0,17,4,21.764705882352942,100.0,21.823529411764707,96.0,45.705882352941174,45.290441176470594,45.42892156862745
2023_06_DEN_KC,2023,6,2023-10-12,KC,DEN,27,2023-02-12,2023-10-09,44.03169014084507,20,5,29.2,128.0,22.2,80.0,17,5,16.88235294117647,121.0,21.11764705882353,181.0,44.7,48.2,47.12307692307692
2023_06_ARI_LA,2023,6,2023-10-15,LAR,ARI,35,2023-02-12,2023-10-12,44.03169014084507,17,5,18.058823529411764,112.0,22.58823529411765,108.0,17,5,20.0,108.0,26.41176470588235,136.0,43.529411764705884,45.12418300653595,44.633484162895925
2023_06_BAL_TEN,2023,6,2023-10-15,TEN,BAL,40,2023-02-12,2023-10-12,44.03169014084507,17,5,17.529411764705884,88.0,21.11764705882353,93.0,18,5,20.38888888888889,109.0,18.833333333333332,75.0,38.93464052287582,37.582062454611474,37.99824032176973
2023_06_CAR_MIA,2023,6,2023-10-15,MIA,CAR,63,2023-02-12,2023-10-12,44.03169014084507,18,5,23.77777777777778,181.0,24.055555555555557,135.0,17,5,20.41176470588235,91.0,22.0,144.0,45.122549019607845,50.665577342047925,48.96003016591252
2023_06_DET_TB,2023,6,2023-10-15,TB,DET,26,2023-02-12,2023-10-12,44.03169014084507,18,4,18.166666666666668,84.0,21.61111111111111,68.0,17,5,26.647058823529413,148.0,25.11764705882353,107.0,45.771241830065364,45.114379084967325,45.32788671023965
2023_06_IND_JAX,2023,6,2023-10-15,JAX,IND,57,2023-02-12,2023-10-12,44.03169014084507,19,5,23.94736842105263,105.0,21.42105263157895,102.0,17,5,17.0,120.0,25.11764705882353,115.0,43.743034055727556,43.9969040247678,43.918790188140036
2023_06_MIN_CHI,2023,6,2023-10-15,CHI,MIN,32,2023-02-12,2023-10-12,44.03169014084507,17,5,19.176470588235293,115.0,27.235294117647058,157.0,18,5,24.88888888888889,110.0,25.444444444444443,122.0,48.372549019607845,49.49891067538126,49.15233785822021
2023_06_NE_LV,2023,6,2023-10-15,LV,NE,38,2023-02-12,2023-10-12,44.03169014084507,17,5,23.235294117647058,79.0,24.58823529411765,114.0,17,5,21.41176470588235,55.0,20.41176470588235,131.0,44.8235294117647,40.97712418300654,42.160633484162894
2023_06_NO_HOU,2023,6,2023-10-15,HOU,NO,33,2023-02-12,2023-10-12,44.03169014084507,17,5,17.0,115.0,24.705882352941178,100.0,17,5,19.41176470588235,96.0,20.294117647058822,76.0,40.705882352941174,39.591503267973856,39.93438914027149
2023_06_NYG_BUF,2023,6,2023-10-15,BUF,NYG,23,2023-02-12,2023-10-12,44.03169014084507,18,5,27.72222222222222,159.0,19.11111111111111,80.0,19,5,21.210526315789473,62.0,22.789473684210527,153.0,45.416666666666664,45.40740740740741,45.41025641025641
2023_06_PHI_NYJ,2023,6,2023-10-15,NYJ,PHI,34,2023-02-12,2023-10-12,44.03169014084507,17,5,17.41176470588235,93.0,18.58823529411765,105.0,20,5,29.05,141.0,19.8,104.0,42.425,43.46666666666667,43.146153846153844
2023_06_SEA_CIN,2023,6,2023-10-15,CIN,SEA,30,2023-02-12,2023-10-12,44.03169014084507,19,5,25.736842105263158,83.0,19.57894736842105,114.0,18,4,23.88888888888889,111.0,24.555555555555557,91.0,46.880116959064324,45.75073099415205,46.08505772979457
2023_06_SF_CLE,2023,6,2023-10-15,CLE,SF,36,2023-02-12,2023-10-12,44.03169014084507,17,4,21.235294117647058,76.0,22.41176470588235,60.0,20,5,25.85,167.0,17.15,68.0,43.3235294117647,42.02287581699346,42.48491704374057
2023_06_WAS_ATL,2023,6,2023-10-15,ATL,WAS,40,2023-02-12,2023-10-12,44.03169014084507,17,5,21.470588235294116,83.0,22.705882352941178,96.0,17,5,18.88235294117647,109.0,20.176470588235293,160.0,41.61764705882353,43.385620915032675,42.841628959276015
2023_06_DAL_LAC,2023,6,2023-10-16,LAC,DAL,37,2023-02-12,2023-10-15,44.03169014084507,18,4,23.38888888888889,110.0,23.055555555555557,104.0,19,5,26.842105263157894,134.0,19.736842105263158,83.0,46.51169590643275,47.39254385964912,47.07628579997001
2023_07_JAX_NO,2023,7,2023-10-19,NO,JAX,55,2023-02-12,2023-10-16,44.03169014084507,17,6,19.41176470588235,109.0,20.294117647058822,96.0,19,6,23.94736842105263,142.0,21.42105263157895,122.0,42.537151702786375,40.46486068111455,41.05694383016365
2023_07_ARI_SEA,2023,7,2023-10-22,SEA,ARI,30,2023-02-12,2023-10-19,44.03169014084507,18,5,23.88888888888889,124.0,24.555555555555557,108.0,17,6,20.0,117.0,26.41176470588235,162.0,47.4281045751634,46.88667392883079,47.05384974502621
2023_07_ATL_TB,2023,7,2023-10-22,TB,ATL,29,2023-02-12,2023-10-19,44.03169014084507,18,5,18.166666666666668,90.0,21.61111111111111,88.0,17,6,21.470588235294116,99.0,22.705882352941178,120.0,41.97712418300654,38.513689179375454,39.52874739639446
2023_07_BUF_NE,2023,7,2023-10-22,NE,BUF,54,2023-02-12,2023-10-19,44.03169014084507,17,6,21.41176470588235,72.0,20.41176470588235,152.0,18,6,27.72222222222222,173.0,19.11111111111111,89.0,44.32843137254902,42.03137254901961,42.68767507002801
2023_07_CLE_IND,2023,7,2023-10-22,IND,CLE,77,2023-02-12,2023-10-19,44.03169014084507,17,6,17.0,140.0,25.11764705882353,152.0,17,5,21.235294117647058,95.0,22.41176470588235,77.0,42.88235294117647,42.27843137254902,42.507433742727855
2023_07_DET_BAL,2023,7,2023-10-22,BAL,DET,44,2023-02-12,2023-10-19,44.03169014084507,18,6,20.38888888888889,133.0,18.833333333333332,91.0,17,6,26.647058823529413,168.0,25.11764705882353,113.0,45.49346405228758,43.447385620915036,44.031979458450046
2023_07_GB_DEN,2023,7,2023-10-22,DEN,GB,36,2023-02-12,2023-10-19,44.03169014084507,17,6,16.88235294117647,129.0,21.11764705882353,200.0,17,5,21.764705882352942,113.0,21.823529411764707,113.0,40.794117647058826,46.29183006535948,44.7112152553329
2023_07_LAC_KC,2023,7,2023-10-22,KC,LAC,48,2023-02-12,2023-10-19,44.03169014084507,20,6,29.2,147.0,22.2,88.0,18,5,23.38888888888889,127.0,23.055555555555557,124.0,48.922222222222224,46.29543209876543,47.02301587301587
2023_07_LV_CHI,2023,7,2023-10-22,CHI,LV,42,2023-02-12,2023-10-19,44.03169014084507,17,6,19.176470588235293,128.0,27.235294117647058,176.0,17,6,23.235294117647058,100.0,24.58823529411765,131.0,47.11764705882353,45.59705882352941,46.03151260504202
2023_07_MIA_PHI,2023,7,2023-10-22,PHI,MIA,48,2023-02-12,2023-10-19,44.03169014084507,20,6,29.05,155.0,19.8,124.0,18,6,23.77777777777778,223.0,24.055555555555557,156.0,48.34166666666667,52.236666666666665,51.12380952380953
2023_07_PIT_LA,2023,7,2023-10-22,LAR,PIT,41,2023-02-12,2023-10-19,44.03169014084507,17,6,18.058823529411764,138.0,22.58823529411765,117.0,17,5,18.11764705882353,79.0,20.352941176470587,110.0,39.55882352941177,39.92843137254902,39.82692307692308
2023_07_WAS_NYG,2023,7,2023-10-22,NYG,WAS,21,2023-02-12,2023-10-19,44.03169014084507,19,6,21.210526315789473,71.0,22.789473684210527,167.0,17,6,18.88235294117647,133.0,20.176470588235293,176.0,41.529411764705884,43.96176470588235,43.266806722689076
2023_07_SF_MIN,2023,7,2023-10-23,MIN,SF,39,2023-02-12,2023-10-22,44.03169014084507,18,6,24.88888888888889,129.0,25.444444444444443,135.0,20,6,25.85,184.0,17.15,87.0,46.666666666666664,45.416666666666664,45.77380952380952
2023_08_TB_BUF,2023,8,2023-10-26,BUF,TB,42,2023-02-12,2023-10-23,44.03169014084507,18,7,27.72222222222222,198.0,19.11111111111111,118.0,18,6,18.166666666666668,103.0,21.61111111111111,104.0,43.30555555555556,41.18434343434344,41.78015873015873
2023_08_ATL_TEN,2023,8,2023-10-29,TEN,ATL,51,2023-02-12,2023-10-26,44.03169014084507,17,6,17.529411764705884,104.0,21.11764705882353,117.0,17,7,21.470588235294116,115.0,22.705882352941178,133.0,41.411764705882355,38.08422459893048,38.98193277310924
2023_08_BAL_ARI,2023,8,2023-10-29,ARI,BAL,55,2023-02-12,2023-10-26,44.03169014084507,17,7,20.0,127.0,26.41176470588235,182.0,18,7,20.38888888888889,171.0,18.833333333333332,97.0,42.81699346405229,41.797088532382645,42.06906318082788
2023_08_CHI_LAC,2023,8,2023-10-29,LAC,CHI,43,2023-02-12,2023-10-26,44.03169014084507,18,6,23.38888888888889,144.0,23.055555555555557,155.0,17,7,19.176470588235293,158.0,27.235294117647058,188.0,46.4281045751634,48.404664289958404,47.85821661998132
2023_08_CIN_SF,2023,8,2023-10-29,SF,CIN,48,2023-02-12,2023-10-26,44.03169014084507,20,7,25.85,201.0,17.15,109.0,19,6,25.736842105263158,100.0,19.57894736842105,127.0,44.1578947368421,42.32224880382775,42.85451127819549
2023_08_CLE_SEA,2023,8,2023-10-29,SEA,CLE,44,2023-02-12,2023-10-26,44.03169014084507,18,6,23.88888888888889,144.0,24.555555555555557,118.0,17,6,21.235294117647058,134.0,22.41176470588235,115.0,46.045751633986924,43.96830065359477,44.56185807656396
2023_08_HOU_CAR,2023,8,2023-10-29,CAR,HOU,28,2023-02-12,2023-10-26,44.03169014084507,17,6,20.41176470588235,112.0,22.0,186.0,17,6,17.0,135.0,24.705882352941178,113.0,42.05882352941177,44.12352941176471,43.53361344537815
2023_08_JAX_PIT,2023,8,2023-10-29,PIT,JAX,30,2023-02-12,2023-10-26,44.03169014084507,17,6,18.11764705882353,103.0,20.352941176470587,127.0,19,7,23.94736842105263,173.0,21.42105263157895,146.0,41.919504643962846,41.94292147481002,41.93746130030959
2023_08_KC_DEN,2023,8,2023-10-29,DEN,KC,33,2023-02-12,2023-10-26,44.03169014084507,17,7,16.88235294117647,148.0,21.11764705882353,217.0,20,7,29.2,178.0,22.2,105.0,44.7,45.70909090909091,45.44
2023_08_LA_DAL,2023,8,2023-10-29,DAL,LAR,63,2023-02-12,2023-10-26,44.03169014084507,19,6,26.842105263157894,154.0,19.736842105263158,100.0,17,7,18.058823529411764,155.0,22.58823529411765,141.0,43.61300309597523,42.86070925978047,43.08558160106148
2023_08_MIN_GB,2023,8,2023-10-29,GB,MIN,34,2023-02-12,2023-10-26,44.03169014084507,17,6,21.764705882352942,130.0,21.823529411764707,132.0,18,7,24.88888888888889,151.0,25.444444444444443,152.0,46.96078431372549,44.741889483065954,45.33314659197012
2023_08_NE_MIA,2023,8,2023-10-29,MIA,NE,48,2023-02-12,2023-10-26,44.03169014084507,18,7,23.77777777777778,240.0,24.055555555555557,187.0,17,7,21.41176470588235,101.0,20.41176470588235,177.0,44.82843137254902,48.34670231729055,47.40849673202614
2023_08_NO_IND,2023,8,2023-10-29,IND,NO,65,2023-02-12,2023-10-26,44.03169014084507,17,7,17.0,178.0,25.11764705882353,191.0,17,7,19.41176470588235,133.0,20.294117647058822,127.0,40.91176470588235,43.467914438502675,42.78627450980392
2023_08_NYJ_NYG,2023,8,2023-10-29,NYG,NYJ,23,2023-02-12,2023-10-26,44.03169014084507,19,7,21.210526315789473,85.0,22.789473684210527,174.0,17,6,17.41176470588235,113.0,18.58823529411765,119.0,40.0,38.57272727272727,38.93809523809524
2023_08_PHI_WAS,2023,8,2023-10-29,WAS,PHI,69,2023-02-12,2023-10-26,44.03169014084507,17,7,18.88235294117647,140.0,20.176470588235293,190.0,20,7,29.05,186.0,19.8,141.0,43.95441176470588,45.84705882352941,45.342352941176465
2023_08_LV_DET,2023,8,2023-10-30,DET,LV,40,2023-02-12,2023-10-29,44.03169014084507,17,7,26.647058823529413,174.0,25.11764705882353,151.0,17,7,23.235294117647058,112.0,24.58823529411765,161.0,49.794117647058826,45.288770053475936,46.490196078431374
2023_09_TEN_PIT,2023,9,2023-11-02,PIT,TEN,36,2023-02-12,2023-10-30,44.03169014084507,17,7,18.11764705882353,113.0,20.352941176470587,147.0,17,7,17.529411764705884,132.0,21.11764705882353,140.0,38.55882352941177,38.20320855614973,38.29803921568627
2023_09_ARI_CLE,2023,9,2023-11-05,CLE,ARI,27,2023-02-12,2023-11-02,44.03169014084507,17,7,21.235294117647058,154.0,22.41176470588235,139.0,17,8,20.0,151.0,26.41176470588235,213.0,45.029411764705884,44.15597147950089,44.38382352941176
2023_09_BUF_CIN,2023,9,2023-11-05,CIN,BUF,42,2023-02-12,2023-11-02,44.03169014084507,19,7,25.736842105263158,131.0,19.57894736842105,144.0,18,8,27.72222222222222,222.0,19.11111111111111,136.0,46.07456140350877,43.461456671982994,44.14671052631579
2023_09_CHI_NO,2023,9,2023-11-05,NO,CHI,41,2023-02-12,2023-11-02,44.03169014084507,17,8,19.41176470588235,171.0,20.294117647058822,154.0,17,8,19.176470588235293,171.0,27.235294117647058,218.0,43.05882352941176,44.10294117647059,43.841911764705884
2023_09_DAL_PHI,2023,9,2023-11-05,PHI,DAL,51,2023-02-12,2023-11-02,44.03169014084507,20,8,29.05,224.0,19.8,172.0,19,7,26.842105263157894,197.0,19.736842105263158,120.0,47.714473684210525,47.51965709728867,47.575219298245614
2023_09_IND_CAR,2023,9,2023-11-05,CAR,IND,40,2023-02-12,2023-11-02,44.03169014084507,17,7,20.41176470588235,127.0,22.0,199.0,17,8,17.0,205.0,25.11764705882353,229.0,42.26470588235294,47.63235294117647,46.268382352941174
2023_09_LA_GB,2023,9,2023-11-05,GB,LAR,23,2023-02-12,2023-11-02,44.03169014084507,17,7,21.764705882352942,140.0,21.823529411764707,156.0,17,8,18.058823529411764,175.0,22.58823529411765,184.0,42.11764705882353,43.11252228163993,42.87071078431373
2023_09_MIA_KC,2023,9,2023-11-05,KC,MIA,35,2023-02-12,2023-11-02,44.03169014084507,20,8,29.2,187.0,22.2,129.0,18,8,23.77777777777778,271.0,24.055555555555557,204.0,49.61666666666667,49.49722222222222,49.52708333333334
2023_09_MIN_ATL,2023,9,2023-11-05,ATL,MIN,59,2023-02-12,2023-11-02,44.03169014084507,17,8,21.470588235294116,138.0,22.705882352941178,161.0,18,8,24.88888888888889,175.0,25.444444444444443,162.0,47.25490196078431,42.251633986928105,43.502450980392155
2023_09_NYG_LV,2023,9,2023-11-05,LV,NYG,36,2023-02-12,2023-11-02,44.03169014084507,17,8,23.235294117647058,126.0,24.58823529411765,187.0,19,8,21.210526315789473,95.0,22.789473684210527,187.0,45.911764705882355,40.095588235294116,41.549632352941174
2023_09_SEA_BAL,2023,9,2023-11-05,BAL,SEA,40,2023-02-12,2023-11-02,44.03169014084507,18,8,20.38888888888889,202.0,18.833333333333332,121.0,18,7,23.88888888888889,168.0,24.555555555555557,138.0,43.833333333333336,42.71254208754209,43.01782407407407
2023_09_TB_HOU,2023,9,2023-11-05,HOU,TB,76,2023-02-12,2023-11-02,44.03169014084507,17,7,17.0,148.0,24.705882352941178,128.0,18,7,18.166666666666668,121.0,21.61111111111111,128.0,40.74183006535948,38.678847296494354,39.22897603485839
2023_09_WAS_NE,2023,9,2023-11-05,NE,WAS,37,2023-02-12,2023-11-02,44.03169014084507,17,8,21.41176470588235,118.0,20.41176470588235,208.0,17,8,18.88235294117647,171.0,20.176470588235293,228.0,40.44117647058823,43.68872549019608,42.876838235294116
2023_09_LAC_NYJ,2023,9,2023-11-06,NYJ,LAC,33,2023-02-12,2023-11-05,44.03169014084507,17,7,17.41176470588235,126.0,18.58823529411765,129.0,18,7,23.38888888888889,174.0,23.055555555555557,168.0,41.22222222222222,42.12626262626263,41.885185185185186
2023_10_CAR_CHI,2023,10,2023-11-09,CHI,CAR,29,2023-02-12,2023-11-06,44.03169014084507,17,9,19.176470588235293,188.0,27.235294117647058,242.0,17,8,20.41176470588235,140.0,22.0,226.0,44.41176470588235,45.9973604826546,45.60791522491349
2023_10_ATL_ARI,2023,10,2023-11-12,ARI,ATL,48,2023-02-12,2023-11-09,44.03169014084507,17,9,20.0,151.0,26.41176470588235,240.0,17,9,21.470588235294116,166.0,22.705882352941178,192.0,45.294117647058826,42.744343891402714,43.344290657439444
2023_10_CLE_BAL,2023,10,2023-11-12,BAL,CLE,64,2023-02-12,2023-11-09,44.03169014084507,18,9,20.38888888888889,239.0,18.833333333333332,124.0,17,8,21.235294117647058,181.0,22.41176470588235,139.0,41.43464052287582,40.60356963298139,40.81699346405229
2023_10_DET_LAC,2023,10,2023-11-12,LAC,DET,79,2023-02-12,2023-11-09,44.03169014084507,18,8,23.38888888888889,201.0,23.055555555555557,174.0,17,8,26.647058823529413,200.0,25.11764705882353,165.0,49.10457516339869,47.20152505446623,47.677287581699346
2023_10_GB_PIT,2023,10,2023-11-12,PIT,GB,42,2023-02-12,2023-11-09,44.03169014084507,17,8,18.11764705882353,133.0,20.352941176470587,163.0,17,8,21.764705882352942,160.0,21.823529411764707,159.0,41.029411764705884,39.3014705882353,39.73345588235294
2023_10_HOU_CIN,2023,10,2023-11-12,CIN,HOU,57,2023-02-12,2023-11-09,44.03169014084507,19,8,25.736842105263158,155.0,19.57894736842105,162.0,17,8,17.0,187.0,24.705882352941178,165.0,43.51083591331269,42.37861197110423,42.661667956656345
2023_10_IND_NE,2023,10,2023-11-12,NE,IND,16,2023-02-12,2023-11-09,44.03169014084507,17,9,21.41176470588235,135.0,20.41176470588235,228.0,17,9,17.0,232.0,25.11764705882353,242.0,41.970588235294116,45.10633484162896,44.36851211072664
2023_10_NO_MIN,2023,10,2023-11-12,MIN,NO,46,2023-02-12,2023-11-09,44.03169014084507,18,9,24.88888888888889,206.0,25.444444444444443,190.0,17,9,19.41176470588235,195.0,20.294117647058822,171.0,45.01960784313725,43.159879336349924,43.59746251441753
2023_10_NYG_DAL,2023,10,2023-11-12,DAL,NYG,66,2023-02-12,2023-11-09,44.03169014084507,19,8,26.842105263157894,220.0,19.736842105263158,148.0,19,9,21.210526315789473,101.0,22.789473684210527,217.0,45.28947368421053,42.09649122807017,42.85061919504644
2023_10_NYJ_LV,2023,10,2023-11-12,LV,NYJ,28,2023-02-12,2023-11-09,44.03169014084507,17,9,23.235294117647058,156.0,24.58823529411765,193.0,17,8,17.41176470588235,132.0,18.58823529411765,156.0,41.911764705882355,38.78054298642534,39.517301038062286
2023_10_SF_JAX,2023,10,2023-11-12,JAX,SF,37,2023-02-12,2023-11-09,44.03169014084507,19,8,23.94736842105263,193.0,21.42105263157895,156.0,20,8,25.85,218.0,17.15,140.0,44.18421052631579,44.18640350877193,44.18585526315789
2023_10_TEN_TB,2023,10,2023-11-12,TB,TEN,26,2023-02-12,2023-11-09,44.03169014084507,18,8,18.166666666666668,158.0,21.61111111111111,167.0,17,8,17.529411764705884,148.0,21.11764705882353,160.0,39.212418300653596,39.445806100217865,39.3874591503268
2023_10_WAS_SEA,2023,10,2023-11-12,SEA,WAS,55,2023-02-12,2023-11-09,44.03169014084507,18,8,23.88888888888889,171.0,24.555555555555557,175.0,17,9,18.88235294117647,191.0,20.176470588235293,245.0,43.751633986928105,45.26902128372716,44.93745194156094
2023_10_DEN_BUF,2023,10,2023-11-13,BUF,DEN,46,2023-02-12,2023-11-12,44.03169014084507,18,9,27.72222222222222,240.0,19.11111111111111,160.0,17,8,16.88235294117647,172.0,21.11764705882353,226.0,42.416666666666664,45.50641025641026,44.72181372549019
2023_11_CIN_BAL,2023,11,2023-11-16,BAL,CIN,54,2023-02-12,2023-11-13,44.03169014084507,18,10,20.38888888888889,270.0,18.833333333333332,157.0,19,9,25.736842105263158,182.0,19.57894736842105,192.0,42.26900584795322,42.20944990681833,42.239699193517566
2023_11_ARI_HOU,2023,11,2023-11-19,HOU,ARI,37,2023-02-12,2023-11-16,44.03169014084507,17,9,17.0,217.0,24.705882352941178,192.0,17,10,20.0,176.0,26.41176470588235,263.0,44.05882352941177,44.455882352941174,44.35073048827374
2023_11_CHI_DET,2023,11,2023-11-19,DET,CHI,57,2023-02-12,2023-11-16,44.03169014084507,17,9,26.647058823529413,241.0,25.11764705882353,203.0,17,10,19.176470588235293,204.0,27.235294117647058,255.0,49.088235294117645,48.06383322559793,48.30247981545559
2023_11_DAL_CAR,2023,11,2023-11-19,CAR,DAL,43,2023-02-12,2023-11-16,44.03169014084507,17,9,20.41176470588235,153.0,22.0,242.0,19,9,26.842105263157894,269.0,19.736842105263158,165.0,44.4953560371517,45.57549416527745,45.32134401748315
2023_11_LAC_GB,2023,11,2023-11-19,GB,LAC,43,2023-02-12,2023-11-16,44.03169014084507,17,9,21.764705882352942,179.0,21.823529411764707,182.0,18,9,23.38888888888889,239.0,23.055555555555557,215.0,45.01633986928105,45.19733534439417,45.15474817377932
2023_11_LV_MIA,2023,11,2023-11-19,MIA,LV,33,2023-02-12,2023-11-16,44.03169014084507,18,9,23.77777777777778,285.0,24.055555555555557,225.0,17,10,23.235294117647058,172.0,24.58823529411765,205.0,47.82843137254902,47.27057746175393,47.35457516339869
2023_11_MIN_DEN,2023,11,2023-11-19,DEN,MIN,41,2023-02-12,2023-11-16,44.03169014084507,17,9,16.88235294117647,196.0,21.11764705882353,248.0,18,10,24.88888888888889,233.0,25.444444444444443,209.0,44.166666666666664,45.8992673992674,45.46296296296296
2023_11_NYG_WAS,2023,11,2023-11-19,WAS,NYG,50,2023-02-12,2023-11-16,44.03169014084507,17,10,18.88235294117647,217.0,20.176470588235293,274.0,19,10,21.210526315789473,118.0,22.789473684210527,266.0,41.529411764705884,43.115546218487395,42.76307189542484
2023_11_NYJ_BUF,2023,11,2023-11-19,BUF,NYJ,38,2023-02-12,2023-11-16,44.03169014084507,18,10,27.72222222222222,262.0,19.11111111111111,184.0,17,9,17.41176470588235,144.0,18.58823529411765,172.0,41.416666666666664,40.311355311355314,40.56100217864924
2023_11_PIT_CLE,2023,11,2023-11-19,CLE,PIT,23,2023-02-12,2023-11-16,44.03169014084507,17,9,21.235294117647058,214.0,22.41176470588235,170.0,17,9,18.11764705882353,156.0,20.352941176470587,182.0,41.05882352941176,40.4027149321267,40.55709342560553
2023_11_SEA_LA,2023,11,2023-11-19,LAR,SEA,33,2023-02-12,2023-11-16,44.03169014084507,17,9,18.058823529411764,178.0,22.58823529411765,204.0,18,9,23.88888888888889,200.0,24.555555555555557,201.0,44.54575163398693,43.82176973353444,43.99211841599385
2023_11_TB_SF,2023,11,2023-11-19,SF,TB,41,2023-02-12,2023-11-16,44.03169014084507,20,9,25.85,252.0,17.15,143.0,18,9,18.166666666666668,178.0,21.61111111111111,173.0,41.388888888888886,41.427350427350426,41.41830065359477
2023_11_TEN_JAX,2023,11,2023-11-19,JAX,TEN,48,2023-02-12,2023-11-16,44.03169014084507,19,9,23.94736842105263,196.0,21.42105263157895,190.0,17,9,17.529411764705884,154.0,21.11764705882353,180.0,42.0077399380805,40.617766134793996,40.94481879439082
2023_11_PHI_KC,2023,11,2023-11-20,KC,PHI,38,2023-02-12,2023-11-19,44.03169014084507,20,9,29.2,208.0,22.2,143.0,20,9,29.05,252.0,19.8,195.0,50.125,46.11538461538461,47.05882352941176
2023_12_GB_DET,2023,12,2023-11-23,DET,GB,51,2023-02-12,2023-11-20,44.03169014084507,17,10,26.647058823529413,272.0,25.11764705882353,229.0,17,10,21.764705882352942,202.0,21.823529411764707,202.0,47.6764705882353,45.94327731092437,46.32843137254902
2023_12_SF_SEA,2023,12,2023-11-23,SEA,SF,44,2023-02-12,2023-11-20,44.03169014084507,18,10,23.88888888888889,216.0,24.555555555555557,218.0,20,10,25.85,279.0,17.15,157.0,45.72222222222222,44.13492063492063,44.48765432098766
2023_12_WAS_DAL,2023,12,2023-11-23,DAL,WAS,55,2023-02-12,2023-11-20,44.03169014084507,19,10,26.842105263157894,302.0,19.736842105263158,175.0,17,11,18.88235294117647,236.0,20.176470588235293,305.0,42.818885448916404,46.93102609464838,46.06062951496388
2023_12_MIA_NYJ,2023,12,2023-11-24,NYJ,MIA,47,2023-02-12,2023-11-23,44.03169014084507,17,10,17.41176470588235,150.0,18.58823529411765,204.0,18,10,23.77777777777778,305.0,24.055555555555557,238.0,41.91666666666667,44.01190476190476,43.5462962962963
2023_12_BAL_LAC,2023,12,2023-11-26,LAC,BAL,30,2023-02-12,2023-11-24,44.03169014084507,18,10,23.38888888888889,259.0,23.055555555555557,238.0,18,11,20.38888888888889,304.0,18.833333333333332,177.0,42.833333333333336,45.64788359788359,45.041747888239115
2023_12_BUF_PHI,2023,12,2023-11-26,PHI,BUF,71,2023-02-12,2023-11-24,44.03169014084507,20,10,29.05,273.0,19.8,212.0,18,11,27.72222222222222,294.0,19.11111111111111,190.0,47.84166666666667,46.67777777777778,46.924269005847954
2023_12_CAR_TEN,2023,12,2023-11-26,TEN,CAR,27,2023-02-12,2023-11-24,44.03169014084507,17,10,17.529411764705884,168.0,21.11764705882353,214.0,17,10,20.41176470588235,163.0,22.0,275.0,40.529411764705884,40.865546218487395,40.790849673202615
2023_12_CLE_DEN,2023,12,2023-11-26,DEN,CLE,41,2023-02-12,2023-11-24,44.03169014084507,17,10,16.88235294117647,217.0,21.11764705882353,268.0,17,10,21.235294117647058,227.0,22.41176470588235,180.0,40.8235294117647,43.52100840336134,42.92156862745098
2023_12_JAX_HOU,2023,12,2023-11-26,HOU,JAX,45,2023-02-12,2023-11-24,44.03169014084507,17,10,17.0,238.0,24.705882352941178,208.0,19,10,23.94736842105263,230.0,21.42105263157895,204.0,43.537151702786375,43.86775762936754,43.79428964568283
2023_12_KC_LV,2023,12,2023-11-26,LV,KC,48,2023-02-12,2023-11-24,44.03169014084507,17,11,23.235294117647058,185.0,24.58823529411765,225.0,20,10,29.2,225.0,22.2,164.0,49.61176470588235,41.278851540616245,43.08536291709666
2023_12_LA_ARI,2023,12,2023-11-26,ARI,LAR,51,2023-02-12,2023-11-24,44.03169014084507,17,11,20.0,192.0,26.41176470588235,284.0,17,10,18.058823529411764,195.0,22.58823529411765,220.0,43.529411764705884,42.68305322128852,42.85767113863089
2023_12_NE_NYG,2023,12,2023-11-26,NYG,NE,17,2023-02-12,2023-11-24,44.03169014084507,19,11,21.210526315789473,149.0,22.789473684210527,285.0,17,10,21.41176470588235,141.0,20.41176470588235,238.0,42.91176470588235,39.843837535014,40.50610595115239
2023_12_NO_ATL,2023,12,2023-11-26,ATL,NO,39,2023-02-12,2023-11-24,44.03169014084507,17,10,21.470588235294116,189.0,22.705882352941178,217.0,17,10,19.41176470588235,214.0,20.294117647058822,198.0,41.94117647058823,41.19747899159664,41.36274509803921
2023_12_PIT_CIN,2023,12,2023-11-26,CIN,PIT,26,2023-02-12,2023-11-24,44.03169014084507,19,10,25.736842105263158,202.0,19.57894736842105,226.0,17,10,18.11764705882353,166.0,20.352941176470587,195.0,41.89318885448916,40.14805395842547,40.53586171310629
2023_12_TB_IND,2023,12,2023-11-26,IND,TB,47,2023-02-12,2023-11-24,44.03169014084507,17,10,17.0,242.0,25.11764705882353,248.0,18,10,18.166666666666668,192.0,21.61111111111111,200.0,40.947712418300654,43.19934640522876,42.698983297022515
2023_12_CHI_MIN,2023,12,2023-11-27,MIN,CHI,22,2023-02-12,2023-11-26,44.03169014084507,18,11,24.88888888888889,253.0,25.444444444444443,230.0,17,11,19.176470588235293,230.0,27.235294117647058,286.0,48.372549019607845,46.19934640522875,46.65686274509804
2023_13_SEA_DAL,2023,13,2023-11-30,DAL,SEA,76,2023-02-12,2023-11-27,44.03169014084507,19,11,26.842105263157894,347.0,19.736842105263158,185.0,18,11,23.88888888888889,229.0,24.555555555555557,249.0,47.51169590643275,46.3364522417154,46.58387196060326
2023_13_ARI_PIT,2023,13,2023-12-03,PIT,ARI,34,2023-02-12,2023-11-30,44.03169014084507,17,11,18.11764705882353,182.0,20.352941176470587,205.0,17,12,20.0,206.0,26.41176470588235,321.0,42.44117647058823,40.299632352941174,40.7406346749226
2023_13_ATL_NYJ,2023,13,2023-12-03,NYJ,ATL,21,2023-02-12,2023-11-30,44.03169014084507,17,11,17.41176470588235,163.0,18.58823529411765,238.0,17,11,21.470588235294116,213.0,22.705882352941178,232.0,40.088235294117645,38.89019607843137,39.142414860681114
2023_13_CAR_TB,2023,13,2023-12-03,TB,CAR,39,2023-02-12,2023-11-30,44.03169014084507,18,11,18.166666666666668,212.0,21.61111111111111,227.0,17,11,20.41176470588235,173.0,22.0,292.0,41.09477124183007,41.09193899782135,41.09253525971792
2023_13_CLE_LA,2023,13,2023-12-03,LAR,CLE,55,2023-02-12,2023-11-30,44.03169014084507,17,11,18.058823529411764,232.0,22.58823529411765,234.0,17,11,21.235294117647058,239.0,22.41176470588235,209.0,42.14705882352941,41.70588235294118,41.79876160990712
2023_13_DEN_HOU,2023,13,2023-12-03,HOU,DEN,39,2023-02-12,2023-11-30,44.03169014084507,17,11,17.0,259.0,24.705882352941178,232.0,17,11,16.88235294117647,246.0,21.11764705882353,280.0,39.85294117647059,44.52745098039216,43.54334365325077
2023_13_DET_NO,2023,13,2023-12-03,NO,DET,61,2023-02-12,2023-11-30,44.03169014084507,17,11,19.41176470588235,229.0,20.294117647058822,222.0,17,11,26.647058823529413,294.0,25.11764705882353,258.0,45.73529411764706,45.62941176470588,45.65170278637771
2023_13_IND_TEN,2023,13,2023-12-03,TEN,IND,59,2023-02-12,2023-11-30,44.03169014084507,17,11,17.529411764705884,185.0,21.11764705882353,224.0,17,11,17.0,269.0,25.11764705882353,268.0,40.38235294117647,42.30196078431373,41.89783281733746
2023_13_KC_GB,2023,13,2023-12-03,GB,KC,46,2023-02-12,2023-11-30,44.03169014084507,17,11,21.764705882352942,231.0,21.823529411764707,224.0,20,11,29.2,256.0,22.2,181.0,47.49411764705882,42.39843137254902,43.471207430340556
2023_13_LAC_NE,2023,13,2023-12-03,NE,LAC,6,2023-02-12,2023-11-30,44.03169014084507,17,11,21.41176470588235,148.0,20.41176470588235,248.0,18,11,23.38888888888889,269.0,23.055555555555557,258.0,44.13398692810458,42.53572984749455,42.87220502235982
2023_13_MIA_WAS,2023,13,2023-12-03,WAS,MIA,60,2023-02-12,2023-11-30,44.03169014084507,17,12,18.88235294117647,246.0,20.176470588235293,350.0,18,11,23.77777777777778,339.0,24.055555555555557,251.0,43.44607843137255,49.551797385620915,48.30825593395252
2023_13_SF_PHI,2023,13,2023-12-03,PHI,SF,61,2023-02-12,2023-11-30,44.03169014084507,20,11,29.05,310.0,19.8,246.0,20,11,25.85,310.0,17.15,170.0,45.925,46.78,46.6
2023_13_CIN_JAX,2023,13,2023-12-04,JAX,CIN,65,2023-02-12,2023-12-03,44.03169014084507,19,11,23.94736842105263,254.0,21.42105263157895,225.0,19,11,25.736842105263158,212.0,19.57894736842105,242.0,45.34210526315789,43.19122807017544,43.64404432132964
2023_14_NE_PIT,2023,14,2023-12-07,PIT,NE,39,2023-02-12,2023-12-04,44.03169014084507,17,12,18.11764705882353,192.0,20.352941176470587,229.0,17,12,21.41176470588235,148.0,20.41176470588235,254.0,40.147058823529406,35.75551470588235,36.633823529411764
2023_14_BUF_KC,2023,14,2023-12-10,KC,BUF,37,2023-02-12,2023-12-07,44.03169014084507,20,12,29.2,275.0,22.2,208.0,18,12,27.72222222222222,328.0,19.11111111111111,227.0,49.11666666666667,44.71666666666667,45.59666666666667
2023_14_CAR_NO,2023,14,2023-12-10,NO,CAR,34,2023-02-12,2023-12-07,44.03169014084507,17,12,19.41176470588235,257.0,20.294117647058822,255.0,17,12,20.41176470588235,191.0,22.0,313.0,41.05882352941176,42.01470588235294,41.8235294117647
2023_14_DEN_LAC,2023,14,2023-12-10,LAC,DEN,31,2023-02-12,2023-12-07,44.03169014084507,18,12,23.38888888888889,275.0,23.055555555555557,258.0,17,12,16.88235294117647,263.0,21.11764705882353,302.0,42.22222222222222,44.86805555555556,44.33888888888889
2023_14_DET_CHI,2023,14,2023-12-10,CHI,DET,41,2023-02-12,2023-12-07,44.03169014084507,17,12,19.176470588235293,242.0,27.235294117647058,296.0,17,12,26.647058823529413,327.0,25.11764705882353,286.0,49.088235294117645,48.24080882352941,48.41029411764706
2023_14_HOU_NYJ,2023,14,2023-12-10,NYJ,HOU,36,2023-02-12,2023-12-07,44.03169014084507,17,12,17.41176470588235,171.0,18.58823529411765,251.0,17,12,17.0,281.0,24.705882352941178,249.0,38.85294117647059,39.463235294117645,39.34117647058824
2023_14_IND_CIN,2023,14,2023-12-10,CIN,IND,48,2023-02-12,2023-12-07,44.03169014084507,19,12,25.736842105263158,246.0,19.57894736842105,273.0,17,12,17.0,300.0,25.11764705882353,296.0,43.71671826625387,45.77292956656347,45.36168730650155
2023_14_JAX_CLE,2023,14,2023-12-10,CLE,JAX,58,2023-02-12,2023-12-07,44.03169014084507,17,12,21.235294117647058,258.0,22.41176470588235,245.0,19,12,23.94736842105263,285.0,21.42105263157895,259.0,44.50773993808049,43.84568498452012,43.97809597523219
2023_14_LA_BAL,2023,14,2023-12-10,BAL,LAR,68,2023-02-12,2023-12-07,44.03169014084507,18,12,20.38888888888889,324.0,18.833333333333332,187.0,17,12,18.058823529411764,268.0,22.58823529411765,253.0,39.93464052287582,42.23366013071895,41.773856209150324
2023_14_MIN_LV,2023,14,2023-12-10,LV,MIN,3,2023-02-12,2023-12-07,44.03169014084507,17,12,23.235294117647058,202.0,24.58823529411765,256.0,18,12,24.88888888888889,263.0,25.444444444444443,242.0,49.07843137254902,42.36335784313725,43.706372549019605
2023_14_PHI_DAL,2023,14,2023-12-10,DAL,PHI,46,2023-02-12,2023-12-07,44.03169014084507,19,12,26.842105263157894,388.0,19.736842105263158,220.0,20,12,29.05,329.0,19.8,288.0,47.714473684210525,50.20986842105263,49.71078947368421
2023_14_SEA_SF,2023,14,2023-12-10,SF,SEA,44,2023-02-12,2023-12-07,44.03169014084507,20,12,25.85,352.0,17.15,189.0,18,12,23.88888888888889,264.0,24.555555555555557,290.0,45.72222222222222,45.64930555555556,45.663888888888884
2023_14_TB_ATL,2023,14,2023-12-10,ATL,TB,54,2023-02-12,2023-12-07,44.03169014084507,17,12,21.470588235294116,226.0,22.705882352941178,240.0,18,12,18.166666666666668,233.0,21.61111111111111,245.0,41.97712418300654,39.994281045751634,40.39084967320262
2023_14_GB_NYG,2023,14,2023-12-11,NYG,GB,46,2023-02-12,2023-12-10,44.03169014084507,19,12,21.210526315789473,159.0,22.789473684210527,292.0,17,12,21.764705882352942,258.0,21.823529411764707,243.0,43.794117647058826,40.6985294117647,41.31764705882353
2023_14_TEN_MIA,2023,14,2023-12-11,MIA,TEN,55,2023-02-12,2023-12-10,44.03169014084507,18,12,23.77777777777778,384.0,24.055555555555557,266.0,17,12,17.529411764705884,213.0,21.11764705882353,255.0,43.240196078431374,45.747549019607845,45.24607843137255
2023_15_LAC_LV,2023,15,2023-12-14,LV,LAC,84,2023-02-12,2023-12-11,44.03169014084507,17,13,23.235294117647058,202.0,24.58823529411765,259.0,18,13,23.38888888888889,282.0,23.055555555555557,282.0,47.13398692810458,41.237408688965786,42.36056644880174
2023_15_DEN_DET,2023,15,2023-12-16,DET,DEN,59,2023-02-12,2023-12-14,44.03169014084507,17,13,26.647058823529413,340.0,25.11764705882353,314.0,17,13,16.88235294117647,287.0,21.11764705882353,309.0,44.88235294117647,47.325259515570934,46.85994397759104
2023_15_MIN_CIN,2023,15,2023-12-16,CIN,MIN,51,2023-02-12,2023-12-14,44.03169014084507,19,13,25.736842105263158,280.0,19.57894736842105,287.0,18,13,24.88888888888889,266.0,25.444444444444443,242.0,47.82456140350877,42.87048503611971,43.8141186299081
2023_15_PIT_IND,2023,15,2023-12-16,IND,PIT,43,2023-02-12,2023-12-14,44.03169014084507,17,13,17.0,314.0,25.11764705882353,330.0,17,13,18.11764705882353,210.0,20.352941176470587,250.0,40.294117647058826,41.951557093425606,41.635854341736696
2023_15_ATL_CAR,2023,15,2023-12-17,CAR,ATL,16,2023-02-12,2023-12-16,44.03169014084507,17,13,20.41176470588235,197.0,22.0,341.0,17,13,21.470588235294116,251.0,22.705882352941178,269.0,43.294117647058826,41.30449826989619,41.68347338935574
2023_15_BAL_JAX,2023,15,2023-12-17,JAX,BAL,30,2023-02-12,2023-12-16,44.03169014084507,19,13,23.94736842105263,312.0,21.42105263157895,290.0,18,13,20.38888888888889,361.0,18.833333333333332,218.0,42.2953216374269,44.687134502923975,44.23155109997215
2023_15_CHI_CLE,2023,15,2023-12-17,CLE,CHI,37,2023-02-12,2023-12-16,44.03169014084507,17,13,21.235294117647058,289.0,22.41176470588235,272.0,17,13,19.176470588235293,270.0,27.235294117647058,309.0,45.029411764705884,44.12456747404844,44.296918767507
2023_15_DAL_BUF,2023,15,2023-12-17,BUF,DAL,41,2023-02-12,2023-12-16,44.03169014084507,18,13,27.72222222222222,348.0,19.11111111111111,244.0,19,13,26.842105263157894,421.0,19.736842105263158,233.0,46.70614035087719,47.63673890608875,47.45948203842941
2023_15_HOU_TEN,2023,15,2023-12-17,TEN,HOU,35,2023-02-12,2023-12-16,44.03169014084507,17,13,17.529411764705884,241.0,21.11764705882353,282.0,17,13,17.0,287.0,24.705882352941178,279.0,40.1764705882353,41.482698961937714,41.23389355742297
2023_15_KC_NE,2023,15,2023-12-17,NE,KC,44,2023-02-12,2023-12-16,44.03169014084507,17,13,21.41176470588235,169.0,20.41176470588235,272.0,20,13,29.2,292.0,22.2,228.0,46.61176470588235,39.23217993079585,40.63781512605042
2023_15_NYG_NO,2023,15,2023-12-17,NO,NYG,30,2023-02-12,2023-12-16,44.03169014084507,17,13,19.41176470588235,285.0,20.294117647058822,261.0,19,13,21.210526315789473,183.0,22.789473684210527,314.0,41.85294117647059,40.5242214532872,40.77731092436974
2023_15_NYJ_MIA,2023,15,2023-12-17,MIA,NYJ,30,2023-02-12,2023-12-16,44.03169014084507,18,13,23.77777777777778,411.0,24.055555555555557,294.0,17,13,17.41176470588235,201.0,18.58823529411765,257.0,41.91666666666667,44.068627450980394,43.65873015873016
2023_15_SF_ARI,2023,15,2023-12-17,ARI,SF,74,2023-02-12,2023-12-16,44.03169014084507,17,13,20.0,230.0,26.41176470588235,331.0,20,13,25.85,380.0,17.15,205.0,44.705882352941174,44.224913494809684,44.31652661064425
2023_15_TB_GB,2023,15,2023-12-17,GB,TB,54,2023-02-12,2023-12-16,44.03169014084507,17,13,21.764705882352942,280.0,21.823529411764707,267.0,18,13,18.166666666666668,262.0,21.61111111111111,270.0,41.68300653594771,41.54306036139946,41.56971677559913
2023_15_WAS_LA,2023,15,2023-12-17,LAR,WAS,48,2023-02-12,2023-12-16,44.03169014084507,17,13,18.058823529411764,299.0,22.58823529411765,290.0,17,13,18.88235294117647,261.0,20.176470588235293,395.0,39.85294117647059,45.99480968858131,44.824929971988794
2023_15_PHI_SEA,2023,15,2023-12-18,SEA,PHI,37,2023-02-12,2023-12-17,44.03169014084507,18,13,23.88888888888889,280.0,24.555555555555557,318.0,20,13,29.05,342.0,19.8,321.0,48.647222222222226,48.53464052287582,48.55608465608466
2023_16_NO_LA,2023,16,2023-12-21,LAR,NO,52,2023-02-12,2023-12-18,44.03169014084507,17,14,18.058823529411764,327.0,22.58823529411765,310.0,17,14,19.41176470588235,309.0,20.294117647058822,267.0,40.17647058823529,42.622549019607845,42.17780748663102
2023_16_BUF_LAC,2023,16,2023-12-23,LAC,BUF,46,2023-02-12,2023-12-21,44.03169014084507,18,14,23.38888888888889,303.0,23.055555555555557,345.0,18,14,27.72222222222222,379.0,19.11111111111111,254.0,46.638888888888886,45.94753086419753,46.073232323232325
2023_16_CIN_PIT,2023,16,2023-12-23,PIT,CIN,45,2023-02-12,2023-12-21,44.03169014084507,17,14,18.11764705882353,223.0,20.352941176470587,280.0,19,14,25.736842105263158,307.0,19.57894736842105,311.0,41.89318885448916,40.4484864121087,40.7111595834506
2023_16_ARI_CHI,2023,16,2023-12-24,CHI,ARI,43,2023-02-12,2023-12-23,44.03169014084507,17,14,19.176470588235293,287.0,27.235294117647058,329.0,17,14,20.0,259.0,26.41176470588235,376.0,46.41176470588235,45.06372549019608,45.30882352941176
2023_16_CLE_HOU,2023,16,2023-12-24,HOU,CLE,58,2023-02-12,2023-12-23,44.03169014084507,17,14,17.0,306.0,24.705882352941178,295.0,17,14,21.235294117647058,309.0,22.41176470588235,289.0,42.67647058823529,42.78921568627451,42.768716577540104
2023_16_DAL_MIA,2023,16,2023-12-24,MIA,DAL,42,2023-02-12,2023-12-23,44.03169014084507,18,14,23.77777777777778,441.0,24.055555555555557,294.0,19,14,26.842105263157894,431.0,19.736842105263158,264.0,47.20614035087719,50.212475633528264,49.665869218500795
2023_16_DET_MIN,2023,16,2023-12-24,MIN,DET,54,2023-02-12,2023-12-23,44.03169014084507,18,14,24.88888888888889,290.0,25.444444444444443,269.0,17,14,26.647058823529413,382.0,25.11764705882353,331.0,51.049019607843135,46.677559912854036,47.47237076648842
2023_16_GB_CAR,2023,16,2023-12-24,CAR,GB,63,2023-02-12,2023-12-23,44.03169014084507,17,14,20.41176470588235,206.0,22.0,348.0,17,14,21.764705882352942,300.0,21.823529411764707,301.0,43.0,41.638888888888886,41.88636363636364
2023_16_IND_ATL,2023,16,2023-12-24,ATL,IND,39,2023-02-12,2023-12-23,44.03169014084507,17,14,21.470588235294116,258.0,22.705882352941178,278.0,17,14,17.0,344.0,25.11764705882353,343.0,43.14705882352941,43.560457516339866,43.48529411764706
2023_16_JAX_TB,2023,16,2023-12-24,TB,JAX,42,2023-02-12,2023-12-23,44.03169014084507,18,14,18.166666666666668,296.0,21.61111111111111,290.0,19,14,23.94736842105263,319.0,21.42105263157895,313.0,42.57309941520468,43.29402209226771,43.162945241892615
2023_16_NE_DEN,2023,16,2023-12-24,DEN,NE,49,2023-02-12,2023-12-23,44.03169014084507,17,14,16.88235294117647,304.0,21.11764705882353,351.0,17,14,21.41176470588235,186.0,20.41176470588235,299.0,39.91176470588235,40.5359477124183,40.42245989304813
2023_16_SEA_TEN,2023,16,2023-12-24,TEN,SEA,37,2023-02-12,2023-12-23,44.03169014084507,17,14,17.529411764705884,257.0,21.11764705882353,301.0,18,14,23.88888888888889,300.0,24.555555555555557,335.0,43.54575163398693,42.81572258533043,42.94845513963161
2023_16_WAS_NYJ,2023,16,2023-12-24,NYJ,WAS,58,2023-02-12,2023-12-23,44.03169014084507,17,14,17.41176470588235,201.0,18.58823529411765,287.0,17,14,18.88235294117647,281.0,20.176470588235293,423.0,37.529411764705884,41.450980392156865,40.73796791443851
2023_16_BAL_SF,2023,16,2023-12-25,SF,BAL,52,2023-02-12,2023-12-24,44.03169014084507,20,14,25.85,425.0,17.15,234.0,18,14,20.38888888888889,384.0,18.833333333333332,225.0,41.111111111111114,44.358024691358025,43.76767676767676
2023_16_LV_KC,2023,16,2023-12-25,KC,LV,34,2023-02-12,2023-12-24,44.03169014084507,20,14,29.2,319.0,22.2,245.0,17,14,23.235294117647058,265.0,24.58823529411765,280.0,49.61176470588235,41.83039215686274,43.245187165775405
2023_16_NYG_PHI,2023,16,2023-12-25,PHI,NYG,58,2023-02-12,2023-12-24,44.03169014084507,20,14,29.05,359.0,19.8,341.0,19,14,21.210526315789473,189.0,22.789473684210527,338.0,46.425,44.4,44.768181818181816
2023_17_NYJ_CLE,2023,17,2023-12-28,CLE,NYJ,57,2023-02-12,2023-12-25,44.03169014084507,17,15,21.235294117647058,345.0,22.41176470588235,311.0,17,15,17.41176470588235,231.0,18.58823529411765,315.0,39.8235294117647,40.01547987616099,39.98209718670076
2023_17_DET_DAL,2023,17,2023-12-30,DAL,DET,39,2023-02-12,2023-12-28,44.03169014084507,19,15,26.842105263157894,451.0,19.736842105263158,286.0,17,15,26.647058823529413,412.0,25.11764705882353,355.0,49.171826625387,49.93091086850253,49.798896217525915
2023_17_ARI_PHI,2023,17,2023-12-31,PHI,ARI,66,2023-02-12,2023-12-30,44.03169014084507,20,15,29.05,392.0,19.8,366.0,17,15,20.0,275.0,26.41176470588235,403.0,47.63088235294118,47.81702786377709,47.7846547314578
2023_17_ATL_CHI,2023,17,2023-12-31,CHI,ATL,54,2023-02-12,2023-12-30,44.03169014084507,17,15,19.176470588235293,314.0,27.235294117647058,345.0,17,15,21.470588235294116,287.0,22.705882352941178,288.0,45.294117647058826,42.00928792569659,42.58056265984655
2023_17_CAR_JAX,2023,17,2023-12-31,JAX,CAR,26,2023-02-12,2023-12-30,44.03169014084507,19,15,23.94736842105263,331.0,21.42105263157895,343.0,17,15,20.41176470588235,236.0,22.0,381.0,43.89009287925697,43.213703764054095,43.331336653654596
2023_17_CIN_KC,2023,17,2023-12-31,KC,CIN,42,2023-02-12,2023-12-30,44.03169014084507,20,15,29.2,333.0,22.2,265.0,19,15,25.736842105263158,318.0,19.57894736842105,345.0,48.357894736842105,43.36481994459834,44.233180778032036
2023_17_GB_MIN,2023,17,2023-12-31,MIN,GB,43,2023-02-12,2023-12-30,44.03169014084507,18,15,24.88888888888889,314.0,25.444444444444443,299.0,17,15,21.764705882352942,333.0,21.823529411764707,331.0,46.96078431372549,43.491744066047474,44.09505541346974
2023_17_LAC_DEN,2023,17,2023-12-31,DEN,LAC,25,2023-02-12,2023-12-30,44.03169014084507,17,15,16.88235294117647,327.0,21.11764705882353,377.0,18,15,23.38888888888889,325.0,23.055555555555557,369.0,42.22222222222222,45.67836257309941,45.07729468599034
2023_17_LA_NYG,2023,17,2023-12-31,NYG,LAR,51,2023-02-12,2023-12-30,44.03169014084507,19,15,21.210526315789473,214.0,22.789473684210527,371.0,17,15,18.058823529411764,357.0,22.58823529411765,332.0,42.32352941176471,42.43653250773994,42.41687979539642
2023_17_LV_IND,2023,17,2023-12-31,IND,LV,43,2023-02-12,2023-12-30,44.03169014084507,17,15,17.0,354.0,25.11764705882353,372.0,17,15,23.235294117647058,285.0,24.58823529411765,294.0,44.970588235294116,43.809597523219814,44.011508951406654
2023_17_MIA_BAL,2023,17,2023-12-31,BAL,MIA,75,2023-02-12,2023-12-30,44.03169014084507,18,15,20.38888888888889,417.0,18.833333333333332,244.0,18,15,23.77777777777778,463.0,24.055555555555557,314.0,43.52777777777778,47.005847953216374,46.40096618357488
2023_17_NE_BUF,2023,17,2023-12-31,BUF,NE,48,2023-02-12,2023-12-30,44.03169014084507,18,15,27.72222222222222,403.0,19.11111111111111,276.0,17,15,21.41176470588235,212.0,20.41176470588235,322.0,44.32843137254902,41.25335397316822,41.788150042625745
2023_17_NO_TB,2023,17,2023-12-31,TB,NO,36,2023-02-12,2023-12-30,44.03169014084507,18,15,18.166666666666668,326.0,21.61111111111111,302.0,17,15,19.41176470588235,331.0,20.294117647058822,297.0,39.74183006535948,41.41933264533884,41.12759306621199
2023_17_PIT_SEA,2023,17,2023-12-31,SEA,PIT,53,2023-02-12,2023-12-30,44.03169014084507,18,15,23.88888888888889,320.0,24.555555555555557,352.0,17,15,18.11764705882353,257.0,20.352941176470587,291.0,43.45751633986928,41.25421396628827,41.63739698778062
2023_17_SF_WAS,2023,17,2023-12-31,WAS,SF,37,2023-02-12,2023-12-30,44.03169014084507,17,15,18.88235294117647,309.0,20.176470588235293,453.0,20,15,25.85,444.0,17.15,267.0,41.029411764705884,47.40092879256966,46.2928388746803
2023_17_TEN_HOU,2023,17,2023-12-31,HOU,TEN,29,2023-02-12,2023-12-30,44.03169014084507,17,15,17.0,328.0,24.705882352941178,331.0,17,15,17.529411764705884,274.0,21.11764705882353,321.0,40.1764705882353,41.45820433436533,41.23529411764706
2023_18_HOU_IND,2023,18,2024-01-06,IND,HOU,42,2023-02-12,2023-12-31,44.03169014084507,17,16,17.0,377.0,25.11764705882353,392.0,17,16,17.0,354.0,24.705882352941178,334.0,41.911764705882355,44.807352941176475,44.32475490196079
2023_18_PIT_BAL,2023,18,2024-01-06,BAL,PIT,27,2023-02-12,2023-12-31,44.03169014084507,18,16,20.38888888888889,473.0,18.833333333333332,263.0,17,16,18.11764705882353,287.0,20.352941176470587,314.0,38.84640522875817,41.19428104575164,40.80296840958606
2023_18_ATL_NO,2023,18,2024-01-07,NO,ATL,65,2023-02-12,2024-01-06,44.03169014084507,17,16,19.41176470588235,354.0,20.294117647058822,310.0,17,16,21.470588235294116,304.0,22.705882352941178,325.0,41.94117647058823,40.713235294117645,40.91789215686275
2023_18_BUF_MIA,2023,18,2024-01-07,MIA,BUF,35,2023-02-12,2024-01-06,44.03169014084507,18,16,23.77777777777778,482.0,24.055555555555557,370.0,18,16,27.72222222222222,430.0,19.11111111111111,297.0,47.333333333333336,48.94166666666666,48.673611111111114
2023_18_CHI_GB,2023,18,2024-01-07,GB,CHI,26,2023-02-12,2024-01-06,44.03169014084507,17,16,21.764705882352942,366.0,21.823529411764707,341.0,17,16,19.176470588235293,351.0,27.235294117647058,362.0,45.0,44.5,44.58333333333333
2023_18_CLE_CIN,2023,18,2024-01-07,CIN,CLE,45,2023-02-12,2024-01-06,44.03169014084507,19,16,25.736842105263158,335.0,19.57894736842105,370.0,17,16,21.235294117647058,382.0,22.41176470588235,331.0,44.481424148606806,44.34628482972136,44.3688080495356
2023_18_DAL_WAS,2023,18,2024-01-07,WAS,DAL,48,2023-02-12,2024-01-06,44.03169014084507,17,16,18.88235294117647,319.0,20.176470588235293,480.0,19,16,26.842105263157894,471.0,19.736842105263158,305.0,42.818885448916404,47.93877708978329,47.08546181630547
2023_18_DEN_LV,2023,18,2024-01-07,LV,DEN,41,2023-02-12,2024-01-06,44.03169014084507,17,16,23.235294117647058,305.0,24.58823529411765,317.0,17,16,16.88235294117647,343.0,21.11764705882353,386.0,42.911764705882355,42.35735294117647,42.44975490196079
2023_18_JAX_TEN,2023,18,2024-01-07,TEN,JAX,48,2023-02-12,2024-01-06,44.03169014084507,17,16,17.529411764705884,277.0,21.11764705882353,347.0,19,16,23.94736842105263,357.0,21.42105263157895,343.0,42.0077399380805,41.5015479876161,41.5859133126935
2023_18_KC_LAC,2023,18,2024-01-07,LAC,KC,25,2023-02-12,2024-01-06,44.03169014084507,18,16,23.38888888888889,334.0,23.055555555555557,385.0,20,16,29.2,358.0,22.2,282.0,48.922222222222224,43.75944444444444,44.61990740740741
2023_18_LA_SF,2023,18,2024-01-07,SF,LAR,41,2023-02-12,2024-01-06,44.03169014084507,20,16,25.85,471.0,17.15,277.0,17,16,18.058823529411764,383.0,22.58823529411765,357.0,41.82352941176471,45.56470588235294,44.94117647058823
2023_18_MIN_DET,2023,18,2024-01-07,DET,MIN,50,2023-02-12,2024-01-06,44.03169014084507,17,16,26.647058823529413,431.0,25.11764705882353,375.0,18,16,24.88888888888889,324.0,25.444444444444443,332.0,51.049019607843135,46.75980392156863,47.47467320261438
2023_18_NYJ_NE,2023,18,2024-01-07,NE,NYJ,20,2023-02-12,2024-01-06,44.03169014084507,17,16,21.41176470588235,233.0,20.41176470588235,349.0,17,16,17.41176470588235,251.0,18.58823529411765,352.0,38.91176470588235,37.40735294117647,37.658088235294116
2023_18_PHI_NYG,2023,18,2024-01-07,NYG,PHI,37,2023-02-12,2024-01-06,44.03169014084507,19,16,21.210526315789473,239.0,22.789473684210527,397.0,20,16,29.05,423.0,19.8,401.0,46.425,45.785,45.891666666666666
2023_18_SEA_ARI,2023,18,2024-01-07,ARI,SEA,41,2023-02-12,2024-01-06,44.03169014084507,17,16,20.0,310.0,26.41176470588235,434.0,18,16,23.88888888888889,343.0,24.555555555555557,382.0,47.4281045751634,46.21062091503268,46.4135348583878
2023_18_TB_CAR,2023,18,2024-01-07,CAR,TB,9,2023-02-12,2024-01-06,44.03169014084507,17,16,20.41176470588235,236.0,22.0,407.0,18,16,18.166666666666668,339.0,21.61111111111111,325.0,41.09477124183007,40.893954248366015,40.92742374727669
2024_01_BAL_KC,2024,1,2024-09-05,KC,BAL,47,2024-02-11,,43.8,21,0,22.19047619047619,0.0,17.0,0.0,19,0,27.736842105263158,0.0,16.157894736842106,0.0,41.542606516290725,41.542606516290725,41.542606516290725
2024_01_GB_PHI,2024,1,2024-09-06,PHI,GB,63,2024-02-11,2024-09-05,43.8,18,0,24.555555555555557,0.0,25.555555555555557,0.0,19,0,23.789473684210527,0.0,21.36842105263158,0.0,47.63450292397661,47.63450292397661,47.63450292397661
2024_01_ARI_BUF,2024,1,2024-09-08,BUF,ARI,62,2024-02-11,2024-09-06,43.8,19,0,26.63157894736842,0.0,18.68421052631579,0.0,17,0,19.41176470588235,0.0,26.764705882352942,0.0,45.746130030959755,45.746130030959755,45.746130030959755
2024_01_CAR_NO,2024,1,2024-09-08,NO,CAR,57,2024-02-11,2024-09-06,43.8,17,0,23.647058823529413,0.0,19.235294117647058,0.0,17,0,13.882352941176471,0.0,24.470588235294116,0.0,40.61764705882353,40.61764705882353,40.61764705882353
2024_01_DAL_CLE,2024,1,2024-09-08,CLE,DAL,50,2024-02-11,2024-09-06,43.8,18,0,22.77777777777778,0.0,22.61111111111111,0.0,18,0,30.055555555555557,0.0,20.166666666666668,0.0,47.80555555555556,47.80555555555556,47.80555555555556
2024_01_DEN_SEA,2024,1,2024-09-08,SEA,DEN,46,2024-02-11,2024-09-06,43.8,17,0,21.41176470588235,0.0,23.647058823529413,0.0,17,0,21.0,0.0,24.294117647058822,0.0,45.17647058823529,45.17647058823529,45.17647058823529
2024_01_HOU_IND,2024,1,2024-09-08,IND,HOU,56,2024-02-11,2024-09-06,43.8,17,0,23.294117647058822,0.0,24.41176470588235,0.0,19,0,22.736842105263158,0.0,21.105263157894736,0.0,45.77399380804953,45.77399380804953,45.77399380804953
2024_01_JAX_MIA,2024,1,2024-09-08,MIA,JAX,37,2024-02-11,2024-09-06,43.8,18,0,27.944444444444443,0.0,23.166666666666668,0.0,17,0,22.176470588235293,0.0,21.823529411764707,0.0,47.55555555555556,47.55555555555556,47.55555555555556
2024_01_LA_DET,2024,1,2024-09-08,DET,LAR,46,2024-02-11,2024-09-06,43.8,20,0,27.35,0.0,23.75,0.0,18,0,23.72222222222222,0.0,22.27777777777778,0.0,48.55,48.55,48.55
2024_01_LV_LAC,2024,1,2024-09-08,LAC,LV,32,2024-02-11,2024-09-06,43.8,17,0,20.352941176470587,0.0,23.41176470588235,0.0,17,0,19.529411764705884,0.0,19.470588235294116,0.0,41.38235294117647,41.38235294117647,41.38235294117647
2024_01_MIN_NYG,2024,1,2024-09-08,NYG,MIN,34,2024-02-11,2024-09-06,43.8,17,0,15.647058823529411,0.0,23.941176470588236,0.0,17,0,20.235294117647058,0.0,21.294117647058822,0.0,40.55882352941176,40.55882352941176,40.55882352941176
2024_01_NE_CIN,2024,1,2024-09-08,CIN,NE,26,2024-02-11,2024-09-06,43.8,17,0,21.529411764705884,0.0,22.58823529411765,0.0,17,0,13.882352941176471,0.0,21.529411764705884,0.0,39.76470588235294,39.76470588235294,39.76470588235294
2024_01_PIT_ATL,2024,1,2024-09-08,ATL,PIT,28,2024-02-11,2024-09-06,43.8,17,0,18.88235294117647,0.0,21.941176470588236,0.0,18,0,17.833333333333332,0.0,19.72222222222222,0.0,39.189542483660134,39.189542483660134,39.189542483660134
2024_01_TEN_CHI,2024,1,2024-09-08,CHI,TEN,41,2024-02-11,2024-09-06,43.8,17,0,21.176470588235293,0.0,22.294117647058822,0.0,17,0,17.941176470588236,0.0,21.58823529411765,0.0,41.5,41.5,41.5
2024_01_WAS_TB,2024,1,2024-09-08,TB,WAS,57,2024-02-11,2024-09-06,43.8,19,0,21.210526315789473,0.0,19.210526315789473,0.0,17,0,19.352941176470587,0.0,30.470588235294116,0.0,45.12229102167183,45.12229102167183,45.12229102167183
2024_01_NYJ_SF,2024,1,2024-09-09,SF,NYJ,51,2024-02-11,2024-09-08,43.8,20,0,28.55,0.0,18.75,0.0,17,0,15.764705882352942,0.0,20.88235294117647,0.0,41.97352941176471,41.97352941176471,41.97352941176471
2024_02_BUF_MIA,2024,2,2024-09-12,MIA,BUF,41,2024-02-11,2024-09-09,43.8,18,1,27.944444444444443,20.0,23.166666666666668,17.0,19,1,26.63157894736842,34.0,18.68421052631579,28.0,48.21345029239766,48.47076023391813,48.35640025990903
2024_02_CHI_HOU,2024,2,2024-09-15,HOU,CHI,32,2024-02-11,2024-09-12,43.8,19,1,22.736842105263158,29.0,21.105263157894736,27.0,17,1,21.176470588235293,24.0,22.294117647058822,17.0,43.656346749226,44.62507739938081,44.19453044375645
2024_02_CIN_KC,2024,2,2024-09-15,KC,CIN,51,2024-02-11,2024-09-12,43.8,21,1,22.19047619047619,27.0,17.0,20.0,17,1,21.529411764705884,10.0,22.58823529411765,16.0,41.65406162464986,40.62324929971989,41.08138811079988
2024_02_CLE_JAX,2024,2,2024-09-15,JAX,CLE,31,2024-02-11,2024-09-12,43.8,17,1,22.176470588235293,17.0,21.823529411764707,20.0,18,1,22.77777777777778,17.0,22.61111111111111,33.0,44.69444444444444,44.455555555555556,44.56172839506173
2024_02_IND_GB,2024,2,2024-09-15,GB,IND,26,2024-02-11,2024-09-12,43.8,19,1,23.789473684210527,29.0,21.36842105263158,34.0,17,1,23.294117647058822,27.0,24.41176470588235,29.0,46.43188854489164,49.04551083591331,47.88390092879257
2024_02_LAC_CAR,2024,2,2024-09-15,CAR,LAC,29,2024-02-11,2024-09-12,43.8,17,1,13.882352941176471,10.0,24.470588235294116,47.0,17,1,20.352941176470587,22.0,23.41176470588235,10.0,41.05882352941176,41.74705882352941,41.44117647058823
2024_02_LA_ARI,2024,2,2024-09-15,ARI,LAR,51,2024-02-11,2024-09-12,43.8,17,1,19.41176470588235,28.0,26.764705882352942,34.0,18,1,23.72222222222222,20.0,22.27777777777778,26.0,46.088235294117645,47.67058823529412,46.967320261437905
2024_02_LV_BAL,2024,2,2024-09-15,BAL,LV,49,2024-02-11,2024-09-12,43.8,19,1,27.736842105263158,20.0,16.157894736842106,27.0,17,1,19.529411764705884,10.0,19.470588235294116,22.0,41.44736842105263,41.05789473684211,41.23099415204678
2024_02_NO_DAL,2024,2,2024-09-15,DAL,NO,63,2024-02-11,2024-09-12,43.8,18,1,30.055555555555557,33.0,20.166666666666668,17.0,17,1,23.647058823529413,47.0,19.235294117647058,10.0,46.552287581699346,47.94183006535948,47.3242556281772
2024_02_NYG_WAS,2024,2,2024-09-15,WAS,NYG,39,2024-02-11,2024-09-12,43.8,17,1,19.352941176470587,20.0,30.470588235294116,37.0,17,1,15.647058823529411,6.0,23.941176470588236,28.0,44.705882352941174,44.864705882352936,44.794117647058826
2024_02_NYJ_TEN,2024,2,2024-09-15,TEN,NYJ,41,2024-02-11,2024-09-12,43.8,17,1,17.941176470588236,17.0,21.58823529411765,24.0,17,1,15.764705882352942,19.0,20.88235294117647,32.0,38.08823529411765,39.67058823529412,38.967320261437905
2024_02_PIT_DEN,2024,2,2024-09-15,DEN,PIT,19,2024-02-11,2024-09-12,43.8,17,1,21.0,20.0,24.294117647058822,26.0,18,1,17.833333333333332,18.0,19.72222222222222,10.0,41.42483660130719,40.53986928104575,40.933188090050834
2024_02_SEA_NE,2024,2,2024-09-15,NE,SEA,43,2024-02-11,2024-09-12,43.8,17,1,13.882352941176471,16.0,21.529411764705884,10.0,17,1,21.41176470588235,26.0,23.647058823529413,20.0,40.23529411764706,39.38823529411765,39.76470588235294
2024_02_SF_MIN,2024,2,2024-09-15,MIN,SF,40,2024-02-11,2024-09-12,43.8,17,1,20.235294117647058,28.0,21.294117647058822,6.0,20,1,28.55,32.0,18.75,19.0,44.41470588235294,44.03176470588235,44.20196078431373
2024_02_TB_DET,2024,2,2024-09-15,DET,TB,36,2024-02-11,2024-09-12,43.8,20,1,27.35,26.0,23.75,20.0,19,1,21.210526315789473,37.0,19.210526315789473,20.0,45.76052631578948,46.90842105263158,46.39824561403509
2024_02_ATL_PHI,2024,2,2024-09-16,PHI,ATL,43,2024-02-11,2024-09-15,43.8,18,1,24.555555555555557,34.0,25.555555555555557,29.0,17,1,18.88235294117647,10.0,21.941176470588236,18.0,45.46732026143791,45.47385620915033,45.47095134350037
2024_03_NE_NYJ,2024,3,2024-09-19,NYJ,NE,27,2024-02-11,2024-09-16,43.8,17,2,15.764705882352942,43.0,20.88235294117647,49.0,17,2,13.882352941176471,36.0,21.529411764705884,33.0,36.029411764705884,37.43627450980392,36.87352941176471
2024_03_BAL_DAL,2024,3,2024-09-22,DAL,BAL,53,2024-02-11,2024-09-19,43.8,18,2,30.055555555555557,52.0,20.166666666666668,61.0,19,2,27.736842105263158,43.0,16.157894736842106,53.0,47.058479532163744,48.78898635477583,48.09678362573099
2024_03_CAR_LV,2024,3,2024-09-22,LV,CAR,58,2024-02-11,2024-09-19,43.8,17,2,19.529411764705884,36.0,19.470588235294116,45.0,17,2,13.882352941176471,13.0,24.470588235294116,73.0,38.67647058823529,39.700980392156865,39.29117647058823
2024_03_CHI_IND,2024,3,2024-09-22,IND,CHI,37,2024-02-11,2024-09-19,43.8,17,2,23.294117647058822,37.0,24.41176470588235,45.0,17,2,21.176470588235293,37.0,22.294117647058822,36.0,45.588235294117645,43.30882352941177,44.220588235294116
2024_03_DEN_TB,2024,3,2024-09-22,TB,DEN,33,2024-02-11,2024-09-19,43.8,19,2,21.210526315789473,57.0,19.210526315789473,36.0,17,2,21.0,26.0,24.294117647058822,39.0,42.857585139318886,41.73839009287926,42.18606811145511
2024_03_DET_ARI,2024,3,2024-09-22,ARI,DET,33,2024-02-11,2024-09-19,43.8,17,2,19.41176470588235,69.0,26.764705882352942,44.0,20,2,27.35,42.0,23.75,40.0,48.63823529411765,48.67549019607843,48.66058823529412
2024_03_GB_TEN,2024,3,2024-09-22,TEN,GB,44,2024-02-11,2024-09-19,43.8,17,2,17.941176470588236,34.0,21.58823529411765,48.0,19,2,23.789473684210527,45.0,21.36842105263158,44.0,42.343653250774,42.47910216718266,42.4249226006192
2024_03_HOU_MIN,2024,3,2024-09-22,MIN,HOU,41,2024-02-11,2024-09-19,43.8,17,2,20.235294117647058,51.0,21.294117647058822,23.0,19,2,22.736842105263158,48.0,21.105263157894736,40.0,42.68575851393189,41.957172342621256,42.248606811145514
2024_03_KC_ATL,2024,3,2024-09-22,ATL,KC,39,2024-02-11,2024-09-19,43.8,17,2,18.88235294117647,32.0,21.941176470588236,39.0,21,2,22.19047619047619,53.0,17.0,45.0,40.00700280112045,40.754668534080295,40.455602240896354
2024_03_LAC_PIT,2024,3,2024-09-22,PIT,LAC,30,2024-02-11,2024-09-19,43.8,18,2,17.833333333333332,31.0,19.72222222222222,16.0,17,2,20.352941176470587,48.0,23.41176470588235,13.0,40.66013071895425,36.106753812636164,37.928104575163395
2024_03_MIA_SEA,2024,3,2024-09-22,SEA,MIA,27,2024-02-11,2024-09-19,43.8,17,2,21.41176470588235,49.0,23.647058823529413,40.0,18,2,27.944444444444443,30.0,23.166666666666668,48.0,48.08496732026144,45.97331154684096,46.81797385620915
2024_03_NYG_CLE,2024,3,2024-09-22,CLE,NYG,36,2024-02-11,2024-09-19,43.8,18,2,22.77777777777778,35.0,22.61111111111111,46.0,17,2,15.647058823529411,24.0,23.941176470588236,49.0,42.48856209150327,41.15904139433551,41.690849673202614
2024_03_PHI_NO,2024,3,2024-09-22,NO,PHI,27,2024-02-11,2024-09-19,43.8,17,2,23.647058823529413,91.0,19.235294117647058,29.0,18,2,24.555555555555557,55.0,25.555555555555557,51.0,46.49673202614379,49.831154684095864,48.49738562091503
2024_03_SF_LA,2024,3,2024-09-22,LAR,SF,51,2024-02-11,2024-09-19,43.8,18,2,23.72222222222222,30.0,22.27777777777778,67.0,20,2,28.55,49.0,18.75,42.0,46.65,46.766666666666666,46.72
2024_03_JAX_BUF,2024,3,2024-09-23,BUF,JAX,57,2024-02-11,2024-09-22,43.8,19,2,26.63157894736842,65.0,18.68421052631579,38.0,17,2,22.176470588235293,30.0,21.823529411764707,38.0,44.65789473684211,44.021929824561404,44.276315789473685
2024_03_WAS_CIN,2024,3,2024-09-23,CIN,WAS,71,2024-02-11,2024-09-22,43.8,17,2,21.529411764705884,35.0,22.58823529411765,42.0,17,2,19.352941176470587,41.0,30.470588235294116,55.0,46.970588235294116,45.73039215686275,46.226470588235294
2024_04_DAL_NYG,2024,4,2024-09-26,NYG,DAL,35,2024-02-11,2024-09-23,43.8,17,3,15.647058823529411,45.0,23.941176470588236,64.0,18,3,30.055555555555557,77.0,20.166666666666668,89.0,44.90522875816993,45.30298786181139,45.158348187759955
2024_04_BUF_BAL,2024,4,2024-09-29,BAL,BUF,45,2024-02-11,2024-09-26,43.8,19,3,27.736842105263158,71.0,16.157894736842106,78.0,19,3,26.63157894736842,112.0,18.68421052631579,48.0,44.60526315789474,47.560150375939855,46.485645933014354
2024_04_CIN_CAR,2024,4,2024-09-29,CAR,CIN,58,2024-02-11,2024-09-26,43.8,17,3,13.882352941176471,49.0,24.470588235294116,95.0,17,3,21.529411764705884,68.0,22.58823529411765,80.0,41.23529411764706,44.42016806722689,43.2620320855615
2024_04_CLE_LV,2024,4,2024-09-29,LV,CLE,36,2024-02-11,2024-09-26,43.8,17,3,19.529411764705884,58.0,19.470588235294116,81.0,18,3,22.77777777777778,50.0,22.61111111111111,67.0,42.19444444444444,42.3968253968254,42.323232323232325
2024_04_DEN_NYJ,2024,4,2024-09-29,NYJ,DEN,19,2024-02-11,2024-09-26,43.8,17,3,15.764705882352942,67.0,20.88235294117647,52.0,17,3,21.0,52.0,24.294117647058822,46.0,40.970588235294116,38.911764705882355,39.66042780748663
2024_04_JAX_HOU,2024,4,2024-09-29,HOU,JAX,44,2024-02-11,2024-09-26,43.8,19,3,22.736842105263158,55.0,21.105263157894736,74.0,17,3,22.176470588235293,40.0,21.823529411764707,85.0,43.921052631578945,43.2406015037594,43.48803827751196
2024_04_KC_LAC,2024,4,2024-09-29,LAC,KC,27,2024-02-11,2024-09-26,43.8,17,3,20.352941176470587,58.0,23.41176470588235,33.0,21,3,22.19047619047619,75.0,17.0,62.0,41.477591036414566,39.98719487795118,40.529157117392415
2024_04_LA_CHI,2024,4,2024-09-29,CHI,LAR,42,2024-02-11,2024-09-26,43.8,17,3,21.176470588235293,53.0,22.294117647058822,57.0,18,3,23.72222222222222,57.0,22.27777777777778,91.0,44.73529411764706,43.991596638655466,44.26203208556149
2024_04_MIN_GB,2024,4,2024-09-29,GB,MIN,60,2024-02-11,2024-09-26,43.8,19,3,23.789473684210527,75.0,21.36842105263158,58.0,17,3,20.235294117647058,85.0,21.294117647058822,30.0,43.343653250774,42.48208757187085,42.795384182381085
2024_04_NE_SF,2024,4,2024-09-29,SF,NE,43,2024-02-11,2024-09-26,43.8,20,3,28.55,73.0,18.75,69.0,17,3,13.882352941176471,39.0,21.529411764705884,57.0,41.35588235294118,40.63193277310924,40.895187165775404
2024_04_NO_ATL,2024,4,2024-09-29,ATL,NO,50,2024-02-11,2024-09-26,43.8,17,3,18.88235294117647,49.0,21.941176470588236,61.0,17,3,23.647058823529413,103.0,19.235294117647058,44.0,41.85294117647059,42.273109243697476,42.12032085561498
2024_04_PHI_TB,2024,4,2024-09-29,TB,PHI,49,2024-02-11,2024-09-26,43.8,19,3,21.210526315789473,64.0,19.210526315789473,62.0,18,3,24.555555555555557,70.0,25.555555555555557,63.0,45.26608187134503,44.36633249791144,44.693514088250936
2024_04_PIT_IND,2024,4,2024-09-29,IND,PIT,51,2024-02-11,2024-09-26,43.8,17,3,23.294117647058822,58.0,24.41176470588235,61.0,18,3,17.833333333333332,51.0,19.72222222222222,26.0,42.630718954248366,38.360410830999065,39.913250148544265
2024_04_WAS_ARI,2024,4,2024-09-29,ARI,WAS,56,2024-02-11,2024-09-26,43.8,17,3,19.41176470588235,82.0,26.764705882352942,64.0,17,3,19.352941176470587,79.0,30.470588235294116,88.0,48.0,49.785714285714285,49.13636363636363
2024_04_SEA_DET,2024,4,2024-09-30,DET,SEA,71,2024-02-11,2024-09-29,43.8,20,3,27.35,62.0,23.75,53.0,17,3,21.41176470588235,73.0,23.647058823529413,43.0,48.07941176470588,43.97394957983193,45.4668449197861
2024_04_TEN_MIA,2024,4,2024-09-30,MIA,TEN,43,2024-02-11,2024-09-29,43.8,18,3,27.944444444444443,33.0,23.166666666666668,72.0,17,3,17.941176470588236,48.0,21.58823529411765,78.0,45.3202614379085,42.39729225023343,43.46019013666073
2024_05_TB_ATL,2024,5,2024-10-03,ATL,TB,66,2024-02-11,2024-09-30,43.8,17,4,18.88235294117647,75.0,21.941176470588236,85.0,19,4,21.210526315789473,97.0,19.210526315789473,78.0,40.62229102167183,41.248645510835914,41.03986068111455
2024_05_ARI_SF,2024,5,2024-10-06,SF,ARI,47,2024-02-11,2024-10-03,43.8,20,4,28.55,103.0,18.75,82.0,17,4,19.41176470588235,96.0,26.764705882352942,106.0,46.73823529411764,47.55661764705882,47.28382352941176
2024_05_BAL_CIN,2024,5,2024-10-06,CIN,BAL,79,2024-02-11,2024-10-03,43.8,17,4,21.529411764705884,102.0,22.58823529411765,104.0,19,4,27.736842105263158,106.0,16.157894736842106,88.0,44.0061919504644,47.0030959752322,46.00412796697627
2024_05_BUF_HOU,2024,5,2024-10-06,HOU,BUF,43,2024-02-11,2024-10-03,43.8,19,4,22.736842105263158,79.0,21.105263157894736,94.0,19,4,26.63157894736842,122.0,18.68421052631579,83.0,44.578947368421055,45.91447368421053,45.469298245614034
2024_05_CAR_CHI,2024,5,2024-10-06,CHI,CAR,46,2024-02-11,2024-10-03,43.8,17,4,21.176470588235293,77.0,22.294117647058822,75.0,17,4,13.882352941176471,73.0,24.470588235294116,129.0,40.91176470588235,42.580882352941174,42.02450980392157
2024_05_CLE_WAS,2024,5,2024-10-06,WAS,CLE,47,2024-02-11,2024-10-03,43.8,17,4,19.352941176470587,121.0,30.470588235294116,102.0,18,4,22.77777777777778,66.0,22.61111111111111,87.0,47.6062091503268,47.3031045751634,47.4041394335512
2024_05_DAL_PIT,2024,5,2024-10-06,PIT,DAL,37,2024-02-11,2024-10-03,43.8,18,4,17.833333333333332,75.0,19.72222222222222,53.0,18,4,30.055555555555557,97.0,20.166666666666668,104.0,43.888888888888886,42.50694444444444,42.967592592592595
2024_05_GB_LA,2024,5,2024-10-06,LAR,GB,43,2024-02-11,2024-10-03,43.8,18,4,23.72222222222222,75.0,22.27777777777778,115.0,19,4,23.789473684210527,104.0,21.36842105263158,89.0,45.578947368421055,46.72697368421053,46.344298245614034
2024_05_IND_JAX,2024,5,2024-10-06,JAX,IND,71,2024-02-11,2024-10-03,43.8,17,4,22.176470588235293,60.0,21.823529411764707,109.0,17,4,23.294117647058822,85.0,24.41176470588235,85.0,45.85294117647059,44.11397058823529,44.693627450980394
2024_05_LV_DEN,2024,5,2024-10-06,DEN,LV,52,2024-02-11,2024-10-03,43.8,17,4,21.0,62.0,24.294117647058822,55.0,17,4,19.529411764705884,78.0,19.470588235294116,97.0,42.14705882352941,39.32352941176471,40.26470588235294
2024_05_MIA_NE,2024,5,2024-10-06,NE,MIA,25,2024-02-11,2024-10-03,43.8,17,4,13.882352941176471,52.0,21.529411764705884,87.0,18,4,27.944444444444443,45.0,23.166666666666668,103.0,43.26143790849673,39.568218954248366,40.799291938997825
2024_05_NYG_SEA,2024,5,2024-10-06,SEA,NYG,49,2024-02-11,2024-10-03,43.8,17,4,21.41176470588235,102.0,23.647058823529413,85.0,17,4,15.647058823529411,60.0,23.941176470588236,84.0,42.3235294117647,41.84926470588235,42.007352941176464
2024_05_NYJ_MIN,2024,5,2024-10-06,MIN,NYJ,40,2024-02-11,2024-10-03,43.8,17,4,20.235294117647058,116.0,21.294117647058822,59.0,17,4,15.764705882352942,76.0,20.88235294117647,62.0,39.088235294117645,39.106617647058826,39.10049019607843
2024_05_NO_KC,2024,5,2024-10-07,KC,NO,39,2024-02-11,2024-10-06,43.8,21,4,22.19047619047619,92.0,17.0,72.0,17,4,23.647058823529413,127.0,19.235294117647058,70.0,41.036414565826334,43.08070728291317,42.399276377217554
2024_06_SF_SEA,2024,6,2024-10-10,SEA,SF,60,2024-02-11,2024-10-07,43.8,17,5,21.41176470588235,122.0,23.647058823529413,114.0,20,5,28.55,126.0,18.75,106.0,46.17941176470588,46.52418300653594,46.41809954751131
2024_06_ARI_GB,2024,6,2024-10-13,GB,ARI,47,2024-02-11,2024-10-10,43.8,19,5,23.789473684210527,128.0,21.36842105263158,108.0,17,5,19.41176470588235,120.0,26.764705882352942,129.0,45.6671826625387,47.24097007223942,46.7567277923315
2024_06_ATL_CAR,2024,6,2024-10-13,CAR,ATL,58,2024-02-11,2024-10-10,43.8,17,5,13.882352941176471,83.0,24.470588235294116,165.0,17,5,18.88235294117647,111.0,21.941176470588236,115.0,39.588235294117645,43.928104575163395,42.59276018099547
2024_06_CIN_NYG,2024,6,2024-10-13,NYG,CIN,24,2024-02-11,2024-10-10,43.8,17,5,15.647058823529411,89.0,23.941176470588236,104.0,17,5,21.529411764705884,140.0,22.58823529411765,145.0,41.85294117647059,45.15686274509804,44.14027149321267
2024_06_CLE_PHI,2024,6,2024-10-13,PHI,CLE,36,2024-02-11,2024-10-10,43.8,18,4,24.555555555555557,86.0,25.555555555555557,96.0,18,5,22.77777777777778,79.0,22.61111111111111,121.0,47.75,45.10030864197531,45.9451566951567
2024_06_DET_DAL,2024,6,2024-10-13,DAL,DET,56,2024-02-11,2024-10-10,43.8,18,5,30.055555555555557,117.0,20.166666666666668,121.0,20,4,27.35,104.0,23.75,82.0,50.66111111111111,48.782716049382714,49.39017094017095
2024_06_HOU_NE,2024,6,2024-10-13,NE,HOU,62,2024-02-11,2024-10-10,43.8,17,5,13.882352941176471,62.0,21.529411764705884,102.0,19,5,22.736842105263158,102.0,21.105263157894736,114.0,39.626934984520126,38.723082215342274,39.00119075970469
2024_06_IND_TEN,2024,6,2024-10-13,TEN,IND,37,2024-02-11,2024-10-10,43.8,17,4,17.941176470588236,79.0,21.58823529411765,90.0,17,5,23.294117647058822,119.0,24.41176470588235,122.0,43.61764705882353,44.435049019607845,44.16610105580694
2024_06_JAX_CHI,2024,6,2024-10-13,CHI,JAX,51,2024-02-11,2024-10-10,43.8,17,5,21.176470588235293,113.0,22.294117647058822,85.0,17,5,22.176470588235293,97.0,21.823529411764707,143.0,43.73529411764706,43.77124183006536,43.76018099547511
2024_06_LAC_DEN,2024,6,2024-10-13,DEN,LAC,39,2024-02-11,2024-10-10,43.8,17,5,21.0,96.0,24.294117647058822,73.0,17,4,20.352941176470587,68.0,23.41176470588235,50.0,44.529411764705884,37.77042483660131,39.941553544494724
2024_06_PIT_LV,2024,6,2024-10-13,LV,PIT,45,2024-02-11,2024-10-10,43.8,17,5,19.529411764705884,96.0,19.470588235294116,131.0,18,5,17.833333333333332,92.0,19.72222222222222,73.0,38.27777777777778,38.79012345679013,38.63247863247864
2024_06_TB_NO,2024,6,2024-10-13,NO,TB,78,2024-02-11,2024-10-10,43.8,17,5,23.647058823529413,140.0,19.235294117647058,96.0,19,5,21.210526315789473,127.0,19.210526315789473,114.0,41.65170278637771,45.01186790505676,43.977970945463206
2024_06_WAS_BAL,2024,6,2024-10-13,BAL,WAS,53,2024-02-11,2024-10-10,43.8,19,5,27.736842105263158,147.0,16.157894736842106,126.0,17,5,19.352941176470587,155.0,30.470588235294116,115.0,46.859133126934985,50.99294805641555,49.72100500119076
2024_06_BUF_NYJ,2024,6,2024-10-14,NYJ,BUF,43,2024-02-11,2024-10-13,43.8,17,5,15.764705882352942,93.0,20.88235294117647,85.0,19,5,26.63157894736842,142.0,18.68421052631579,106.0,40.98142414860681,41.88063295493636,41.60395332221958
2024_07_DEN_NO,2024,7,2024-10-17,NO,DEN,43,2024-02-11,2024-10-14,43.8,17,6,23.647058823529413,167.0,19.235294117647058,147.0,17,6,21.0,112.0,24.294117647058822,96.0,44.088235294117645,43.735294117647065,43.83613445378151
2024_07_CAR_WAS,2024,7,2024-10-20,WAS,CAR,47,2024-02-11,2024-10-17,43.8,17,6,19.352941176470587,178.0,30.470588235294116,145.0,17,6,13.882352941176471,103.0,24.470588235294116,203.0,44.088235294117645,49.08529411764706,47.65756302521008
2024_07_CIN_CLE,2024,7,2024-10-20,CLE,CIN,35,2024-02-11,2024-10-17,43.8,18,6,22.77777777777778,95.0,22.61111111111111,141.0,17,6,21.529411764705884,157.0,22.58823529411765,152.0,44.75326797385621,45.151307189542486,45.037581699346404
2024_07_DET_MIN,2024,7,2024-10-20,MIN,DET,60,2024-02-11,2024-10-17,43.8,17,5,20.235294117647058,139.0,21.294117647058822,76.0,20,5,27.35,151.0,23.75,91.0,46.31470588235294,45.97320261437908,46.07828054298643
2024_07_HOU_GB,2024,7,2024-10-20,GB,HOU,46,2024-02-11,2024-10-17,43.8,19,6,23.789473684210527,162.0,21.36842105263158,121.0,19,6,22.736842105263158,143.0,21.105263157894736,135.0,44.5,45.849999999999994,45.464285714285715
2024_07_KC_SF,2024,7,2024-10-20,SF,KC,46,2024-02-11,2024-10-17,43.8,20,6,28.55,162.0,18.75,130.0,21,5,22.19047619047619,118.0,17.0,85.0,43.24523809523809,44.04677248677248,43.80915750915751
2024_07_LV_LA,2024,7,2024-10-20,LAR,LV,35,2024-02-11,2024-10-17,43.8,18,5,23.72222222222222,94.0,22.27777777777778,139.0,17,6,19.529411764705884,109.0,19.470588235294116,163.0,42.5,44.56666666666666,43.972527472527474
2024_07_MIA_IND,2024,7,2024-10-20,IND,MIA,26,2024-02-11,2024-10-17,43.8,17,6,23.294117647058822,139.0,24.41176470588235,139.0,18,5,27.944444444444443,60.0,23.166666666666668,113.0,49.408496732026144,44.41031227305737,45.93916540975365
2024_07_NE_JAX,2024,7,2024-10-20,JAX,NE,48,2024-02-11,2024-10-17,43.8,17,6,22.176470588235293,113.0,21.823529411764707,178.0,17,6,13.882352941176471,83.0,21.529411764705884,143.0,39.705882352941174,41.73235294117647,41.153361344537814
2024_07_NYJ_PIT,2024,7,2024-10-20,PIT,NYJ,52,2024-02-11,2024-10-17,43.8,18,6,17.833333333333332,124.0,19.72222222222222,86.0,17,6,15.764705882352942,113.0,20.88235294117647,108.0,37.10130718954248,36.39052287581699,36.59360410830999
2024_07_PHI_NYG,2024,7,2024-10-20,NYG,PHI,31,2024-02-11,2024-10-17,43.8,17,6,15.647058823529411,96.0,23.941176470588236,121.0,18,5,24.555555555555557,106.0,25.555555555555557,112.0,44.84967320261438,42.01456063907044,42.8643431731667
2024_07_SEA_ATL,2024,7,2024-10-20,ATL,SEA,48,2024-02-11,2024-10-17,43.8,17,6,18.88235294117647,149.0,21.941176470588236,135.0,17,6,21.41176470588235,146.0,23.647058823529413,150.0,42.94117647058823,46.17647058823529,45.252100840336134
2024_07_TEN_BUF,2024,7,2024-10-20,BUF,TEN,44,2024-02-11,2024-10-17,43.8,19,6,26.63157894736842,165.0,18.68421052631579,126.0,17,5,17.941176470588236,96.0,21.58823529411765,110.0,42.42260061919505,43.84191606467148,43.42619841458851
2024_07_BAL_TB,2024,7,2024-10-21,TB,BAL,72,2024-02-11,2024-10-20,43.8,19,6,21.210526315789473,178.0,19.210526315789473,141.0,19,6,27.736842105263158,177.0,16.157894736842106,149.0,42.1578947368421,49.113157894736844,47.12593984962406
2024_07_LAC_ARI,2024,7,2024-10-21,ARI,LAC,32,2024-02-11,2024-10-20,43.8,17,6,19.41176470588235,133.0,26.764705882352942,163.0,17,5,20.352941176470587,91.0,23.41176470588235,66.0,44.970588235294116,42.48300653594771,43.26923076923077
2024_08_MIN_LA,2024,8,2024-10-24,LAR,MIN,50,2024-02-11,2024-10-21,43.8,18,6,23.72222222222222,114.0,22.27777777777778,154.0,17,6,20.235294117647058,168.0,21.294117647058822,107.0,43.76470588235294,44.65588235294118,44.40126050420168
2024_08_ARI_MIA,2024,8,2024-10-27,MIA,ARI,55,2024-02-11,2024-10-24,43.8,18,6,27.944444444444443,70.0,23.166666666666668,129.0,17,7,19.41176470588235,150.0,26.764705882352942,178.0,48.6437908496732,43.47703505644682,44.95737628384687
2024_08_ATL_TB,2024,8,2024-10-27,TB,ATL,57,2024-02-11,2024-10-24,43.8,19,7,21.210526315789473,209.0,19.210526315789473,182.0,17,7,18.88235294117647,163.0,21.941176470588236,169.0,40.62229102167183,47.63537855333521,45.76522187822497
2024_08_BAL_CLE,2024,8,2024-10-27,CLE,BAL,53,2024-02-11,2024-10-24,43.8,18,7,22.77777777777778,109.0,22.61111111111111,162.0,19,7,27.736842105263158,218.0,16.157894736842106,180.0,44.64181286549707,46.642477405635304,46.10896686159845
2024_08_BUF_SEA,2024,8,2024-10-27,SEA,BUF,41,2024-02-11,2024-10-24,43.8,17,7,21.41176470588235,180.0,23.647058823529413,164.0,19,7,26.63157894736842,199.0,18.68421052631579,136.0,45.18730650154799,47.295384182381085,46.73323013415893
2024_08_CAR_DEN,2024,8,2024-10-27,DEN,CAR,42,2024-02-11,2024-10-24,43.8,17,7,21.0,145.0,24.294117647058822,106.0,17,7,13.882352941176471,110.0,24.470588235294116,243.0,41.8235294117647,42.663101604278076,42.43921568627451
2024_08_CHI_WAS,2024,8,2024-10-27,WAS,CHI,33,2024-02-11,2024-10-24,43.8,17,7,19.352941176470587,218.0,30.470588235294116,152.0,17,6,21.176470588235293,148.0,22.294117647058822,101.0,46.647058823529406,47.0211229946524,46.93263305322129
2024_08_DAL_SF,2024,8,2024-10-27,SF,DAL,54,2024-02-11,2024-10-24,43.8,20,7,28.55,180.0,18.75,158.0,18,6,30.055555555555557,126.0,20.166666666666668,168.0,48.76111111111111,48.70808080808081,48.72920634920635
2024_08_GB_JAX,2024,8,2024-10-27,JAX,GB,57,2024-02-11,2024-10-24,43.8,17,7,22.176470588235293,145.0,21.823529411764707,194.0,19,7,23.789473684210527,186.0,21.36842105263158,143.0,44.578947368421055,46.57416267942584,46.04210526315789
2024_08_IND_HOU,2024,8,2024-10-27,HOU,IND,43,2024-02-11,2024-10-24,43.8,19,7,22.736842105263158,165.0,21.105263157894736,159.0,17,7,23.294117647058822,155.0,24.41176470588235,149.0,45.77399380804953,45.1905432029271,45.34613003095975
2024_08_KC_LV,2024,8,2024-10-27,LV,KC,47,2024-02-11,2024-10-24,43.8,17,7,19.529411764705884,124.0,19.470588235294116,183.0,21,6,22.19047619047619,146.0,17.0,103.0,39.095238095238095,41.333549783549785,40.7234693877551
2024_08_NO_LAC,2024,8,2024-10-27,LAC,NO,34,2024-02-11,2024-10-24,43.8,17,6,20.352941176470587,106.0,23.41176470588235,83.0,17,7,23.647058823529413,177.0,19.235294117647058,180.0,43.3235294117647,42.22700534759358,42.58949579831933
2024_08_NYJ_NE,2024,8,2024-10-27,NE,NYJ,47,2024-02-11,2024-10-24,43.8,17,7,13.882352941176471,99.0,21.529411764705884,175.0,17,7,15.764705882352942,128.0,20.88235294117647,145.0,36.029411764705884,37.96524064171123,37.44901960784314
2024_08_PHI_CIN,2024,8,2024-10-27,CIN,PHI,54,2024-02-11,2024-10-24,43.8,17,7,21.529411764705884,178.0,22.58823529411765,166.0,18,6,24.555555555555557,134.0,25.555555555555557,115.0,47.114379084967325,46.129976232917414,46.44169000933707
2024_08_TEN_DET,2024,8,2024-10-27,DET,TEN,66,2024-02-11,2024-10-24,43.8,20,6,27.35,182.0,23.75,120.0,17,6,17.941176470588236,106.0,21.58823529411765,144.0,45.31470588235294,45.72588235294118,45.60840336134454
2024_08_NYG_PIT,2024,8,2024-10-28,PIT,NYG,44,2024-02-11,2024-10-27,43.8,18,7,17.833333333333332,161.0,19.72222222222222,101.0,17,7,15.647058823529411,99.0,23.941176470588236,149.0,38.5718954248366,37.20796197266785,37.57167755991285
2024_09_HOU_NYJ,2024,9,2024-10-31,NYJ,HOU,34,2024-02-11,2024-10-28,43.8,17,8,15.764705882352942,150.0,20.88235294117647,170.0,19,8,22.736842105263158,188.0,21.105263157894736,179.0,40.244582043343655,42.03986068111455,41.59104102167183
2024_09_CHI_ARI,2024,9,2024-11-03,ARI,CHI,38,2024-02-11,2024-10-31,43.8,17,8,19.41176470588235,178.0,26.764705882352942,205.0,17,7,21.176470588235293,163.0,22.294117647058822,119.0,44.8235294117647,44.37633689839572,44.50502450980392
2024_09_DAL_ATL,2024,9,2024-11-03,ATL,DAL,48,2024-02-11,2024-10-31,43.8,17,8,18.88235294117647,194.0,21.941176470588236,195.0,18,7,30.055555555555557,150.0,20.166666666666668,198.0,45.52287581699346,47.961749851455735,47.354724945533775
2024_09_DEN_BAL,2024,9,2024-11-03,BAL,DEN,51,2024-02-11,2024-10-31,43.8,19,8,27.736842105263158,242.0,16.157894736842106,209.0,17,8,21.0,173.0,24.294117647058822,120.0,44.59442724458204,45.86480908152735,45.547213622291025
2024_09_DET_GB,2024,9,2024-11-03,GB,DET,38,2024-02-11,2024-10-31,43.8,19,8,23.789473684210527,216.0,21.36842105263158,170.0,20,7,27.35,234.0,23.75,134.0,48.12894736842105,49.62783094098883,49.24530701754386
2024_09_IND_MIN,2024,9,2024-11-03,MIN,IND,34,2024-02-11,2024-10-31,43.8,17,7,20.235294117647058,188.0,21.294117647058822,137.0,17,8,23.294117647058822,175.0,24.41176470588235,172.0,44.61764705882353,44.7328431372549,44.6780637254902
2024_09_JAX_PHI,2024,9,2024-11-03,PHI,JAX,51,2024-02-11,2024-10-31,43.8,18,7,24.555555555555557,171.0,25.555555555555557,132.0,17,8,22.176470588235293,172.0,21.823529411764707,224.0,47.05555555555556,46.717171717171716,46.83796296296296
2024_09_LAC_CLE,2024,9,2024-11-03,CLE,LAC,37,2024-02-11,2024-10-31,43.8,18,8,22.77777777777778,138.0,22.61111111111111,186.0,17,7,20.352941176470587,132.0,23.41176470588235,91.0,44.576797385620914,39.15839770251535,40.57614379084967
2024_09_LA_SEA,2024,9,2024-11-03,SEA,LAR,46,2024-02-11,2024-10-31,43.8,17,8,21.41176470588235,190.0,23.647058823529413,195.0,18,7,23.72222222222222,144.0,22.27777777777778,174.0,45.529411764705884,46.36965240641711,46.1626225490196
2024_09_LV_CIN,2024,9,2024-11-03,CIN,LV,65,2024-02-11,2024-10-31,43.8,17,8,21.529411764705884,195.0,22.58823529411765,203.0,17,8,19.529411764705884,144.0,19.470588235294116,210.0,41.55882352941177,45.18627450980392,44.279411764705884
2024_09_MIA_BUF,2024,9,2024-11-03,BUF,MIA,57,2024-02-11,2024-10-31,43.8,19,8,26.63157894736842,230.0,18.68421052631579,146.0,18,7,27.944444444444443,97.0,23.166666666666668,157.0,48.21345029239766,44.057682083997875,45.17524366471736
2024_09_NE_TEN,2024,9,2024-11-03,TEN,NE,37,2024-02-11,2024-10-31,43.8,17,7,17.941176470588236,120.0,21.58823529411765,196.0,17,8,13.882352941176471,124.0,21.529411764705884,197.0,37.470588235294116,40.82776292335116,39.95870098039216
2024_09_NO_CAR,2024,9,2024-11-03,CAR,NO,45,2024-02-11,2024-10-31,43.8,17,8,13.882352941176471,124.0,24.470588235294116,271.0,17,8,23.647058823529413,185.0,19.235294117647058,206.0,40.61764705882353,46.28921568627451,44.87132352941177
2024_09_WAS_NYG,2024,9,2024-11-03,NYG,WAS,49,2024-02-11,2024-10-31,43.8,17,8,15.647058823529411,117.0,23.941176470588236,175.0,17,8,19.352941176470587,236.0,30.470588235294116,167.0,44.705882352941174,43.86029411764706,44.07169117647059
2024_09_TB_KC,2024,9,2024-11-04,KC,TB,54,2024-02-11,2024-11-03,43.8,21,7,22.19047619047619,173.0,17.0,123.0,19,8,21.210526315789473,235.0,19.210526315789473,213.0,39.80576441102757,45.98359535201641,44.422723475355056
2024_10_CIN_BAL,2024,10,2024-11-07,BAL,CIN,69,2024-02-11,2024-11-04,43.8,19,9,27.736842105263158,283.0,16.157894736842106,219.0,17,9,21.529411764705884,236.0,22.58823529411765,227.0,44.0061919504644,50.65575136937366,49.09114915315972
2024_10_ATL_NO,2024,10,2024-11-10,NO,ATL,37,2024-02-11,2024-11-07,43.8,17,9,23.647058823529413,207.0,19.235294117647058,229.0,17,9,18.88235294117647,221.0,21.941176470588236,216.0,41.85294117647059,46.45475113122172,45.3719723183391
2024_10_BUF_IND,2024,10,2024-11-10,IND,BUF,50,2024-02-11,2024-11-07,43.8,17,9,23.294117647058822,188.0,24.41176470588235,193.0,19,9,26.63157894736842,260.0,18.68421052631579,173.0,46.51083591331269,45.61871874255775,45.82862866508833
2024_10_DEN_KC,2024,10,2024-11-10,KC,DEN,30,2024-02-11,2024-11-07,43.8,21,8,22.19047619047619,203.0,17.0,147.0,17,9,21.0,183.0,24.294117647058822,161.0,42.24229691876751,41.3141743877038,41.51020555280936
2024_10_DET_HOU,2024,10,2024-11-10,HOU,DET,49,2024-02-11,2024-11-07,43.8,19,9,22.736842105263158,201.0,21.105263157894736,200.0,20,8,27.35,258.0,23.75,148.0,47.47105263157895,47.60134952766531,47.57240712074304
2024_10_MIN_JAX,2024,10,2024-11-10,JAX,MIN,19,2024-02-11,2024-11-07,43.8,17,9,22.176470588235293,195.0,21.823529411764707,252.0,17,8,20.235294117647058,209.0,21.294117647058822,150.0,42.76470588235294,45.841440422322776,45.10110294117647
2024_10_NE_CHI,2024,10,2024-11-10,CHI,NE,22,2024-02-11,2024-11-07,43.8,17,8,21.176470588235293,172.0,22.294117647058822,148.0,17,9,13.882352941176471,141.0,21.529411764705884,217.0,39.44117647058823,39.795625942684765,39.72923875432526
2024_10_NYG_CAR,2024,10,2024-11-10,CAR,NYG,37,2024-02-11,2024-11-07,43.8,17,9,13.882352941176471,147.0,24.470588235294116,293.0,17,9,15.647058823529411,139.0,23.941176470588236,202.0,38.970588235294116,42.029411764705884,41.30968858131487
2024_10_NYJ_ARI,2024,10,2024-11-10,ARI,NYJ,37,2024-02-11,2024-11-07,43.8,17,9,19.41176470588235,207.0,26.764705882352942,214.0,17,9,15.764705882352942,171.0,20.88235294117647,183.0,41.411764705882355,42.549773755656105,42.28200692041523
2024_10_PHI_DAL,2024,10,2024-11-10,DAL,PHI,40,2024-02-11,2024-11-07,43.8,18,8,30.055555555555557,171.0,20.166666666666668,225.0,18,8,24.555555555555557,199.0,25.555555555555557,155.0,50.16666666666667,47.97222222222223,48.520833333333336
2024_10_PIT_WAS,2024,10,2024-11-10,WAS,PIT,55,2024-02-11,2024-11-07,43.8,17,9,19.352941176470587,263.0,30.470588235294116,189.0,18,8,17.833333333333332,187.0,19.72222222222222,119.0,43.68954248366013,44.059033014915364,43.96868992695117
2024_10_SF_TB,2024,10,2024-11-10,TB,SF,43,2024-02-11,2024-11-07,43.8,19,9,21.210526315789473,259.0,19.210526315789473,243.0,20,8,28.55,210.0,18.75,182.0,43.86052631578947,49.74298245614035,48.350541795665634
2024_10_TEN_LAC,2024,10,2024-11-10,LAC,TEN,44,2024-02-11,2024-11-07,43.8,17,8,20.352941176470587,159.0,23.41176470588235,101.0,17,8,17.941176470588236,140.0,21.58823529411765,213.0,41.64705882352941,39.424019607843135,39.9797794117647
2024_10_MIA_LA,2024,10,2024-11-11,LAR,MIA,38,2024-02-11,2024-11-10,43.8,18,8,23.72222222222222,170.0,22.27777777777778,194.0,18,8,27.944444444444443,124.0,23.166666666666668,187.0,48.55555555555556,44.31018518518519,45.37152777777778
2024_11_WAS_PHI,2024,11,2024-11-14,PHI,WAS,44,2024-02-11,2024-11-11,43.8,18,9,24.555555555555557,233.0,25.555555555555557,161.0,17,10,19.352941176470587,290.0,30.470588235294116,217.0,49.967320261437905,48.08803777921425,48.53431372549019
2024_11_ATL_DEN,2024,11,2024-11-17,DEN,ATL,44,2024-02-11,2024-11-14,43.8,17,10,21.0,197.0,24.294117647058822,177.0,17,10,18.88235294117647,238.0,21.941176470588236,236.0,43.05882352941177,42.588235294117645,42.69281045751634
2024_11_BAL_PIT,2024,11,2024-11-17,PIT,BAL,34,2024-02-11,2024-11-14,43.8,18,9,17.833333333333332,215.0,19.72222222222222,146.0,19,10,27.736842105263158,318.0,16.157894736842106,253.0,40.72514619883041,46.325926996979625,45.069745442036464
2024_11_CIN_LAC,2024,11,2024-11-17,LAC,CIN,61,2024-02-11,2024-11-14,43.8,17,9,20.352941176470587,186.0,23.41176470588235,118.0,17,10,21.529411764705884,270.0,22.58823529411765,262.0,43.94117647058823,43.7278603749192,43.820453671664744
2024_11_CLE_NO,2024,11,2024-11-17,NO,CLE,49,2024-02-11,2024-11-14,43.8,17,10,23.647058823529413,227.0,19.235294117647058,246.0,18,9,22.77777777777778,148.0,22.61111111111111,213.0,44.13562091503268,43.88642893054658,43.96568627450981
2024_11_GB_CHI,2024,11,2024-11-17,CHI,GB,39,2024-02-11,2024-11-14,43.8,17,9,21.176470588235293,175.0,22.294117647058822,167.0,19,9,23.789473684210527,230.0,21.36842105263158,194.0,44.31424148606811,43.09668968802096,43.38317246403205
2024_11_IND_NYJ,2024,11,2024-11-17,NYJ,IND,55,2024-02-11,2024-11-14,43.8,17,10,15.764705882352942,177.0,20.88235294117647,214.0,17,10,23.294117647058822,208.0,24.41176470588235,223.0,42.17647058823529,41.40756302521008,41.57843137254902
2024_11_JAX_DET,2024,11,2024-11-17,DET,JAX,58,2024-02-11,2024-11-14,43.8,20,9,27.35,284.0,23.75,171.0,17,10,22.176470588235293,202.0,21.823529411764707,264.0,47.55,48.29010989010989,48.1281045751634
2024_11_KC_BUF,2024,11,2024-11-17,BUF,KC,51,2024-02-11,2024-11-14,43.8,19,10,26.63157894736842,290.0,18.68421052631579,193.0,21,9,22.19047619047619,219.0,17.0,161.0,42.2531328320802,44.368372855214965,43.88460120890461
2024_11_LA_NE,2024,11,2024-11-17,NE,LAR,50,2024-02-11,2024-11-14,43.8,17,10,13.882352941176471,160.0,21.529411764705884,220.0,18,9,23.72222222222222,185.0,22.27777777777778,217.0,40.705882352941174,41.16871363930188,41.0718954248366
2024_11_LV_MIA,2024,11,2024-11-17,MIA,LV,53,2024-02-11,2024-11-14,43.8,18,9,27.944444444444443,147.0,23.166666666666668,202.0,17,9,19.529411764705884,168.0,19.470588235294116,251.0,45.05555555555556,43.401709401709404,43.790849673202615
2024_11_MIN_TEN,2024,11,2024-11-17,TEN,MIN,36,2024-02-11,2024-11-14,43.8,17,9,17.941176470588236,157.0,21.58823529411765,240.0,17,9,20.235294117647058,221.0,21.294117647058822,157.0,40.529411764705884,42.27828054298642,41.86678200692042
2024_11_SEA_SF,2024,11,2024-11-17,SF,SEA,37,2024-02-11,2024-11-14,43.8,20,9,28.55,233.0,18.75,202.0,17,9,21.41176470588235,210.0,23.647058823529413,221.0,46.17941176470588,47.51674208144796,47.20207612456747
2024_11_HOU_DAL,2024,11,2024-11-18,DAL,HOU,44,2024-02-11,2024-11-17,43.8,18,9,30.055555555555557,177.0,20.166666666666668,259.0,19,10,22.736842105263158,224.0,21.105263157894736,226.0,47.03216374269006,46.83031296189191,46.88321293429653
2024_12_PIT_CLE,2024,12,2024-11-21,CLE,PIT,43,2024-02-11,2024-11-18,43.8,18,10,22.77777777777778,162.0,22.61111111111111,248.0,18,10,17.833333333333332,233.0,19.72222222222222,162.0,41.47222222222222,40.59920634920635,40.79320987654321
2024_12_ARI_SEA,2024,12,2024-11-24,SEA,ARI,22,2024-02-11,2024-11-21,43.8,17,10,21.41176470588235,230.0,23.647058823529413,238.0,17,10,19.41176470588235,238.0,26.764705882352942,220.0,45.61764705882353,46.10504201680672,45.99673202614379
2024_12_DAL_WAS,2024,12,2024-11-24,WAS,DAL,60,2024-02-11,2024-11-21,43.8,17,11,19.352941176470587,308.0,30.470588235294116,243.0,18,10,30.055555555555557,187.0,20.166666666666668,293.0,50.02287581699346,49.32726423902895,49.48299124718113
2024_12_DEN_LV,2024,12,2024-11-24,LV,DEN,48,2024-02-11,2024-11-21,43.8,17,10,19.529411764705884,187.0,19.470588235294116,285.0,17,11,21.0,235.0,24.294117647058822,183.0,42.14705882352941,42.40112044817927,42.313381492948054
2024_12_DET_IND,2024,12,2024-11-24,IND,DET,30,2024-02-11,2024-11-21,43.8,17,11,23.294117647058822,236.0,24.41176470588235,250.0,20,10,27.35,336.0,23.75,177.0,49.40294117647059,48.18221288515406,48.438372893016854
2024_12_KC_CAR,2024,12,2024-11-24,CAR,KC,57,2024-02-11,2024-11-21,43.8,17,10,13.882352941176471,167.0,24.470588235294116,310.0,21,10,22.19047619047619,240.0,17.0,191.0,38.77170868347339,43.5062024809924,42.4540927482104
2024_12_MIN_CHI,2024,12,2024-11-24,CHI,MIN,57,2024-02-11,2024-11-21,43.8,17,10,21.176470588235293,194.0,22.294117647058822,187.0,17,10,20.235294117647058,244.0,21.294117647058822,170.0,42.5,40.535714285714285,40.97222222222222
2024_12_NE_MIA,2024,12,2024-11-24,MIA,NE,49,2024-02-11,2024-11-21,43.8,18,10,27.944444444444443,181.0,23.166666666666668,221.0,17,11,13.882352941176471,182.0,21.529411764705884,248.0,43.26143790849673,40.71363211951447,41.29558919084203
2024_12_PHI_LA,2024,12,2024-11-24,LAR,PHI,57,2024-02-11,2024-11-21,43.8,18,10,23.72222222222222,213.0,22.27777777777778,239.0,18,10,24.555555555555557,259.0,25.555555555555557,179.0,48.05555555555556,45.51587301587301,46.08024691358025
2024_12_SF_GB,2024,12,2024-11-24,GB,SF,48,2024-02-11,2024-11-21,43.8,19,10,23.789473684210527,250.0,21.36842105263158,213.0,20,10,28.55,250.0,18.75,222.0,46.22894736842105,46.60112781954887,46.51842105263158
2024_12_TB_NYG,2024,12,2024-11-24,NYG,TB,37,2024-02-11,2024-11-21,43.8,17,10,15.647058823529411,156.0,23.941176470588236,222.0,19,10,21.210526315789473,279.0,19.210526315789473,266.0,40.0046439628483,44.394183989385226,43.4187306501548
2024_12_TEN_HOU,2024,12,2024-11-24,HOU,TEN,59,2024-02-11,2024-11-21,43.8,19,11,22.736842105263158,258.0,21.105263157894736,236.0,17,10,17.941176470588236,170.0,21.58823529411765,263.0,41.68575851393189,43.42362523956951,43.0420084007749
2024_12_BAL_LAC,2024,12,2024-11-25,LAC,BAL,53,2024-02-11,2024-11-24,43.8,17,10,20.352941176470587,220.0,23.41176470588235,145.0,19,11,27.736842105263158,334.0,16.157894736842106,271.0,43.8297213622291,45.30711337166446,45.02642894646316
2024_13_CHI_DET,2024,13,2024-11-28,DET,CHI,43,2024-02-11,2024-11-25,43.8,20,11,27.35,360.0,23.75,183.0,17,11,21.176470588235293,221.0,22.294117647058822,217.0,47.285294117647055,45.309411764705885,45.72538699690402
2024_13_MIA_GB,2024,13,2024-11-28,GB,MIA,47,2024-02-11,2024-11-25,43.8,19,11,23.789473684210527,288.0,21.36842105263158,223.0,18,11,27.944444444444443,215.0,23.166666666666668,236.0,48.13450292397661,44.902534113060426,45.5829485995691
2024_13_NYG_DAL,2024,13,2024-11-28,DAL,NYG,47,2024-02-11,2024-11-25,43.8,18,11,30.055555555555557,221.0,20.166666666666668,319.0,17,11,15.647058823529411,163.0,23.941176470588236,252.0,44.90522875816993,43.80806100217865,44.0390436876505
2024_13_LV_KC,2024,13,2024-11-29,KC,LV,36,2024-02-11,2024-11-28,43.8,21,11,22.19047619047619,270.0,17.0,218.0,17,11,19.529411764705884,206.0,19.470588235294116,314.0,39.095238095238095,44.025396825396825,42.987468671679196
2024_13_ARI_MIN,2024,13,2024-12-01,MIN,ARI,45,2024-02-11,2024-11-29,43.8,17,11,20.235294117647058,274.0,21.294117647058822,197.0,17,11,19.41176470588235,244.0,26.764705882352942,236.0,43.85294117647059,43.39411764705882,43.4907120743034
2024_13_HOU_JAX,2024,13,2024-12-01,JAX,HOU,43,2024-02-11,2024-11-29,43.8,17,11,22.176470588235293,208.0,21.823529411764707,316.0,19,12,22.736842105263158,285.0,21.105263157894736,268.0,43.921052631578945,46.09484649122807,45.646052631578954
2024_13_IND_NE,2024,13,2024-12-01,NE,IND,49,2024-02-11,2024-11-29,43.8,17,12,13.882352941176471,197.0,21.529411764705884,282.0,17,12,23.294117647058822,242.0,24.41176470588235,274.0,41.55882352941177,41.48345588235294,41.49852941176471
2024_13_LAC_ATL,2024,13,2024-12-01,ATL,LAC,30,2024-02-11,2024-11-29,43.8,17,11,18.88235294117647,244.0,21.941176470588236,274.0,17,11,20.352941176470587,243.0,23.41176470588235,175.0,42.294117647058826,42.47843137254902,42.43962848297213
2024_13_LA_NO,2024,13,2024-12-01,NO,LAR,35,2024-02-11,2024-11-29,43.8,17,11,23.647058823529413,262.0,19.235294117647058,260.0,18,11,23.72222222222222,233.0,22.27777777777778,276.0,44.44117647058823,46.21764705882353,45.843653250774
2024_13_PHI_BAL,2024,13,2024-12-01,BAL,PHI,43,2024-02-11,2024-11-29,43.8,19,12,27.736842105263158,364.0,16.157894736842106,294.0,18,11,24.555555555555557,296.0,25.555555555555557,199.0,47.00292397660819,49.23082358674464,48.804970760233914
2024_13_PIT_CIN,2024,13,2024-12-01,CIN,PIT,82,2024-02-11,2024-11-29,43.8,17,11,21.529411764705884,297.0,22.58823529411765,296.0,18,11,17.833333333333332,252.0,19.72222222222222,186.0,40.83660130718954,45.256427015250544,44.32593739250086
2024_13_SEA_NYJ,2024,13,2024-12-01,NYJ,SEA,47,2024-02-11,2024-11-29,43.8,17,11,15.764705882352942,204.0,20.88235294117647,242.0,17,11,21.41176470588235,246.0,23.647058823529413,244.0,40.85294117647059,42.09411764705882,41.8328173374613
2024_13_SF_BUF,2024,13,2024-12-01,BUF,SF,45,2024-02-11,2024-11-29,43.8,19,11,26.63157894736842,320.0,18.68421052631579,214.0,20,11,28.55,260.0,18.75,260.0,46.30789473684211,47.48210526315789,47.234903047091414
2024_13_TB_CAR,2024,13,2024-12-01,CAR,TB,49,2024-02-11,2024-11-29,43.8,17,11,13.882352941176471,194.0,24.470588235294116,340.0,19,11,21.210526315789473,309.0,19.210526315789473,273.0,39.38699690402477,47.703199174406606,45.952419749063054
2024_13_TEN_WAS,2024,13,2024-12-01,WAS,TEN,61,2024-02-11,2024-11-29,43.8,17,12,19.352941176470587,334.0,30.470588235294116,277.0,17,11,17.941176470588236,202.0,21.58823529411765,290.0,44.67647058823529,46.992279411764706,46.509055727554184
2024_13_CLE_DEN,2024,13,2024-12-02,DEN,CLE,73,2024-02-11,2024-12-01,43.8,17,12,21.0,264.0,24.294117647058822,202.0,18,11,22.77777777777778,186.0,22.61111111111111,267.0,45.341503267973856,41.37611655773421,42.18543171654627
2024_14_GB_DET,2024,14,2024-12-05,DET,GB,65,2024-02-11,2024-12-02,43.8,20,12,27.35,383.0,23.75,203.0,19,12,23.789473684210527,318.0,21.36842105263158,240.0,48.12894736842105,47.78223684210526,47.85157894736842
2024_14_ATL_MIN,2024,14,2024-12-08,MIN,ATL,63,2024-02-11,2024-12-05,43.8,17,12,20.235294117647058,297.0,21.294117647058822,219.0,17,12,18.88235294117647,257.0,21.941176470588236,291.0,41.17647058823529,43.544117647058826,43.07058823529412
2024_14_BUF_LA,2024,14,2024-12-08,LAR,BUF,86,2024-02-11,2024-12-05,43.8,18,12,23.72222222222222,254.0,22.27777777777778,290.0,19,12,26.63157894736842,355.0,18.68421052631579,224.0,45.65789473684211,46.50822368421053,46.338157894736845
2024_14_CAR_PHI,2024,14,2024-12-08,PHI,CAR,38,2024-02-11,2024-12-05,43.8,18,12,24.555555555555557,320.0,25.555555555555557,218.0,17,12,13.882352941176471,217.0,24.470588235294116,366.0,44.23202614379085,46.08925653594771,45.717810457516336
2024_14_CHI_SF,2024,14,2024-12-08,SF,CHI,51,2024-02-11,2024-12-05,43.8,20,12,28.55,270.0,18.75,295.0,17,12,21.176470588235293,241.0,22.294117647058822,240.0,45.38529411764706,44.03382352941176,44.304117647058824
2024_14_CLE_PIT,2024,14,2024-12-08,PIT,CLE,41,2024-02-11,2024-12-05,43.8,18,12,17.833333333333332,296.0,19.72222222222222,224.0,18,12,22.77777777777778,218.0,22.61111111111111,308.0,41.47222222222222,43.05555555555556,42.73888888888889
2024_14_JAX_TEN,2024,14,2024-12-08,TEN,JAX,16,2024-02-11,2024-12-05,43.8,17,12,17.941176470588236,221.0,21.58823529411765,332.0,17,12,22.176470588235293,228.0,21.823529411764707,339.0,41.76470588235294,45.44117647058823,44.705882352941174
2024_14_LAC_KC,2024,14,2024-12-08,KC,LAC,36,2024-02-11,2024-12-05,43.8,21,12,22.19047619047619,289.0,17.0,235.0,17,12,20.352941176470587,260.0,23.41176470588235,188.0,41.477591036414566,40.74439775910364,40.891036414565825
2024_14_LV_TB,2024,14,2024-12-08,TB,LV,41,2024-02-11,2024-12-05,43.8,19,12,21.210526315789473,335.0,19.210526315789473,296.0,17,12,19.529411764705884,223.0,19.470588235294116,333.0,39.71052631578947,47.02138157894737,45.55921052631579
2024_14_NO_NYG,2024,14,2024-12-08,NYG,NO,25,2024-02-11,2024-12-05,43.8,17,12,15.647058823529411,183.0,23.941176470588236,279.0,17,12,23.647058823529413,276.0,19.235294117647058,281.0,41.23529411764706,42.15257352941177,41.96911764705882
2024_14_NYJ_MIA,2024,14,2024-12-08,MIA,NYJ,58,2024-02-11,2024-12-05,43.8,18,12,27.944444444444443,232.0,23.166666666666668,266.0,17,12,15.764705882352942,225.0,20.88235294117647,268.0,43.87908496732026,41.93852124183007,42.32663398692811
2024_14_SEA_ARI,2024,14,2024-12-08,ARI,SEA,48,2024-02-11,2024-12-05,43.8,17,12,19.41176470588235,266.0,26.764705882352942,259.0,17,12,21.41176470588235,272.0,23.647058823529413,265.0,45.61764705882353,44.591911764705884,44.79705882352941
2024_14_CIN_DAL,2024,14,2024-12-09,DAL,CIN,47,2024-02-11,2024-12-08,43.8,18,12,30.055555555555557,248.0,20.166666666666668,339.0,17,12,21.529411764705884,335.0,22.58823529411765,340.0,47.16993464052288,51.22998366013072,50.41797385620916
2024_15_LA_SF,2024,15,2024-12-12,SF,LAR,18,2024-02-11,2024-12-09,43.8,20,13,28.55,308.0,18.75,308.0,18,13,23.72222222222222,298.0,22.27777777777778,332.0,46.65,47.62352941176471,47.43809523809524
2024_15_BAL_NYG,2024,15,2024-12-15,NYG,BAL,49,2024-02-11,2024-12-12,43.8,17,13,15.647058823529411,194.0,23.941176470588236,293.0,19,13,27.736842105263158,383.0,16.157894736842106,318.0,41.741486068111456,44.76270260426152,44.18723278785198
2024_15_BUF_DET,2024,15,2024-12-15,DET,BUF,90,2024-02-11,2024-12-12,43.8,20,13,27.35,417.0,23.75,234.0,19,13,26.63157894736842,397.0,18.68421052631579,268.0,48.20789473684211,50.04891640866873,49.69824561403509
2024_15_CIN_TEN,2024,15,2024-12-15,TEN,CIN,64,2024-02-11,2024-12-12,43.8,17,13,17.941176470588236,227.0,21.58823529411765,342.0,17,13,21.529411764705884,362.0,22.58823529411765,360.0,41.82352941176471,47.81141868512111,46.67086834733894
2024_15_DAL_CAR,2024,15,2024-12-15,CAR,DAL,44,2024-02-11,2024-12-12,43.8,17,13,13.882352941176471,233.0,24.470588235294116,388.0,18,13,30.055555555555557,268.0,20.166666666666668,366.0,44.287581699346404,47.3323721645521,46.75241207594149
2024_15_GB_SEA,2024,15,2024-12-15,SEA,GB,43,2024-02-11,2024-12-12,43.8,17,13,21.41176470588235,302.0,23.647058823529413,283.0,19,13,23.789473684210527,349.0,21.36842105263158,274.0,45.10835913312694,46.143143325441635,45.94604157452454
2024_15_IND_DEN,2024,15,2024-12-15,DEN,IND,44,2024-02-11,2024-12-12,43.8,17,13,21.0,305.0,24.294117647058822,234.0,17,13,23.294117647058822,267.0,24.41176470588235,298.0,46.5,43.411764705882355,44.0
2024_15_KC_CLE,2024,15,2024-12-15,CLE,KC,28,2024-02-11,2024-12-12,43.8,18,13,22.77777777777778,232.0,22.61111111111111,335.0,21,13,22.19047619047619,308.0,17.0,252.0,42.28968253968254,43.09757236227824,42.94368858654573
2024_15_MIA_HOU,2024,15,2024-12-15,HOU,MIA,32,2024-02-11,2024-12-12,43.8,19,13,22.736842105263158,308.0,21.105263157894736,288.0,18,13,27.944444444444443,264.0,23.166666666666668,292.0,47.4766081871345,45.05331957344341,45.51489835700362
2024_15_NE_ARI,2024,15,2024-12-15,ARI,NE,47,2024-02-11,2024-12-12,43.8,17,13,19.41176470588235,284.0,26.764705882352942,289.0,17,13,13.882352941176471,221.0,21.529411764705884,307.0,40.794117647058826,41.98096885813149,41.75490196078431
2024_15_NYJ_JAX,2024,15,2024-12-15,JAX,NYJ,57,2024-02-11,2024-12-12,43.8,17,13,22.176470588235293,238.0,21.823529411764707,345.0,17,13,15.764705882352942,251.0,20.88235294117647,300.0,40.32352941176471,42.84083044982699,42.36134453781513
2024_15_PIT_PHI,2024,15,2024-12-15,PHI,PIT,40,2024-02-11,2024-12-12,43.8,18,13,24.555555555555557,342.0,25.555555555555557,234.0,18,13,17.833333333333332,323.0,19.72222222222222,238.0,43.833333333333336,43.754901960784316,43.769841269841265
2024_15_TB_LAC,2024,15,2024-12-15,LAC,TB,57,2024-02-11,2024-12-12,43.8,17,13,20.352941176470587,277.0,23.41176470588235,207.0,19,13,21.210526315789473,363.0,19.210526315789473,309.0,42.092879256965944,43.90420688399199,43.55919209789179
2024_15_WAS_NO,2024,15,2024-12-15,NO,WAS,39,2024-02-11,2024-12-12,43.8,17,13,23.647058823529413,290.0,19.235294117647058,292.0,17,13,19.352941176470587,376.0,30.470588235294116,296.0,46.35294117647059,47.78892733564014,47.515406162464984
2024_15_ATL_LV,2024,15,2024-12-16,LV,ATL,24,2024-02-11,2024-12-15,43.8,17,13,19.529411764705884,236.0,19.470588235294116,361.0,17,13,18.88235294117647,278.0,21.941176470588236,333.0,39.911764705882355,44.92041522491349,43.96638655462185
2024_15_CHI_MIN,2024,15,2024-12-16,MIN,CHI,42,2024-02-11,2024-12-15,43.8,17,13,20.235294117647058,339.0,21.294117647058822,240.0,17,13,21.176470588235293,254.0,22.294117647058822,278.0,42.5,42.67647058823529,42.642857142857146
2024_16_DEN_LAC,2024,16,2024-12-19,LAC,DEN,61,2024-02-11,2024-12-16,43.8,17,14,20.352941176470587,294.0,23.41176470588235,247.0,17,14,21.0,336.0,24.294117647058822,247.0,44.529411764705884,41.11764705882353,41.7379679144385
2024_16_HOU_KC,2024,16,2024-12-21,KC,HOU,46,2024-02-11,2024-12-19,43.8,21,14,22.19047619047619,329.0,17.0,259.0,19,14,22.736842105263158,328.0,21.105263157894736,300.0,41.51629072681704,43.003620161514895,42.73319662793347
2024_16_PIT_BAL,2024,16,2024-12-21,BAL,PIT,51,2024-02-11,2024-12-19,43.8,19,14,27.736842105263158,418.0,16.157894736842106,332.0,18,14,17.833333333333332,336.0,19.72222222222222,265.0,40.72514619883041,46.57781026640676,45.51368952684742
2024_16_ARI_CAR,2024,16,2024-12-22,CAR,ARI,66,2024-02-11,2024-12-21,43.8,17,14,13.882352941176471,247.0,24.470588235294116,418.0,17,14,19.41176470588235,314.0,26.764705882352942,306.0,42.26470588235294,45.08660130718954,44.5735294117647
2024_16_CLE_CIN,2024,16,2024-12-22,CIN,CLE,30,2024-02-11,2024-12-21,43.8,17,14,21.529411764705884,399.0,22.58823529411765,387.0,18,14,22.77777777777778,239.0,22.61111111111111,356.0,44.75326797385621,48.306281771968045,47.660279263220446
2024_16_DET_CHI,2024,16,2024-12-22,CHI,DET,51,2024-02-11,2024-12-21,43.8,17,14,21.176470588235293,266.0,22.294117647058822,308.0,20,14,27.35,459.0,23.75,282.0,47.285294117647055,47.03562091503268,47.081016042780746
2024_16_JAX_LV,2024,16,2024-12-22,LV,JAX,33,2024-02-11,2024-12-21,43.8,17,14,19.529411764705884,245.0,19.470588235294116,376.0,17,14,22.176470588235293,263.0,21.823529411764707,377.0,41.5,44.25,43.75
2024_16_LA_NYJ,2024,16,2024-12-22,NYJ,LAR,28,2024-02-11,2024-12-21,43.8,17,14,15.764705882352942,283.0,20.88235294117647,325.0,18,14,23.72222222222222,310.0,22.27777777777778,338.0,41.32352941176471,44.0718954248366,43.57219251336898
2024_16_MIN_SEA,2024,16,2024-12-22,SEA,MIN,51,2024-02-11,2024-12-21,43.8,17,14,21.41176470588235,315.0,23.647058823529413,313.0,17,14,20.235294117647058,369.0,21.294117647058822,252.0,43.294117647058826,44.31535947712418,44.12967914438502
2024_16_NE_BUF,2024,16,2024-12-22,BUF,NE,45,2024-02-11,2024-12-21,43.8,19,14,26.63157894736842,445.0,18.68421052631579,310.0,17,14,13.882352941176471,238.0,21.529411764705884,337.0,40.363777089783284,45.91417268661851,44.90500985083028
2024_16_NYG_ATL,2024,16,2024-12-22,ATL,NYG,41,2024-02-11,2024-12-21,43.8,17,14,18.88235294117647,293.0,21.941176470588236,342.0,17,14,15.647058823529411,208.0,23.941176470588236,328.0,40.205882352941174,41.462418300653596,41.23395721925134
2024_16_PHI_WAS,2024,16,2024-12-22,WAS,PHI,69,2024-02-11,2024-12-21,43.8,17,14,19.352941176470587,396.0,30.470588235294116,315.0,18,14,24.555555555555557,369.0,25.555555555555557,247.0,49.967320261437905,47.96496005809731,48.32902554961379
2024_16_SF_MIA,2024,16,2024-12-22,MIA,SF,46,2024-02-11,2024-12-21,43.8,18,14,27.944444444444443,276.0,23.166666666666668,312.0,20,14,28.55,314.0,18.75,320.0,49.205555555555556,44.87901234567901,45.66565656565656
2024_16_TB_DAL,2024,16,2024-12-22,DAL,TB,50,2024-02-11,2024-12-21,43.8,18,14,30.055555555555557,298.0,20.166666666666668,380.0,19,14,21.210526315789473,403.0,19.210526315789473,326.0,45.32163742690059,49.15480831708902,48.457868155236575
2024_16_TEN_IND,2024,16,2024-12-22,IND,TEN,68,2024-02-11,2024-12-21,43.8,17,14,23.294117647058822,280.0,24.41176470588235,329.0,17,14,17.941176470588236,254.0,21.58823529411765,379.0,43.61764705882353,44.192810457516345,44.088235294117645
2024_16_NO_GB,2024,16,2024-12-23,GB,NO,34,2024-02-11,2024-12-22,43.8,19,14,23.789473684210527,379.0,21.36842105263158,287.0,17,14,23.647058823529413,309.0,19.235294117647058,312.0,44.02012383900929,45.532249742002065,45.25731775963974
2024_17_BAL_HOU,2024,17,2024-12-25,HOU,BAL,33,2024-02-11,2024-12-23,43.8,19,15,22.736842105263158,347.0,21.105263157894736,327.0,19,15,27.736842105263158,452.0,16.157894736842106,349.0,43.868421052631575,48.051246537396125,47.32379862700229
2024_17_KC_PIT,2024,17,2024-12-25,PIT,KC,39,2024-02-11,2024-12-23,43.8,18,15,17.833333333333332,353.0,19.72222222222222,299.0,21,15,22.19047619047619,356.0,17.0,278.0,38.37301587301587,41.92063492063492,41.30365769496204
2024_17_SEA_CHI,2024,17,2024-12-26,CHI,SEA,9,2024-02-11,2024-12-25,43.8,17,15,21.176470588235293,283.0,22.294117647058822,342.0,17,15,21.41176470588235,339.0,23.647058823529413,340.0,44.26470588235294,43.63467492260062,43.74424552429667
2024_17_ARI_LA,2024,17,2024-12-28,LAR,ARI,22,2024-02-11,2024-12-26,43.8,18,15,23.72222222222222,329.0,22.27777777777778,347.0,17,15,19.41176470588235,344.0,26.764705882352942,342.0,46.088235294117645,45.54489164086687,45.63938618925831
2024_17_DEN_CIN,2024,17,2024-12-28,CIN,DEN,54,2024-02-11,2024-12-26,43.8,17,15,21.529411764705884,423.0,22.58823529411765,393.0,17,15,21.0,363.0,24.294117647058822,281.0,44.705882352941174,47.8328173374613,47.28900255754476
2024_17_LAC_NE,2024,17,2024-12-28,NE,LAC,47,2024-02-11,2024-12-26,43.8,17,15,13.882352941176471,259.0,21.529411764705884,361.0,17,15,20.352941176470587,328.0,23.41176470588235,274.0,39.588235294117645,40.4922600619195,40.33503836317136
2024_17_ATL_WAS,2024,17,2024-12-29,WAS,ATL,54,2024-02-11,2024-12-28,43.8,17,15,19.352941176470587,432.0,30.470588235294116,348.0,17,15,18.88235294117647,327.0,21.941176470588236,349.0,45.3235294117647,47.857585139318886,47.41687979539642
2024_17_CAR_TB,2024,17,2024-12-29,TB,CAR,62,2024-02-11,2024-12-28,43.8,19,15,21.210526315789473,427.0,19.210526315789473,352.0,17,15,13.882352941176471,283.0,24.470588235294116,448.0,39.38699690402477,48.0288414534789,46.525911966617315
2024_17_DAL_PHI,2024,17,2024-12-29,PHI,DAL,48,2024-02-11,2024-12-28,43.8,18,15,24.555555555555557,402.0,25.555555555555557,283.0,18,15,30.055555555555557,324.0,20.166666666666668,404.0,50.16666666666667,47.74561403508772,48.16666666666667
2024_17_GB_MIN,2024,17,2024-12-29,MIN,GB,52,2024-02-11,2024-12-28,43.8,17,15,20.235294117647058,396.0,21.294117647058822,276.0,19,15,23.789473684210527,413.0,21.36842105263158,287.0,43.343653250774,45.23024278963663,44.90214026113878
2024_17_IND_NYG,2024,17,2024-12-29,NYG,IND,78,2024-02-11,2024-12-28,43.8,17,15,15.647058823529411,215.0,23.941176470588236,362.0,17,15,23.294117647058822,318.0,24.41176470588235,359.0,43.64705882352941,42.188854489164086,42.44245524296675
2024_17_LV_NO,2024,17,2024-12-29,NO,LV,35,2024-02-11,2024-12-28,43.8,17,15,23.647058823529413,309.0,19.235294117647058,346.0,17,15,19.529411764705884,264.0,19.470588235294116,390.0,40.94117647058823,43.06656346749226,42.69693094629156
2024_17_MIA_CLE,2024,17,2024-12-29,CLE,MIA,23,2024-02-11,2024-12-28,43.8,18,15,22.77777777777778,245.0,22.61111111111111,380.0,18,15,27.944444444444443,305.0,23.166666666666668,329.0,48.25,43.28947368421053,44.152173913043484
2024_17_NYJ_BUF,2024,17,2024-12-29,BUF,NYJ,54,2024-02-11,2024-12-28,43.8,19,15,26.63157894736842,469.0,18.68421052631579,331.0,17,15,15.764705882352942,292.0,20.88235294117647,344.0,40.98142414860681,46.41714192602248,45.47179970386324
2024_17_TEN_JAX,2024,17,2024-12-29,JAX,TEN,33,2024-02-11,2024-12-28,43.8,17,15,22.176470588235293,277.0,21.823529411764707,396.0,17,15,17.941176470588236,284.0,21.58823529411765,417.0,41.76470588235294,44.95046439628483,44.39641943734016
2024_17_DET_SF,2024,17,2024-12-30,SF,DET,74,2024-02-11,2024-12-29,43.8,20,15,28.55,331.0,18.75,349.0,20,15,27.35,493.0,23.75,299.0,49.2,49.09473684210526,49.11304347826087
2024_18_CIN_PIT,2024,18,2025-01-04,PIT,CIN,36,2024-02-11,2024-12-30,43.8,18,16,17.833333333333332,363.0,19.72222222222222,328.0,17,16,21.529411764705884,453.0,22.58823529411765,417.0,40.83660130718954,47.19232026143791,46.13303376906318
2024_18_CLE_BAL,2024,18,2025-01-04,BAL,CLE,45,2024-02-11,2024-12-30,43.8,19,16,27.736842105263158,483.0,16.157894736842106,351.0,18,16,22.77777777777778,248.0,22.61111111111111,400.0,44.64181286549707,45.97836257309942,45.75560428849903
2024_18_BUF_NE,2024,18,2025-01-05,NE,BUF,39,2024-02-11,2025-01-04,43.8,17,16,13.882352941176471,266.0,21.529411764705884,401.0,19,16,26.63157894736842,509.0,18.68421052631579,345.0,40.363777089783284,46.097755417956655,45.1420923632611
2024_18_CAR_ATL,2024,18,2025-01-05,ATL,CAR,82,2024-02-11,2025-01-04,43.8,17,16,18.88235294117647,351.0,21.941176470588236,379.0,17,16,13.882352941176471,297.0,24.470588235294116,496.0,39.588235294117645,45.99264705882353,44.92524509803921
2024_18_CHI_GB,2024,18,2025-01-05,GB,CHI,46,2024-02-11,2025-01-04,43.8,19,16,23.789473684210527,438.0,21.36842105263158,314.0,17,16,21.176470588235293,286.0,22.294117647058822,348.0,44.31424148606811,43.51284829721362,43.64641382868937
2024_18_HOU_TEN,2024,18,2025-01-05,TEN,HOU,37,2024-02-11,2025-01-04,43.8,17,16,17.941176470588236,297.0,21.58823529411765,437.0,19,16,22.736842105263158,349.0,21.105263157894736,358.0,41.68575851393189,44.36215170278638,43.91608617131063
2024_18_JAX_IND,2024,18,2025-01-05,IND,JAX,49,2024-02-11,2025-01-04,43.8,17,16,23.294117647058822,351.0,24.41176470588235,404.0,17,16,22.176470588235293,297.0,21.823529411764707,409.0,45.85294117647059,45.69558823529412,45.72181372549019
2024_18_KC_DEN,2024,18,2025-01-05,DEN,KC,38,2024-02-11,2025-01-04,43.8,17,16,21.0,387.0,24.294117647058822,311.0,21,16,22.19047619047619,385.0,17.0,288.0,42.24229691876751,42.7234593837535,42.643265639589174
2024_18_LAC_LV,2024,18,2025-01-05,LV,LAC,54,2024-02-11,2025-01-04,43.8,17,16,19.529411764705884,289.0,19.470588235294116,400.0,17,16,20.352941176470587,368.0,23.41176470588235,281.0,41.38235294117647,41.726470588235294,41.66911764705882
2024_18_MIA_NYJ,2024,18,2025-01-05,NYJ,MIA,52,2024-02-11,2025-01-04,43.8,17,16,15.764705882352942,306.0,20.88235294117647,384.0,18,16,27.944444444444443,325.0,23.166666666666668,332.0,43.87908496732026,42.45081699346405,42.68886165577342
2024_18_MIN_DET,2024,18,2025-01-05,DET,MIN,40,2024-02-11,2025-01-04,43.8,20,16,27.35,533.0,23.75,333.0,17,16,20.235294117647058,423.0,21.294117647058822,301.0,46.31470588235294,49.012941176470584,48.563235294117646
2024_18_NO_TB,2024,18,2025-01-05,TB,NO,46,2024-02-11,2025-01-04,43.8,19,16,21.210526315789473,475.0,19.210526315789473,366.0,17,16,23.647058823529413,319.0,19.235294117647058,371.0,41.65170278637771,46.60534055727554,45.779734262125906
2024_18_NYG_PHI,2024,18,2025-01-05,PHI,NYG,33,2024-02-11,2025-01-04,43.8,18,16,24.555555555555557,443.0,25.555555555555557,290.0,17,16,15.647058823529411,260.0,23.941176470588236,395.0,44.84967320261438,43.669934640522875,43.86655773420479
2024_18_SEA_LA,2024,18,2025-01-05,LAR,SEA,55,2024-02-11,2025-01-04,43.8,18,16,23.72222222222222,342.0,22.27777777777778,356.0,17,16,21.41176470588235,345.0,23.647058823529413,343.0,45.529411764705884,43.75588235294118,44.05147058823529
2024_18_SF_ARI,2024,18,2025-01-05,ARI,SF,71,2024-02-11,2025-01-04,43.8,17,16,19.41176470588235,353.0,26.764705882352942,355.0,20,16,28.55,365.0,18.75,389.0,46.73823529411764,45.89764705882353,46.03774509803921
2024_18_WAS_DAL,2024,18,2025-01-05,DAL,WAS,42,2024-02-11,2025-01-04,43.8,18,16,30.055555555555557,331.0,20.166666666666668,445.0,17,16,19.352941176470587,462.0,30.470588235294116,372.0,50.02287581699346,50.25457516339869,50.21595860566449
2025_01_DAL_PHI,2025,1,2025-09-04,PHI,DAL,44,2025-02-09,,46.01754385964912,21,0,28.952380952380953,0.0,18.095238095238095,0.0,17,0,20.58823529411765,0.0,27.529411764705884,0.0,47.582633053221286,47.582633053221286,47.582633053221286
2025_01_KC_LAC,2025,1,2025-09-05,LAC,KC,48,2025-02-09,2025-09-04,46.01754385964912,18,0,23.0,0.0,18.5,0.0,20,0,23.1,0.0,20.45,0.0,42.525,42.525,42.525
2025_01_ARI_NO,2025,1,2025-09-07,NO,ARI,33,2025-02-09,2025-09-05,46.01754385964912,17,0,19.88235294117647,0.0,23.41176470588235,0.0,17,0,23.529411764705884,0.0,22.294117647058822,0.0,44.55882352941177,44.55882352941177,44.55882352941177
2025_01_BAL_BUF,2025,1,2025-09-07,BUF,BAL,81,2025-02-09,2025-09-05,46.01754385964912,20,0,30.6,0.0,21.6,0.0,19,0,30.05263157894737,0.0,21.157894736842106,0.0,51.70526315789474,51.70526315789474,51.70526315789474
2025_01_CAR_JAX,2025,1,2025-09-07,JAX,CAR,36,2025-02-09,2025-09-05,46.01754385964912,17,0,18.823529411764707,0.0,25.58823529411765,0.0,17,0,20.058823529411764,0.0,31.41176470588235,0.0,47.94117647058823,47.94117647058823,47.94117647058823
2025_01_CIN_CLE,2025,1,2025-09-07,CLE,CIN,33,2025-02-09,2025-09-05,46.01754385964912,17,0,15.176470588235293,0.0,25.58823529411765,0.0,17,0,27.764705882352942,0.0,25.529411764705884,0.0,47.029411764705884,47.029411764705884,47.029411764705884
2025_01_DET_GB,2025,1,2025-09-07,GB,DET,40,2025-02-09,2025-09-05,46.01754385964912,18,0,26.11111111111111,0.0,20.0,0.0,18,0,33.05555555555556,0.0,21.5,0.0,50.333333333333336,50.333333333333336,50.333333333333336
2025_01_HOU_LA,2025,1,2025-09-07,LAR,HOU,23,2025-02-09,2025-09-05,46.01754385964912,19,0,21.894736842105264,0.0,22.263157894736842,0.0,19,0,22.0,0.0,21.42105263157895,0.0,43.78947368421053,43.78947368421053,43.78947368421053
2025_01_LV_NE,2025,1,2025-09-07,NE,LV,33,2025-02-09,2025-09-05,46.01754385964912,17,0,17.0,0.0,24.529411764705884,0.0,17,0,18.176470588235293,0.0,25.529411764705884,0.0,42.61764705882353,42.61764705882353,42.61764705882353
2025_01_MIA_IND,2025,1,2025-09-07,IND,MIA,41,2025-02-09,2025-09-05,46.01754385964912,17,0,22.176470588235293,0.0,25.11764705882353,0.0,17,0,20.294117647058822,0.0,21.41176470588235,0.0,44.5,44.5,44.5
2025_01_NYG_WAS,2025,1,2025-09-07,WAS,NYG,27,2025-02-09,2025-09-05,46.01754385964912,20,0,28.8,0.0,24.85,0.0,17,0,16.058823529411764,0.0,24.41176470588235,0.0,47.06029411764706,47.06029411764706,47.06029411764706
2025_01_PIT_NYJ,2025,1,2025-09-07,NYJ,PIT,66,2025-02-09,2025-09-05,46.01754385964912,17,0,19.88235294117647,0.0,23.764705882352942,0.0,18,0,21.88888888888889,0.0,20.833333333333332,0.0,43.18464052287582,43.18464052287582,43.18464052287582
2025_01_SF_SEA,2025,1,2025-09-07,SEA,SF,30,2025-02-09,2025-09-05,46.01754385964912,17,0,22.058823529411764,0.0,21.647058823529413,0.0,17,0,22.88235294117647,0.0,25.647058823529413,0.0,46.11764705882353,46.11764705882353,46.11764705882353
2025_01_TB_ATL,2025,1,2025-09-07,ATL,TB,43,2025-02-09,2025-09-05,46.01754385964912,17,0,22.88235294117647,0.0,24.88235294117647,0.0,18,0,29.0,0.0,22.666666666666668,0.0,49.71568627450981,49.71568627450981,49.71568627450981
2025_01_TEN_DEN,2025,1,2025-09-07,DEN,TEN,32,2025-02-09,2025-09-05,46.01754385964912,18,0,24.0,0.0,19.0,0.0,17,0,18.294117647058822,0.0,27.058823529411764,0.0,44.17647058823529,44.17647058823529,44.17647058823529
2025_01_MIN_CHI,2025,1,2025-09-08,CHI,MIN,51,2025-02-09,2025-09-07,46.01754385964912,17,0,18.235294117647058,0.0,21.764705882352942,0.0,18,0,24.5,0.0,19.944444444444443,0.0,42.22222222222222,42.22222222222222,42.22222222222222
2025_02_WAS_GB,2025,2,2025-09-11,GB,WAS,45,2025-02-09,2025-09-08,46.01754385964912,18,1,26.11111111111111,27.0,20.0,13.0,20,1,28.8,21.0,24.85,6.0,49.88055555555556,46.60444444444445,48.06049382716049
2025_02_ATL_MIN,2025,2,2025-09-14,MIN,ATL,28,2025-02-09,2025-09-11,46.01754385964912,18,1,24.5,27.0,19.944444444444443,24.0,17,1,22.88235294117647,20.0,24.88235294117647,23.0,46.10457516339869,46.28366013071896,46.204066811909954
2025_02_BUF_NYJ,2025,2,2025-09-14,NYJ,BUF,40,2025-02-09,2025-09-11,46.01754385964912,17,1,19.88235294117647,32.0,23.764705882352942,34.0,20,1,30.6,41.0,21.6,40.0,47.923529411764704,53.038823529411765,50.765359477124186
2025_02_CAR_ARI,2025,2,2025-09-14,ARI,CAR,49,2025-02-09,2025-09-11,46.01754385964912,17,1,23.529411764705884,20.0,22.294117647058822,13.0,17,1,20.058823529411764,10.0,31.41176470588235,26.0,48.64705882352941,45.817647058823525,47.07516339869281
2025_02_CHI_DET,2025,2,2025-09-14,DET,CHI,73,2025-02-09,2025-09-11,46.01754385964912,18,1,33.05555555555556,13.0,21.5,27.0,17,1,18.235294117647058,24.0,21.764705882352942,27.0,47.27777777777778,46.922222222222224,47.08024691358025
2025_02_CLE_BAL,2025,2,2025-09-14,BAL,CLE,58,2025-02-09,2025-09-11,46.01754385964912,19,1,30.05263157894737,40.0,21.157894736842106,41.0,17,1,15.176470588235293,16.0,25.58823529411765,17.0,45.98761609907121,48.190092879256966,47.21121431028552
2025_02_DEN_IND,2025,2,2025-09-14,IND,DEN,57,2025-02-09,2025-09-11,46.01754385964912,17,1,22.176470588235293,33.0,25.11764705882353,8.0,18,1,24.0,20.0,19.0,12.0,45.14705882352941,43.41764705882353,44.18627450980392
2025_02_JAX_CIN,2025,2,2025-09-14,CIN,JAX,58,2025-02-09,2025-09-11,46.01754385964912,17,1,27.764705882352942,17.0,25.529411764705884,16.0,17,1,18.823529411764707,26.0,25.58823529411765,10.0,48.852941176470594,45.98235294117647,47.25816993464053
2025_02_LA_TEN,2025,2,2025-09-14,TEN,LAR,52,2025-02-09,2025-09-11,46.01754385964912,17,1,18.294117647058822,12.0,27.058823529411764,20.0,19,1,21.894736842105264,14.0,22.263157894736842,9.0,44.755417956656345,41.304334365325076,42.83814929480564
2025_02_NE_MIA,2025,2,2025-09-14,MIA,NE,60,2025-02-09,2025-09-11,46.01754385964912,17,1,20.294117647058822,8.0,21.41176470588235,33.0,17,1,17.0,13.0,24.529411764705884,20.0,41.61764705882353,40.694117647058825,41.10457516339869
2025_02_NYG_DAL,2025,2,2025-09-14,DAL,NYG,77,2025-02-09,2025-09-11,46.01754385964912,17,1,20.58823529411765,20.0,27.529411764705884,24.0,17,1,16.058823529411764,6.0,24.41176470588235,21.0,44.294117647058826,42.535294117647055,43.31699346405229
2025_02_PHI_KC,2025,2,2025-09-14,KC,PHI,37,2025-02-09,2025-09-11,46.01754385964912,20,1,23.1,21.0,20.45,27.0,21,1,28.952380952380953,24.0,18.095238095238095,20.0,45.298809523809524,45.439047619047614,45.37671957671958
2025_02_SEA_PIT,2025,2,2025-09-14,PIT,SEA,48,2025-02-09,2025-09-11,46.01754385964912,18,1,21.88888888888889,34.0,20.833333333333332,32.0,17,1,22.058823529411764,13.0,21.647058823529413,17.0,43.2140522875817,44.171241830065355,43.74582425562818
2025_02_SF_NO,2025,2,2025-09-14,NO,SF,47,2025-02-09,2025-09-11,46.01754385964912,17,1,19.88235294117647,13.0,23.41176470588235,20.0,17,1,22.88235294117647,17.0,25.647058823529413,13.0,45.911764705882355,43.029411764705884,44.310457516339866
2025_02_LAC_LV,2025,2,2025-09-15,LV,LAC,29,2025-02-09,2025-09-14,46.01754385964912,17,1,18.176470588235293,20.0,25.529411764705884,13.0,18,1,23.0,27.0,18.5,21.0,42.60294117647059,42.18235294117647,42.369281045751634
2025_02_TB_HOU,2025,2,2025-09-15,HOU,TB,39,2025-02-09,2025-09-14,46.01754385964912,19,1,22.0,9.0,21.42105263157895,14.0,18,1,29.0,23.0,22.666666666666668,20.0,47.54385964912281,44.63508771929825,45.927875243664715
2025_03_MIA_BUF,2025,3,2025-09-18,BUF,MIA,52,2025-02-09,2025-09-15,46.01754385964912,20,2,30.6,71.0,21.6,50.0,17,2,20.294117647058822,35.0,21.41176470588235,66.0,46.95294117647059,49.80196078431372,48.66235294117647
2025_03_ARI_SF,2025,3,2025-09-21,SF,ARI,31,2025-02-09,2025-09-18,46.01754385964912,17,2,22.88235294117647,43.0,25.647058823529413,34.0,17,2,23.529411764705884,47.0,22.294117647058822,35.0,47.1764705882353,44.700980392156865,45.69117647058823
2025_03_ATL_CAR,2025,3,2025-09-21,CAR,ATL,30,2025-02-09,2025-09-18,46.01754385964912,17,2,20.058823529411764,32.0,31.41176470588235,53.0,17,2,22.88235294117647,42.0,24.88235294117647,29.0,49.61764705882353,46.07843137254902,47.49411764705882
2025_03_CIN_MIN,2025,3,2025-09-21,MIN,CIN,58,2025-02-09,2025-09-18,46.01754385964912,18,2,24.5,33.0,19.944444444444443,46.0,17,2,27.764705882352942,48.0,25.529411764705884,43.0,48.869281045751634,46.74618736383442,47.59542483660131
2025_03_DAL_CHI,2025,3,2025-09-21,CHI,DAL,45,2025-02-09,2025-09-18,46.01754385964912,17,2,18.235294117647058,45.0,21.764705882352942,79.0,17,2,20.58823529411765,60.0,27.529411764705884,61.0,44.05882352941177,49.78921568627451,47.497058823529414
2025_03_DEN_LAC,2025,3,2025-09-21,LAC,DEN,43,2025-02-09,2025-09-18,46.01754385964912,18,2,23.0,47.0,18.5,30.0,18,2,24.0,48.0,19.0,41.0,42.25,42.0,42.1
2025_03_GB_CLE,2025,3,2025-09-21,CLE,GB,23,2025-02-09,2025-09-18,46.01754385964912,17,2,15.176470588235293,33.0,25.58823529411765,58.0,18,2,26.11111111111111,54.0,20.0,31.0,43.43790849673203,43.62527233115469,43.55032679738562
2025_03_HOU_JAX,2025,3,2025-09-21,JAX,HOU,27,2025-02-09,2025-09-18,46.01754385964912,17,2,18.823529411764707,53.0,25.58823529411765,41.0,19,2,22.0,28.0,21.42105263157895,34.0,43.916408668730654,42.277605779153774,42.93312693498452
2025_03_IND_TEN,2025,3,2025-09-21,TEN,IND,61,2025-02-09,2025-09-18,46.01754385964912,17,2,18.294117647058822,31.0,27.058823529411764,53.0,17,2,22.176470588235293,62.0,25.11764705882353,36.0,46.3235294117647,46.049019607843135,46.15882352941176
2025_03_KC_NYG,2025,3,2025-09-21,NYG,KC,31,2025-02-09,2025-09-18,46.01754385964912,17,2,16.058823529411764,43.0,24.41176470588235,61.0,20,2,23.1,38.0,20.45,47.0,42.01029411764706,43.75686274509804,43.058235294117644
2025_03_LA_PHI,2025,3,2025-09-21,PHI,LAR,59,2025-02-09,2025-09-18,46.01754385964912,21,2,28.952380952380953,44.0,18.095238095238095,37.0,19,2,21.894736842105264,47.0,22.263157894736842,28.0,45.60275689223057,43.40183792815372,44.28220551378446
2025_03_LV_WAS,2025,3,2025-09-21,WAS,LV,65,2025-02-09,2025-09-18,46.01754385964912,20,2,28.8,39.0,24.85,33.0,17,2,18.176470588235293,29.0,25.529411764705884,33.0,48.67794117647059,43.61862745098039,45.64235294117647
2025_03_NO_SEA,2025,3,2025-09-21,SEA,NO,57,2025-02-09,2025-09-18,46.01754385964912,17,2,22.058823529411764,44.0,21.647058823529413,34.0,17,2,19.88235294117647,34.0,23.41176470588235,46.0,43.5,42.166666666666664,42.7
2025_03_NYJ_TB,2025,3,2025-09-21,TB,NYJ,56,2025-02-09,2025-09-18,46.01754385964912,18,2,29.0,43.0,22.666666666666668,39.0,17,2,19.88235294117647,42.0,23.764705882352942,64.0,47.65686274509804,47.43790849673203,47.52549019607844
2025_03_PIT_NE,2025,3,2025-09-21,NE,PIT,35,2025-02-09,2025-09-18,46.01754385964912,17,2,17.0,46.0,24.529411764705884,47.0,18,2,21.88888888888889,51.0,20.833333333333332,63.0,42.125816993464056,45.3338779956427,44.05065359477124
2025_03_DET_BAL,2025,3,2025-09-22,BAL,DET,68,2025-02-09,2025-09-21,46.01754385964912,19,2,30.05263157894737,81.0,21.157894736842106,58.0,18,2,33.05555555555556,65.0,21.5,48.0,52.88304093567252,56.255360623781684,54.90643274853801
2025_04_SEA_ARI,2025,4,2025-09-25,ARI,SEA,43,2025-02-09,2025-09-22,46.01754385964912,17,3,23.529411764705884,62.0,22.294117647058822,51.0,17,3,22.058823529411764,88.0,21.647058823529413,47.0,44.76470588235294,43.294117647058826,43.82887700534759
2025_04_BAL_KC,2025,4,2025-09-28,KC,BAL,57,2025-02-09,2025-09-25,46.01754385964912,20,3,23.1,60.0,20.45,56.0,19,3,30.05263157894737,111.0,21.157894736842106,96.0,47.38026315789474,50.14586466165414,49.14019138755981
2025_04_CAR_NE,2025,4,2025-09-28,NE,CAR,55,2025-02-09,2025-09-25,46.01754385964912,17,3,17.0,60.0,24.529411764705884,68.0,17,3,20.058823529411764,62.0,31.41176470588235,53.0,46.5,43.92857142857143,44.86363636363636
2025_04_CHI_LV,2025,4,2025-09-28,LV,CHI,49,2025-02-09,2025-09-25,46.01754385964912,17,3,18.176470588235293,53.0,25.529411764705884,74.0,17,3,18.235294117647058,76.0,21.764705882352942,93.0,41.85294117647059,45.05882352941177,43.893048128342244
2025_04_CLE_DET,2025,4,2025-09-28,DET,CLE,44,2025-02-09,2025-09-25,46.01754385964912,18,3,33.05555555555556,103.0,21.5,78.0,17,3,15.176470588235293,46.0,25.58823529411765,68.0,47.66013071895425,48.30578898225957,48.07100415923946
2025_04_GB_DAL,2025,4,2025-09-28,DAL,GB,80,2025-02-09,2025-09-25,46.01754385964912,17,3,20.58823529411765,74.0,27.529411764705884,92.0,18,3,26.11111111111111,64.0,20.0,44.0,47.114379084967325,46.49393090569561,46.71954842543078
2025_04_IND_LA,2025,4,2025-09-28,LAR,IND,47,2025-02-09,2025-09-25,46.01754385964912,19,3,21.894736842105264,73.0,22.263157894736842,61.0,17,3,22.176470588235293,103.0,25.11764705882353,56.0,45.72600619195046,47.05771782397169,46.57345904869125
2025_04_JAX_SF,2025,4,2025-09-28,SF,JAX,47,2025-02-09,2025-09-25,46.01754385964912,17,3,22.88235294117647,59.0,25.647058823529413,49.0,17,3,18.823529411764707,70.0,25.58823529411765,51.0,46.470588235294116,42.911764705882355,44.205882352941174
2025_04_LAC_NYG,2025,4,2025-09-28,NYG,LAC,39,2025-02-09,2025-09-25,46.01754385964912,17,3,16.058823529411764,52.0,24.41176470588235,83.0,18,3,23.0,70.0,18.5,50.0,40.98529411764706,41.634453781512605,41.398395721925134
2025_04_MIN_PIT,2025,4,2025-09-28,PIT,MIN,45,2025-02-09,2025-09-25,46.01754385964912,18,3,21.88888888888889,72.0,20.833333333333332,77.0,18,3,24.5,81.0,19.944444444444443,56.0,43.58333333333333,45.33333333333333,44.696969696969695
2025_04_NO_BUF,2025,4,2025-09-28,BUF,NO,50,2025-02-09,2025-09-25,46.01754385964912,20,3,30.6,102.0,21.6,71.0,17,3,19.88235294117647,47.0,23.41176470588235,90.0,47.747058823529414,49.42689075630252,48.81604278074866
2025_04_PHI_TB,2025,4,2025-09-28,TB,PHI,56,2025-02-09,2025-09-25,46.01754385964912,18,3,29.0,72.0,22.666666666666668,66.0,21,3,28.952380952380953,77.0,18.095238095238095,63.0,49.35714285714286,48.06122448979592,48.532467532467535
2025_04_TEN_HOU,2025,4,2025-09-28,HOU,TEN,26,2025-02-09,2025-09-25,46.01754385964912,19,3,22.0,38.0,21.42105263157895,51.0,17,3,18.294117647058822,51.0,27.058823529411764,94.0,44.38699690402477,42.07828394515701,42.917815930199836
2025_04_WAS_ATL,2025,4,2025-09-28,ATL,WAS,61,2025-02-09,2025-09-25,46.01754385964912,17,3,22.88235294117647,42.0,24.88235294117647,59.0,20,3,28.8,80.0,24.85,57.0,50.707352941176474,45.97563025210084,47.69625668449198
2025_04_CIN_DEN,2025,4,2025-09-29,DEN,CIN,31,2025-02-09,2025-09-28,46.01754385964912,18,3,24.0,68.0,19.0,64.0,17,3,27.764705882352942,58.0,25.529411764705884,91.0,48.14705882352941,47.58403361344538,47.788770053475936
2025_04_NYJ_MIA,2025,4,2025-09-29,MIA,NYJ,48,2025-02-09,2025-09-28,46.01754385964912,17,3,20.294117647058822,56.0,21.41176470588235,97.0,17,3,19.88235294117647,69.0,23.764705882352942,93.0,42.67647058823529,46.88655462184874,45.35561497326203
2025_05_SF_LA,2025,5,2025-10-02,LAR,SF,49,2025-02-09,2025-09-29,46.01754385964912,19,4,21.894736842105264,100.0,22.263157894736842,81.0,17,4,22.88235294117647,80.0,25.647058823529413,75.0,46.343653250774,44.171826625387,44.89576883384933
2025_05_DAL_NYJ,2025,5,2025-10-05,NYJ,DAL,59,2025-02-09,2025-10-02,46.01754385964912,17,4,19.88235294117647,90.0,23.764705882352942,120.0,17,4,20.58823529411765,114.0,27.529411764705884,132.0,45.88235294117647,51.44117647058824,49.58823529411765
2025_05_DEN_PHI,2025,5,2025-10-05,PHI,DEN,38,2025-02-09,2025-10-02,46.01754385964912,21,4,28.952380952380953,108.0,18.095238095238095,88.0,18,4,24.0,96.0,19.0,67.0,45.023809523809526,44.94940476190476,44.97420634920635
2025_05_DET_CIN,2025,5,2025-10-05,CIN,DET,61,2025-02-09,2025-10-02,46.01754385964912,17,4,27.764705882352942,61.0,25.529411764705884,119.0,18,4,33.05555555555556,137.0,21.5,88.0,53.92483660130719,52.274918300653596,52.824891067538125
2025_05_HOU_BAL,2025,5,2025-10-05,BAL,HOU,54,2025-02-09,2025-10-02,46.01754385964912,19,4,30.05263157894737,131.0,21.157894736842106,133.0,19,4,22.0,64.0,21.42105263157895,51.0,47.31578947368421,47.34539473684211,47.33552631578948
2025_05_LV_IND,2025,5,2025-10-05,IND,LV,46,2025-02-09,2025-10-02,46.01754385964912,17,4,22.176470588235293,123.0,25.11764705882353,83.0,17,4,18.176470588235293,77.0,25.529411764705884,99.0,45.5,46.625,46.25
2025_05_MIA_CAR,2025,5,2025-10-05,CAR,MIA,51,2025-02-09,2025-10-02,46.01754385964912,17,4,20.058823529411764,75.0,31.41176470588235,95.0,17,4,20.294117647058822,83.0,21.41176470588235,118.0,46.588235294117645,46.481617647058826,46.5171568627451
2025_05_MIN_CLE,2025,5,2025-10-05,CLE,MIN,38,2025-02-09,2025-10-02,46.01754385964912,17,4,15.176470588235293,56.0,25.58823529411765,102.0,18,4,24.5,102.0,19.944444444444443,80.0,42.60457516339869,42.552287581699346,42.569716775599126
2025_05_NE_BUF,2025,5,2025-10-05,BUF,NE,43,2025-02-09,2025-10-02,46.01754385964912,20,4,30.6,133.0,21.6,90.0,17,4,17.0,102.0,24.529411764705884,81.0,46.86470588235294,48.807352941176475,48.15980392156863
2025_05_NYG_NO,2025,5,2025-10-05,NO,NYG,40,2025-02-09,2025-10-02,46.01754385964912,17,4,19.88235294117647,66.0,23.41176470588235,121.0,17,4,16.058823529411764,73.0,24.41176470588235,101.0,41.88235294117647,43.50367647058823,42.963235294117645
2025_05_TB_SEA,2025,5,2025-10-05,SEA,TB,73,2025-02-09,2025-10-02,46.01754385964912,17,4,22.058823529411764,111.0,21.647058823529413,67.0,18,4,29.0,97.0,22.666666666666668,97.0,47.68627450980392,47.09313725490196,47.290849673202615
2025_05_TEN_ARI,2025,5,2025-10-05,ARI,TEN,43,2025-02-09,2025-10-02,46.01754385964912,17,4,23.529411764705884,82.0,22.294117647058822,74.0,17,4,18.294117647058822,51.0,27.058823529411764,120.0,45.588235294117645,43.231617647058826,44.0171568627451
2025_05_WAS_LAC,2025,5,2025-10-05,LAC,WAS,37,2025-02-09,2025-10-02,46.01754385964912,18,4,23.0,88.0,18.5,71.0,20,4,28.8,107.0,24.85,91.0,47.575,46.1,46.59166666666667
2025_05_KC_JAX,2025,5,2025-10-06,JAX,KC,59,2025-02-09,2025-10-05,46.01754385964912,17,4,18.823529411764707,96.0,25.58823529411765,72.0,20,4,23.1,97.0,20.45,76.0,43.98088235294118,43.30294117647059,43.52892156862745
2025_06_PHI_NYG,2025,6,2025-10-09,NYG,PHI,51,2025-02-09,2025-10-06,46.01754385964912,17,5,16.058823529411764,87.0,24.41176470588235,127.0,21,5,28.952380952380953,125.0,18.095238095238095,109.0,43.75910364145658,44.33737939620292,44.15944839474251
2025_06_ARI_IND,2025,6,2025-10-12,IND,ARI,58,2025-02-09,2025-10-09,46.01754385964912,17,5,22.176470588235293,163.0,25.11764705882353,89.0,17,5,23.529411764705884,103.0,22.294117647058822,96.0,46.55882352941177,45.748366013071895,45.997737556561084
2025_06_CIN_GB,2025,6,2025-10-12,GB,CIN,45,2025-02-09,2025-10-09,46.01754385964912,18,4,26.11111111111111,104.0,20.0,84.0,17,5,27.764705882352942,85.0,25.529411764705884,156.0,49.70261437908497,48.50980392156863,48.87112451818334
2025_06_CLE_PIT,2025,6,2025-10-12,PIT,CLE,32,2025-02-09,2025-10-09,46.01754385964912,18,4,21.88888888888889,96.0,20.833333333333332,98.0,17,5,15.176470588235293,73.0,25.58823529411765,123.0,41.74346405228758,42.75326797385621,42.40552203787498
2025_06_DAL_CAR,2025,6,2025-10-12,CAR,DAL,57,2025-02-09,2025-10-09,46.01754385964912,17,5,20.058823529411764,102.0,31.41176470588235,119.0,17,5,20.58823529411765,151.0,27.529411764705884,154.0,49.794117647058826,51.352941176470594,50.873303167420815
2025_06_DEN_NYJ,2025,6,2025-10-12,NYJ,DEN,24,2025-02-09,2025-10-09,46.01754385964912,17,5,19.88235294117647,112.0,23.764705882352942,157.0,18,5,24.0,117.0,19.0,84.0,43.32352941176471,45.36601307189542,44.737556561085974
2025_06_DET_KC,2025,6,2025-10-12,KC,DET,47,2025-02-09,2025-10-09,46.01754385964912,20,5,23.1,125.0,20.45,107.0,18,5,33.05555555555556,174.0,21.5,112.0,49.05277777777778,50.57901234567901,50.10940170940171
2025_06_LAC_MIA,2025,6,2025-10-12,MIA,LAC,56,2025-02-09,2025-10-09,46.01754385964912,17,5,20.294117647058822,107.0,21.41176470588235,145.0,18,5,23.0,98.0,18.5,98.0,41.60294117647059,43.37908496732026,42.83257918552036
2025_06_LA_BAL,2025,6,2025-10-12,BAL,LAR,20,2025-02-09,2025-10-09,46.01754385964912,19,5,30.05263157894737,141.0,21.157894736842106,177.0,19,5,21.894736842105264,123.0,22.263157894736842,107.0,47.684210526315795,51.6374269005848,50.421052631578945
2025_06_NE_NO,2025,6,2025-10-12,NO,NE,44,2025-02-09,2025-10-09,46.01754385964912,17,5,19.88235294117647,92.0,23.41176470588235,135.0,17,5,17.0,125.0,24.529411764705884,101.0,42.411764705882355,44.01633986928104,43.52262443438914
2025_06_SEA_JAX,2025,6,2025-10-12,JAX,SEA,32,2025-02-09,2025-10-09,46.01754385964912,17,5,18.823529411764707,127.0,25.58823529411765,100.0,17,5,22.058823529411764,146.0,21.647058823529413,105.0,44.05882352941177,46.13725490196079,45.49773755656109
2025_06_SF_TB,2025,6,2025-10-12,TB,SF,49,2025-02-09,2025-10-09,46.01754385964912,18,5,29.0,135.0,22.666666666666668,132.0,17,5,22.88235294117647,106.0,25.647058823529413,98.0,50.09803921568628,48.432461873638346,48.944947209653094
2025_06_TEN_LV,2025,6,2025-10-12,LV,TEN,30,2025-02-09,2025-10-09,46.01754385964912,17,5,18.176470588235293,83.0,25.529411764705884,139.0,17,5,18.294117647058822,73.0,27.058823529411764,141.0,44.529411764705884,44.01307189542484,44.171945701357465
2025_06_BUF_ATL,2025,6,2025-10-13,ATL,BUF,38,2025-02-09,2025-10-12,46.01754385964912,17,4,22.88235294117647,76.0,24.88235294117647,86.0,20,5,30.6,153.0,21.6,113.0,49.98235294117647,48.44395424836601,48.963876319758675
2025_06_CHI_WAS,2025,6,2025-10-13,WAS,CHI,49,2025-02-09,2025-10-12,46.01754385964912,20,5,28.8,134.0,24.85,101.0,17,4,18.235294117647058,101.0,21.764705882352942,117.0,46.825,48.602777777777774,47.962820512820514
2025_07_PIT_CIN,2025,7,2025-10-16,CIN,PIT,64,2025-02-09,2025-10-13,46.01754385964912,17,6,27.764705882352942,103.0,25.529411764705884,183.0,18,5,21.88888888888889,119.0,20.833333333333332,107.0,48.00816993464052,47.008206245461146,47.278783308195074
2025_07_ATL_SF,2025,7,2025-10-19,SF,ATL,30,2025-02-09,2025-10-16,46.01754385964912,17,6,22.88235294117647,125.0,25.647058823529413,128.0,17,5,22.88235294117647,100.0,24.88235294117647,100.0,48.14705882352941,44.081372549019605,45.29040077569489
2025_07_CAR_NYJ,2025,7,2025-10-19,NYJ,CAR,19,2025-02-09,2025-10-16,46.01754385964912,17,6,19.88235294117647,123.0,23.764705882352942,170.0,17,6,20.058823529411764,132.0,31.41176470588235,146.0,47.55882352941177,47.57352941176471,47.569327731092436
2025_07_GB_ARI,2025,7,2025-10-19,ARI,GB,50,2025-02-09,2025-10-16,46.01754385964912,17,6,23.529411764705884,130.0,22.294117647058822,127.0,18,5,26.11111111111111,131.0,20.0,102.0,45.967320261437905,45.206063907044296,45.420581052934
2025_07_IND_LAC,2025,7,2025-10-19,LAC,IND,62,2025-02-09,2025-10-16,46.01754385964912,18,6,23.0,127.0,18.5,125.0,17,6,22.176470588235293,194.0,25.11764705882353,116.0,44.39705882352941,45.858823529411765,45.44117647058823
2025_07_LA_JAX,2025,7,2025-10-19,JAX,LAR,42,2025-02-09,2025-10-16,46.01754385964912,17,6,18.823529411764707,139.0,25.58823529411765,120.0,19,6,21.894736842105264,140.0,22.263157894736842,110.0,44.28482972136223,43.163931888544894,43.48418841220699
2025_07_LV_KC,2025,7,2025-10-19,KC,LV,31,2025-02-09,2025-10-16,46.01754385964912,20,6,23.1,155.0,20.45,124.0,17,6,18.176470588235293,103.0,25.529411764705884,149.0,43.627941176470586,44.001176470588234,43.89453781512605
2025_07_MIA_CLE,2025,7,2025-10-19,CLE,MIA,37,2025-02-09,2025-10-16,46.01754385964912,17,6,15.176470588235293,82.0,25.58823529411765,146.0,17,6,20.294117647058822,134.0,21.41176470588235,174.0,41.23529411764706,43.294117647058826,42.70588235294118
2025_07_NE_TEN,2025,7,2025-10-19,TEN,NE,44,2025-02-09,2025-10-16,46.01754385964912,17,6,18.294117647058822,83.0,27.058823529411764,161.0,17,6,17.0,150.0,24.529411764705884,120.0,43.44117647058823,43.076470588235296,43.180672268907564
2025_07_NO_CHI,2025,7,2025-10-19,CHI,NO,40,2025-02-09,2025-10-16,46.01754385964912,17,5,18.235294117647058,126.0,21.764705882352942,141.0,17,6,19.88235294117647,111.0,23.41176470588235,160.0,41.64705882352941,45.93104575163399,44.625242404654166
2025_07_NYG_DEN,2025,7,2025-10-19,DEN,NYG,65,2025-02-09,2025-10-16,46.01754385964912,18,6,24.0,130.0,19.0,95.0,17,6,16.058823529411764,121.0,24.41176470588235,144.0,41.73529411764706,41.194117647058825,41.34873949579831
2025_07_PHI_MIN,2025,7,2025-10-19,MIN,PHI,50,2025-02-09,2025-10-16,46.01754385964912,18,5,24.5,123.0,19.944444444444443,97.0,21,6,28.952380952380953,142.0,18.095238095238095,143.0,45.74603174603175,45.75828924162258,45.757500436071865
2025_07_WAS_DAL,2025,7,2025-10-19,DAL,WAS,66,2025-02-09,2025-10-16,46.01754385964912,17,6,20.58823529411765,178.0,27.529411764705884,184.0,20,6,28.8,158.0,24.85,126.0,50.88382352941177,52.65352941176471,52.147899159663865
2025_07_HOU_SEA,2025,7,2025-10-20,SEA,HOU,46,2025-02-09,2025-10-19,46.01754385964912,17,6,22.058823529411764,166.0,21.647058823529413,117.0,19,5,22.0,108.0,21.42105263157895,61.0,43.56346749226006,41.92918816649467,42.45486170176573
2025_07_TB_DET,2025,7,2025-10-20,DET,TB,33,2025-02-09,2025-10-19,46.01754385964912,18,6,33.05555555555556,191.0,21.5,142.0,18,6,29.0,165.0,22.666666666666668,151.0,53.111111111111114,53.69444444444444,53.52777777777778
2025_08_MIN_LAC,2025,8,2025-10-23,LAC,MIN,47,2025-02-09,2025-10-20,46.01754385964912,18,7,23.0,151.0,18.5,163.0,18,6,24.5,145.0,19.944444444444443,125.0,42.97222222222222,44.207070707070706,43.87460317460317
2025_08_BUF_CAR,2025,8,2025-10-26,CAR,BUF,49,2025-02-09,2025-10-23,46.01754385964912,17,7,20.058823529411764,145.0,31.41176470588235,152.0,20,6,30.6,167.0,21.6,137.0,51.83529411764706,48.49828877005348,49.396918767507
2025_08_CHI_BAL,2025,8,2025-10-26,BAL,CHI,46,2025-02-09,2025-10-23,46.01754385964912,19,6,30.05263157894737,144.0,21.157894736842106,194.0,17,6,18.235294117647058,152.0,21.764705882352942,155.0,45.60526315789474,50.492105263157896,49.09586466165413
2025_08_CLE_NE,2025,8,2025-10-26,NE,CLE,45,2025-02-09,2025-10-23,46.01754385964912,17,7,17.0,181.0,24.529411764705884,133.0,17,7,15.176470588235293,113.0,25.58823529411765,152.0,41.14705882352941,41.280748663101605,41.24509803921569
2025_08_DAL_DEN,2025,8,2025-10-26,DEN,DAL,68,2025-02-09,2025-10-23,46.01754385964912,18,7,24.0,163.0,19.0,127.0,17,7,20.58823529411765,222.0,27.529411764705884,206.0,45.55882352941177,49.20320855614973,48.23137254901961
2025_08_GB_PIT,2025,8,2025-10-26,PIT,GB,60,2025-02-09,2025-10-23,46.01754385964912,18,6,21.88888888888889,150.0,20.833333333333332,140.0,18,6,26.11111111111111,158.0,20.0,125.0,44.416666666666664,46.416666666666664,45.845238095238095
2025_08_MIA_ATL,2025,8,2025-10-26,ATL,MIA,44,2025-02-09,2025-10-23,46.01754385964912,17,6,22.88235294117647,110.0,24.88235294117647,120.0,17,7,20.294117647058822,140.0,21.41176470588235,205.0,44.73529411764706,44.31764705882353,44.482913165266105
2025_08_NYG_PHI,2025,8,2025-10-26,PHI,NYG,58,2025-02-09,2025-10-23,46.01754385964912,21,7,28.952380952380953,170.0,18.095238095238095,165.0,17,7,16.058823529411764,153.0,24.41176470588235,177.0,43.75910364145658,46.13967405143875,45.50485527544351
2025_08_NYJ_CIN,2025,8,2025-10-26,CIN,NYJ,77,2025-02-09,2025-10-23,46.01754385964912,17,7,27.764705882352942,136.0,25.529411764705884,214.0,17,7,19.88235294117647,129.0,23.764705882352942,183.0,48.470588235294116,47.716577540106954,47.91764705882353
2025_08_SF_HOU,2025,8,2025-10-26,HOU,SF,41,2025-02-09,2025-10-23,46.01754385964912,19,6,22.0,127.0,21.42105263157895,88.0,17,7,22.88235294117647,145.0,25.647058823529413,138.0,45.975232198142415,41.12137630171686,42.45909627008698
2025_08_TB_NO,2025,8,2025-10-26,NO,TB,26,2025-02-09,2025-10-23,46.01754385964912,17,7,19.88235294117647,125.0,23.41176470588235,186.0,18,7,29.0,174.0,22.666666666666668,175.0,47.48039215686275,47.26559714795009,47.32287581699346
2025_08_TEN_IND,2025,8,2025-10-26,IND,TEN,52,2025-02-09,2025-10-23,46.01754385964912,17,7,22.176470588235293,232.0,25.11764705882353,140.0,17,7,18.294117647058822,96.0,27.058823529411764,192.0,46.3235294117647,46.844919786096256,46.705882352941174
2025_08_WAS_KC,2025,8,2025-10-27,KC,WAS,35,2025-02-09,2025-10-26,46.01754385964912,20,7,23.1,186.0,20.45,124.0,20,7,28.8,180.0,24.85,170.0,48.6,47.67272727272727,47.92
2025_09_BAL_MIA,2025,9,2025-10-30,MIA,BAL,34,2025-02-09,2025-10-27,46.01754385964912,17,8,20.294117647058822,174.0,21.41176470588235,215.0,19,7,30.05263157894737,174.0,21.157894736842106,210.0,46.45820433436533,49.92486396472464,49.03886093911249
2025_09_ATL_NE,2025,9,2025-11-02,NE,ATL,47,2025-02-09,2025-10-30,46.01754385964912,17,8,17.0,213.0,24.529411764705884,146.0,17,7,22.88235294117647,120.0,24.88235294117647,154.0,44.64705882352941,43.01893939393939,43.471691176470586
2025_09_CAR_GB,2025,9,2025-11-02,GB,CAR,29,2025-02-09,2025-10-30,46.01754385964912,18,7,26.11111111111111,193.0,20.0,150.0,17,8,20.058823529411764,154.0,31.41176470588235,192.0,48.790849673202615,46.969845513963165,47.409776688453164
2025_09_CHI_CIN,2025,9,2025-11-02,CIN,CHI,89,2025-02-09,2025-10-30,46.01754385964912,17,8,27.764705882352942,174.0,25.529411764705884,253.0,17,7,18.235294117647058,168.0,21.764705882352942,185.0,46.64705882352941,49.992201426024955,49.10061274509804
2025_09_DEN_HOU,2025,9,2025-11-02,HOU,DEN,33,2025-02-09,2025-10-30,46.01754385964912,19,7,22.0,153.0,21.42105263157895,103.0,18,8,24.0,207.0,19.0,151.0,43.21052631578947,41.614433811802236,42.049780701754386
2025_09_IND_PIT,2025,9,2025-11-02,PIT,IND,47,2025-02-09,2025-10-30,46.01754385964912,18,7,21.88888888888889,175.0,20.833333333333332,175.0,17,8,22.176470588235293,270.0,25.11764705882353,154.0,45.00816993464052,49.22578728461082,48.13278867102396
2025_09_JAX_LV,2025,9,2025-11-02,LV,JAX,59,2025-02-09,2025-10-30,46.01754385964912,17,7,18.176470588235293,103.0,25.529411764705884,180.0,17,7,18.823529411764707,146.0,25.58823529411765,155.0,44.05882352941177,42.5668449197861,42.964705882352945
2025_09_KC_BUF,2025,9,2025-11-02,BUF,KC,49,2025-02-09,2025-10-30,46.01754385964912,20,7,30.6,207.0,21.6,146.0,20,8,23.1,214.0,20.45,131.0,47.875,47.16969696969697,47.35541666666667
2025_09_LAC_TEN,2025,9,2025-11-02,TEN,LAC,47,2025-02-09,2025-10-30,46.01754385964912,17,8,18.294117647058822,110.0,27.058823529411764,230.0,18,8,23.0,188.0,18.5,173.0,43.42647058823529,43.68382352941177,43.61948529411765
2025_09_MIN_DET,2025,9,2025-11-02,DET,MIN,51,2025-02-09,2025-10-30,46.01754385964912,18,7,33.05555555555556,215.0,21.5,151.0,18,7,24.5,155.0,19.944444444444443,162.0,49.5,49.04545454545455,49.16666666666667
2025_09_NO_LA,2025,9,2025-11-02,LAR,NO,44,2025-02-09,2025-10-30,46.01754385964912,19,7,21.894736842105264,175.0,22.263157894736842,117.0,17,8,19.88235294117647,128.0,23.41176470588235,209.0,43.72600619195046,42.55878834787504,42.863551341589265
2025_09_SEA_WAS,2025,9,2025-11-02,WAS,SEA,52,2025-02-09,2025-10-30,46.01754385964912,20,8,28.8,187.0,24.85,198.0,17,7,22.058823529411764,193.0,21.647058823529413,136.0,48.67794117647059,47.88440285204991,48.06531862745098
2025_09_SF_NYG,2025,9,2025-11-02,NYG,SF,58,2025-02-09,2025-10-30,46.01754385964912,17,8,16.058823529411764,173.0,24.41176470588235,215.0,17,8,22.88235294117647,160.0,25.647058823529413,164.0,44.5,44.5,44.5
2025_09_ARI_DAL,2025,9,2025-11-03,DAL,ARI,44,2025-02-09,2025-11-02,46.01754385964912,17,8,20.58823529411765,246.0,27.529411764705884,250.0,17,7,23.529411764705884,153.0,22.294117647058822,154.0,46.970588235294116,50.97237076648842,49.98235294117647
2025_10_LV_DEN,2025,10,2025-11-06,DEN,LV,17,2025-02-09,2025-11-03,46.01754385964912,18,9,24.0,225.0,19.0,166.0,17,8,18.176470588235293,132.0,25.529411764705884,210.0,43.35294117647059,43.188159879336354,43.231617647058826
2025_10_ARI_SEA,2025,10,2025-11-09,SEA,ARI,66,2025-02-09,2025-11-06,46.01754385964912,17,8,22.058823529411764,231.0,21.647058823529413,150.0,17,8,23.529411764705884,180.0,22.294117647058822,171.0,44.76470588235294,45.42156862745098,45.25735294117647
2025_10_ATL_IND,2025,10,2025-11-09,IND,ATL,56,2025-02-09,2025-11-06,46.01754385964912,17,9,22.176470588235293,290.0,25.11764705882353,181.0,17,8,22.88235294117647,143.0,24.88235294117647,178.0,47.529411764705884,46.72718702865762,46.95339532871972
2025_10_BAL_MIN,2025,10,2025-11-09,MIN,BAL,46,2025-02-09,2025-11-06,46.01754385964912,18,8,24.5,182.0,19.944444444444443,186.0,19,8,30.05263157894737,202.0,21.157894736842106,216.0,47.82748538011696,48.69249512670565,48.476242690058484
2025_10_BUF_MIA,2025,10,2025-11-09,MIA,BUF,43,2025-02-09,2025-11-06,46.01754385964912,17,9,20.294117647058822,180.0,21.41176470588235,243.0,20,8,30.6,235.0,21.6,167.0,46.95294117647059,48.13552036199095,47.86682525951557
2025_10_CLE_NYJ,2025,10,2025-11-09,NYJ,CLE,47,2025-02-09,2025-11-06,46.01754385964912,17,8,19.88235294117647,168.0,23.764705882352942,221.0,17,8,15.176470588235293,126.0,25.58823529411765,184.0,42.205882352941174,43.193627450980394,42.94669117647059
2025_10_DET_WAS,2025,10,2025-11-09,WAS,DET,66,2025-02-09,2025-11-06,46.01754385964912,20,9,28.8,201.0,24.85,236.0,18,8,33.05555555555556,239.0,21.5,178.0,54.10277777777778,51.52913105413106,52.14660947712419
2025_10_JAX_HOU,2025,10,2025-11-09,HOU,JAX,65,2025-02-09,2025-11-06,46.01754385964912,19,8,22.0,168.0,21.42105263157895,121.0,17,8,18.823529411764707,176.0,25.58823529411765,184.0,43.916408668730654,41.68046955624355,42.23945433436533
2025_10_LA_SF,2025,10,2025-11-09,SF,LAR,68,2025-02-09,2025-11-06,46.01754385964912,17,9,22.88235294117647,194.0,25.647058823529413,188.0,19,8,21.894736842105264,209.0,22.263157894736842,127.0,46.343653250774,43.518020163531,44.19345292296485
2025_10_NE_TB,2025,10,2025-11-09,TB,NE,51,2025-02-09,2025-11-06,46.01754385964912,18,8,29.0,197.0,22.666666666666668,178.0,17,9,17.0,237.0,24.529411764705884,169.0,46.59803921568628,46.24063599798894,46.34821943483276
2025_10_NO_CAR,2025,10,2025-11-09,CAR,NO,24,2025-02-09,2025-11-06,46.01754385964912,17,9,20.058823529411764,170.0,31.41176470588235,205.0,17,9,19.88235294117647,138.0,23.41176470588235,243.0,47.38235294117647,43.65610859728507,44.53287197231834
2025_10_NYG_CHI,2025,10,2025-11-09,CHI,NYG,44,2025-02-09,2025-11-06,46.01754385964912,17,8,18.235294117647058,215.0,21.764705882352942,227.0,17,9,16.058823529411764,197.0,24.41176470588235,249.0,40.23529411764706,48.46342383107089,46.452638408304495
2025_10_PIT_LAC,2025,10,2025-11-09,LAC,PIT,35,2025-02-09,2025-11-06,46.01754385964912,18,9,23.0,215.0,18.5,193.0,18,8,21.88888888888889,202.0,20.833333333333332,195.0,42.111111111111114,45.73896011396012,44.85151143790849
2025_10_PHI_GB,2025,10,2025-11-10,GB,PHI,17,2025-02-09,2025-11-09,46.01754385964912,18,8,26.11111111111111,206.0,20.0,166.0,21,8,28.952380952380953,208.0,18.095238095238095,185.0,46.579365079365076,47.401455026455025,47.19593253968254
2025_11_NYJ_NE,2025,11,2025-11-13,NE,NYJ,41,2025-02-09,2025-11-10,46.01754385964912,17,10,17.0,265.0,24.529411764705884,192.0,17,9,19.88235294117647,195.0,23.764705882352942,241.0,42.58823529411765,45.73836457659987,45.01662821991542
2025_11_BAL_CLE,2025,11,2025-11-16,CLE,BAL,39,2025-02-09,2025-11-13,46.01754385964912,17,9,15.176470588235293,146.0,25.58823529411765,211.0,19,9,30.05263157894737,229.0,21.157894736842106,235.0,45.98761609907121,45.72695879971422,45.78828992897469
2025_11_CAR_ATL,2025,11,2025-11-16,ATL,CAR,57,2025-02-09,2025-11-13,46.01754385964912,17,9,22.88235294117647,168.0,24.88235294117647,209.0,17,10,20.058823529411764,177.0,31.41176470588235,222.0,49.61764705882353,43.45135746606334,44.84823144944252
2025_11_CHI_MIN,2025,11,2025-11-16,MIN,CHI,36,2025-02-09,2025-11-13,46.01754385964912,18,9,24.5,201.0,19.944444444444443,213.0,17,9,18.235294117647058,239.0,21.764705882352942,247.0,42.22222222222222,47.60683760683761,46.33986928104575
2025_11_CIN_PIT,2025,11,2025-11-16,PIT,CIN,46,2025-02-09,2025-11-13,46.01754385964912,18,9,21.88888888888889,212.0,20.833333333333332,220.0,17,9,27.764705882352942,216.0,25.529411764705884,300.0,48.00816993464052,51.23328305681247,50.47443291041907
2025_11_DET_PHI,2025,11,2025-11-16,PHI,DET,25,2025-02-09,2025-11-13,46.01754385964912,21,9,28.952380952380953,218.0,18.095238095238095,192.0,18,9,33.05555555555556,283.0,21.5,200.0,50.801587301587304,49.97741147741148,50.17133520074697
2025_11_GB_NYG,2025,11,2025-11-16,NYG,GB,47,2025-02-09,2025-11-13,46.01754385964912,17,10,16.058823529411764,217.0,24.41176470588235,273.0,18,9,26.11111111111111,213.0,20.0,176.0,43.290849673202615,45.337068160597575,44.89542483660131
2025_11_HOU_TEN,2025,11,2025-11-16,TEN,HOU,29,2025-02-09,2025-11-13,46.01754385964912,17,9,18.294117647058822,130.0,27.058823529411764,257.0,19,9,22.0,204.0,21.42105263157895,150.0,44.38699690402477,42.157537508930695,42.68211619012931
2025_11_KC_DEN,2025,11,2025-11-16,DEN,KC,41,2025-02-09,2025-11-13,46.01754385964912,18,10,24.0,235.0,19.0,173.0,20,9,23.1,235.0,20.45,159.0,43.275,42.56813186813187,42.72418300653595
2025_11_LAC_JAX,2025,11,2025-11-16,JAX,LAC,41,2025-02-09,2025-11-13,46.01754385964912,17,9,18.823529411764707,205.0,25.58823529411765,220.0,18,10,23.0,240.0,18.5,203.0,42.955882352941174,44.92873303167421,44.47760476739715
2025_11_SEA_LA,2025,11,2025-11-16,LAR,SEA,40,2025-02-09,2025-11-13,46.01754385964912,19,9,21.894736842105264,251.0,22.263157894736842,153.0,17,9,22.058823529411764,275.0,21.647058823529413,172.0,43.93188854489164,46.248273398428196,45.703241668184305
2025_11_SF_ARI,2025,11,2025-11-16,ARI,SF,63,2025-02-09,2025-11-13,46.01754385964912,17,9,23.529411764705884,202.0,22.294117647058822,215.0,17,10,22.88235294117647,220.0,25.647058823529413,230.0,47.1764705882353,46.09243697478992,46.33102652825836
2025_11_TB_BUF,2025,11,2025-11-16,BUF,TB,76,2025-02-09,2025-11-13,46.01754385964912,20,9,30.6,248.0,21.6,197.0,18,9,29.0,220.0,22.666666666666668,206.0,51.93333333333334,49.47948717948718,50.056862745098044
2025_11_WAS_MIA,2025,11,2025-11-16,MIA,WAS,29,2025-02-09,2025-11-13,46.01754385964912,17,10,20.294117647058822,210.0,21.41176470588235,256.0,20,10,28.8,223.0,24.85,280.0,47.67794117647059,48.22941176470588,48.10686274509804
2025_11_DAL_LV,2025,11,2025-11-17,LV,DAL,49,2025-02-09,2025-11-16,46.01754385964912,17,9,18.176470588235293,139.0,25.529411764705884,220.0,17,9,20.58823529411765,263.0,27.529411764705884,277.0,45.911764705882355,48.703619909502265,48.04671280276817
2025_12_BUF_HOU,2025,12,2025-11-20,HOU,BUF,42,2025-02-09,2025-11-17,46.01754385964912,19,10,22.0,220.0,21.42105263157895,163.0,20,10,30.6,292.0,21.6,229.0,47.810526315789474,45.945864661654134,46.36023391812866
2025_12_ATL_NO,2025,12,2025-11-23,NO,ATL,34,2025-02-09,2025-11-20,46.01754385964912,17,10,19.88235294117647,155.0,23.41176470588235,250.0,17,10,22.88235294117647,195.0,24.88235294117647,239.0,45.529411764705884,42.97268907563025,43.540849673202615
2025_12_CLE_LV,2025,12,2025-11-23,LV,CLE,34,2025-02-09,2025-11-20,46.01754385964912,17,10,18.176470588235293,155.0,25.529411764705884,253.0,17,10,15.176470588235293,162.0,25.58823529411765,234.0,42.23529411764706,40.78151260504202,41.10457516339869
2025_12_IND_KC,2025,12,2025-11-23,KC,IND,43,2025-02-09,2025-11-20,46.01754385964912,20,10,23.1,254.0,20.45,181.0,17,10,22.176470588235293,321.0,25.11764705882353,206.0,45.42205882352941,47.33487394957983,46.90980392156863
2025_12_JAX_ARI,2025,12,2025-11-23,ARI,JAX,51,2025-02-09,2025-11-20,46.01754385964912,17,10,23.529411764705884,224.0,22.294117647058822,256.0,17,10,18.823529411764707,240.0,25.58823529411765,226.0,45.11764705882353,46.6764705882353,46.330065359477125
2025_12_MIN_GB,2025,12,2025-11-23,GB,MIN,29,2025-02-09,2025-11-20,46.01754385964912,18,10,26.11111111111111,240.0,20.0,196.0,18,10,24.5,218.0,19.944444444444443,232.0,45.27777777777778,44.57936507936508,44.73456790123457
2025_12_NE_CIN,2025,12,2025-11-23,CIN,NE,46,2025-02-09,2025-11-20,46.01754385964912,17,10,27.764705882352942,228.0,25.529411764705884,334.0,17,11,17.0,292.0,24.529411764705884,206.0,47.411764705882355,49.82212885154061,49.302545579635364
2025_12_NYG_DET,2025,12,2025-11-23,DET,NYG,61,2025-02-09,2025-11-20,46.01754385964912,18,10,33.05555555555556,292.0,21.5,216.0,17,11,16.058823529411764,237.0,24.41176470588235,300.0,47.51307189542484,49.23258636788049,48.88627068761228
2025_12_NYJ_BAL,2025,12,2025-11-23,BAL,NYJ,33,2025-02-09,2025-11-20,46.01754385964912,19,10,30.05263157894737,252.0,21.157894736842106,251.0,17,10,19.88235294117647,209.0,23.764705882352942,268.0,47.42879256965944,48.55108359133127,48.30168558651531
2025_12_PHI_DAL,2025,12,2025-11-23,DAL,PHI,45,2025-02-09,2025-11-20,46.01754385964912,17,10,20.58823529411765,296.0,27.529411764705884,293.0,21,10,28.952380952380953,234.0,18.095238095238095,201.0,47.582633053221286,50.166466586634655,49.59228135698724
2025_12_PIT_CHI,2025,12,2025-11-23,CHI,PIT,59,2025-02-09,2025-11-20,46.01754385964912,17,10,18.235294117647058,258.0,21.764705882352942,264.0,18,10,21.88888888888889,246.0,20.833333333333332,232.0,41.361111111111114,47.53174603174603,46.160493827160494
2025_12_SEA_TEN,2025,12,2025-11-23,TEN,SEA,54,2025-02-09,2025-11-20,46.01754385964912,17,10,18.294117647058822,143.0,27.058823529411764,273.0,17,10,22.058823529411764,294.0,21.647058823529413,193.0,44.529411764705884,44.97268907563026,44.87418300653595
2025_12_TB_LA,2025,12,2025-11-23,LAR,TB,41,2025-02-09,2025-11-20,46.01754385964912,19,10,21.894736842105264,272.0,22.263157894736842,172.0,18,10,29.0,252.0,22.666666666666668,250.0,47.91228070175438,47.4749373433584,47.572124756335285
2025_12_CAR_SF,2025,12,2025-11-24,SF,CAR,29,2025-02-09,2025-11-23,46.01754385964912,17,11,22.88235294117647,261.0,25.647058823529413,252.0,17,11,20.058823529411764,207.0,31.41176470588235,249.0,50.0,45.63333333333333,46.55263157894737
2025_13_CIN_BAL,2025,13,2025-11-27,BAL,CIN,46,2025-02-09,2025-11-24,46.01754385964912,19,11,30.05263157894737,275.0,21.157894736842106,261.0,17,11,27.764705882352942,248.0,25.529411764705884,360.0,52.25232198142415,52.06728586171311,52.10624083428385
2025_13_GB_DET,2025,13,2025-11-27,DET,GB,55,2025-02-09,2025-11-24,46.01754385964912,18,11,33.05555555555556,326.0,21.5,243.0,18,11,26.11111111111111,263.0,20.0,202.0,50.333333333333336,47.888888888888886,48.40350877192983
2025_13_KC_DAL,2025,13,2025-11-27,DAL,KC,59,2025-02-09,2025-11-24,46.01754385964912,17,11,20.58823529411765,320.0,27.529411764705884,314.0,20,11,23.1,277.0,20.45,201.0,45.83382352941177,49.28901960784314,48.56160990712075
2025_13_CHI_PHI,2025,13,2025-11-28,PHI,CHI,39,2025-02-09,2025-11-27,46.01754385964912,21,11,28.952380952380953,255.0,18.095238095238095,225.0,17,11,18.235294117647058,289.0,21.764705882352942,292.0,43.523809523809526,46.97301587301587,46.246867167919795
2025_13_ARI_TB,2025,13,2025-11-30,TB,ARI,37,2025-02-09,2025-11-28,46.01754385964912,18,11,29.0,259.0,22.666666666666668,284.0,17,11,23.529411764705884,248.0,22.294117647058822,283.0,48.74509803921569,48.79869281045752,48.7874097007224
2025_13_ATL_NYJ,2025,13,2025-11-30,NYJ,ATL,51,2025-02-09,2025-11-28,46.01754385964912,17,11,19.88235294117647,219.0,23.764705882352942,291.0,17,11,22.88235294117647,219.0,24.88235294117647,249.0,45.705882352941174,44.78823529411764,44.98142414860681
2025_13_BUF_PIT,2025,13,2025-11-30,PIT,BUF,33,2025-02-09,2025-11-28,46.01754385964912,18,11,21.88888888888889,274.0,20.833333333333332,263.0,20,11,30.6,311.0,21.6,252.0,47.46111111111111,49.32296296296296,48.93099415204678
2025_13_DEN_WAS,2025,13,2025-11-30,WAS,DEN,53,2025-02-09,2025-11-28,46.01754385964912,20,11,28.8,236.0,24.85,296.0,18,11,24.0,257.0,19.0,192.0,48.325,45.586666666666666,46.16315789473684
2025_13_HOU_IND,2025,13,2025-11-30,IND,HOU,36,2025-02-09,2025-11-28,46.01754385964912,17,11,22.176470588235293,341.0,25.11764705882353,229.0,19,11,22.0,243.0,21.42105263157895,182.0,45.357585139318886,45.26202270381837,45.28214111129216
2025_13_JAX_TEN,2025,13,2025-11-30,TEN,JAX,28,2025-02-09,2025-11-28,46.01754385964912,17,11,18.294117647058822,167.0,27.058823529411764,303.0,17,11,18.823529411764707,267.0,25.58823529411765,250.0,44.88235294117647,44.8686274509804,44.87151702786378
2025_13_LA_CAR,2025,13,2025-11-30,CAR,LAR,59,2025-02-09,2025-11-28,46.01754385964912,17,12,20.058823529411764,216.0,31.41176470588235,269.0,19,11,21.894736842105264,306.0,22.263157894736842,179.0,47.81424148606811,43.644459494324046,44.47867443376242
2025_13_LV_LAC,2025,13,2025-11-30,LAC,LV,45,2025-02-09,2025-11-28,46.01754385964912,18,11,23.0,246.0,18.5,238.0,17,11,18.176470588235293,165.0,25.529411764705884,277.0,42.60294117647059,42.227450980392156,42.306501547987615
2025_13_MIN_SEA,2025,13,2025-11-30,SEA,MIN,26,2025-02-09,2025-11-28,46.01754385964912,17,11,22.058823529411764,324.0,21.647058823529413,217.0,18,11,24.5,224.0,19.944444444444443,255.0,44.07516339869281,45.75337690631808,45.400068799449606
2025_13_NO_MIA,2025,13,2025-11-30,MIA,NO,38,2025-02-09,2025-11-28,46.01754385964912,17,11,20.294117647058822,226.0,21.41176470588235,269.0,17,11,19.88235294117647,165.0,23.41176470588235,274.0,42.5,42.46666666666667,42.473684210526315
2025_13_SF_CLE,2025,13,2025-11-30,CLE,SF,34,2025-02-09,2025-11-28,46.01754385964912,17,11,15.176470588235293,186.0,25.58823529411765,244.0,17,12,22.88235294117647,281.0,25.647058823529413,261.0,44.64705882352941,42.77230392156863,43.15371517027864
2025_13_NYG_NE,2025,13,2025-12-01,NE,NYG,48,2025-02-09,2025-11-30,46.01754385964912,17,12,17.0,318.0,24.529411764705884,226.0,17,12,16.058823529411764,264.0,24.41176470588235,334.0,41.0,45.9375,44.95
2025_14_DAL_DET,2025,14,2025-12-04,DET,DAL,74,2025-02-09,2025-12-01,46.01754385964912,18,12,33.05555555555556,350.0,21.5,274.0,17,12,20.58823529411765,351.0,27.529411764705884,342.0,51.33660130718955,53.990400326797385,53.459640522875816
2025_14_CHI_GB,2025,14,2025-12-07,GB,CHI,49,2025-02-09,2025-12-04,46.01754385964912,18,12,26.11111111111111,294.0,20.0,226.0,17,12,18.235294117647058,313.0,21.764705882352942,307.0,43.05555555555556,46.388888888888886,45.72222222222222
2025_14_CIN_BUF,2025,14,2025-12-07,BUF,CIN,73,2025-02-09,2025-12-04,46.01754385964912,20,12,30.6,337.0,21.6,259.0,17,12,27.764705882352942,280.0,25.529411764705884,374.0,52.747058823529414,52.249264705882354,52.34882352941176
2025_14_DEN_LV,2025,14,2025-12-07,LV,DEN,41,2025-02-09,2025-12-04,46.01754385964912,17,12,18.176470588235293,179.0,25.529411764705884,308.0,18,12,24.0,284.0,19.0,218.0,43.35294117647059,41.744485294117645,42.06617647058823
2025_14_HOU_KC,2025,14,2025-12-07,KC,HOU,30,2025-02-09,2025-12-04,46.01754385964912,20,12,23.1,305.0,20.45,232.0,19,12,22.0,263.0,21.42105263157895,198.0,43.48552631578947,42.058881578947364,42.34421052631579
2025_14_IND_JAX,2025,14,2025-12-07,JAX,IND,55,2025-02-09,2025-12-04,46.01754385964912,17,12,18.823529411764707,292.0,25.58823529411765,253.0,17,12,22.176470588235293,357.0,25.11764705882353,249.0,45.85294117647059,47.43198529411765,47.116176470588236
2025_14_LA_ARI,2025,14,2025-12-07,ARI,LAR,62,2025-02-09,2025-12-04,46.01754385964912,17,12,23.529411764705884,265.0,22.294117647058822,303.0,19,12,21.894736842105264,334.0,22.263157894736842,210.0,44.9907120743034,45.997678018575854,45.796284829721365
2025_14_MIA_NYJ,2025,14,2025-12-07,NYJ,MIA,44,2025-02-09,2025-12-04,46.01754385964912,17,12,19.88235294117647,246.0,23.764705882352942,315.0,17,12,20.294117647058822,247.0,21.41176470588235,286.0,42.67647058823529,44.856617647058826,44.42058823529412
2025_14_NO_TB,2025,14,2025-12-07,TB,NO,44,2025-02-09,2025-12-04,46.01754385964912,18,12,29.0,279.0,22.666666666666668,301.0,17,12,19.88235294117647,182.0,23.41176470588235,295.0,47.48039215686275,44.901348039215684,45.4171568627451
2025_14_PIT_BAL,2025,14,2025-12-07,BAL,PIT,49,2025-02-09,2025-12-04,46.01754385964912,19,12,30.05263157894737,289.0,21.157894736842106,293.0,18,12,21.88888888888889,281.0,20.833333333333332,289.0,46.96637426900585,47.74159356725146,47.58654970760234
2025_14_SEA_ATL,2025,14,2025-12-07,ATL,SEA,46,2025-02-09,2025-12-04,46.01754385964912,17,12,22.88235294117647,243.0,24.88235294117647,276.0,17,12,22.058823529411764,350.0,21.647058823529413,217.0,45.73529411764706,45.37132352941177,45.444117647058825
2025_14_TEN_CLE,2025,14,2025-12-07,CLE,TEN,60,2025-02-09,2025-12-04,46.01754385964912,17,12,15.176470588235293,194.0,25.58823529411765,270.0,17,12,18.294117647058822,170.0,27.058823529411764,328.0,43.05882352941177,40.82720588235294,41.273529411764706
2025_14_WAS_MIN,2025,14,2025-12-07,MIN,WAS,31,2025-02-09,2025-12-04,46.01754385964912,18,12,24.5,224.0,19.944444444444443,281.0,20,12,28.8,262.0,24.85,323.0,49.047222222222224,46.324305555555554,46.86888888888889
2025_14_PHI_LAC,2025,14,2025-12-08,LAC,PHI,41,2025-02-09,2025-12-07,46.01754385964912,18,12,23.0,277.0,18.5,252.0,21,12,28.952380952380953,270.0,18.095238095238095,249.0,44.273809523809526,43.81845238095238,43.909523809523805
2025_15_ATL_TB,2025,15,2025-12-11,TB,ATL,57,2025-02-09,2025-12-08,46.01754385964912,18,13,29.0,299.0,22.666666666666668,325.0,17,13,22.88235294117647,252.0,24.88235294117647,313.0,49.71568627450981,46.668396770472896,47.24883286647993
2025_15_ARI_HOU,2025,15,2025-12-14,HOU,ARI,60,2025-02-09,2025-12-11,46.01754385964912,19,13,22.0,283.0,21.42105263157895,208.0,17,13,23.529411764705884,282.0,22.294117647058822,348.0,44.62229102167183,43.46995082862867,43.689444198732126
2025_15_BAL_CIN,2025,15,2025-12-14,CIN,BAL,24,2025-02-09,2025-12-11,46.01754385964912,17,13,27.764705882352942,314.0,25.529411764705884,413.0,19,13,30.05263157894737,311.0,21.157894736842106,320.0,52.25232198142415,52.23584046621745,52.2389798024473
2025_15_BUF_NE,2025,15,2025-12-14,NE,BUF,66,2025-02-09,2025-12-11,46.01754385964912,17,13,17.0,351.0,24.529411764705884,241.0,20,13,30.6,376.0,21.6,293.0,46.86470588235294,48.115224913494814,47.87703081232493
2025_15_CAR_NO,2025,15,2025-12-14,NO,CAR,37,2025-02-09,2025-12-11,46.01754385964912,17,13,19.88235294117647,206.0,23.41176470588235,315.0,17,13,20.058823529411764,247.0,31.41176470588235,297.0,47.38235294117647,42.47231833910035,43.40756302521008
2025_15_CLE_CHI,2025,15,2025-12-14,CHI,CLE,34,2025-02-09,2025-12-11,46.01754385964912,17,13,18.235294117647058,334.0,21.764705882352942,335.0,17,13,15.176470588235293,223.0,25.58823529411765,301.0,40.38235294117647,44.589965397923876,43.78851540616247
2025_15_DET_LA,2025,15,2025-12-14,LAR,DET,75,2025-02-09,2025-12-11,46.01754385964912,19,13,21.894736842105264,379.0,22.263157894736842,227.0,18,13,33.05555555555556,394.0,21.5,304.0,49.35672514619883,49.96628826969384,49.850181008075744
2025_15_GB_DEN,2025,15,2025-12-14,DEN,GB,60,2025-02-09,2025-12-11,46.01754385964912,18,13,24.0,308.0,19.0,235.0,18,13,26.11111111111111,322.0,20.0,247.0,44.55555555555556,43.189542483660134,43.44973544973545
2025_15_IND_SEA,2025,15,2025-12-14,SEA,IND,34,2025-02-09,2025-12-11,46.01754385964912,17,13,22.058823529411764,387.0,21.647058823529413,226.0,17,13,22.176470588235293,376.0,25.11764705882353,285.0,45.5,48.1764705882353,47.666666666666664
2025_15_LAC_KC,2025,15,2025-12-14,KC,LAC,29,2025-02-09,2025-12-11,46.01754385964912,20,13,23.1,315.0,20.45,252.0,18,13,23.0,299.0,18.5,271.0,42.525,43.44705882352941,43.27142857142857
2025_15_LV_PHI,2025,15,2025-12-14,PHI,LV,31,2025-02-09,2025-12-11,46.01754385964912,21,13,28.952380952380953,289.0,18.095238095238095,271.0,17,13,18.176470588235293,196.0,25.529411764705884,332.0,45.37675070028011,42.67688251771297,43.191143123916234
2025_15_MIN_DAL,2025,15,2025-12-14,DAL,MIN,60,2025-02-09,2025-12-11,46.01754385964912,17,13,20.58823529411765,381.0,27.529411764705884,386.0,18,13,24.5,255.0,19.944444444444443,281.0,46.28104575163399,49.21318723567859,48.65468409586057
2025_15_NYJ_JAX,2025,15,2025-12-14,JAX,NYJ,68,2025-02-09,2025-12-11,46.01754385964912,17,13,18.823529411764707,328.0,25.58823529411765,272.0,17,13,19.88235294117647,256.0,23.764705882352942,349.0,44.029411764705884,45.80103806228374,45.46358543417367
2025_15_TEN_SF,2025,15,2025-12-14,SF,TEN,61,2025-02-09,2025-12-11,46.01754385964912,17,13,22.88235294117647,307.0,25.647058823529413,269.0,17,13,18.294117647058822,201.0,27.058823529411764,357.0,46.94117647058823,44.397923875432525,44.88235294117647
2025_15_WAS_NYG,2025,15,2025-12-14,NYG,WAS,50,2025-02-09,2025-12-11,46.01754385964912,17,13,16.058823529411764,279.0,24.41176470588235,367.0,20,13,28.8,262.0,24.85,354.0,47.06029411764706,48.19065743944637,47.97535014005602
2025_15_MIA_PIT,2025,15,2025-12-15,PIT,MIA,43,2025-02-09,2025-12-14,46.01754385964912,18,13,21.88888888888889,308.0,20.833333333333332,311.0,17,13,20.294117647058822,281.0,21.41176470588235,296.0,42.214052287581694,45.10918877354863,44.55773420479302
2025_16_LA_SEA,2025,16,2025-12-18,SEA,LAR,75,2025-02-09,2025-12-15,46.01754385964912,17,14,22.058823529411764,405.0,21.647058823529413,242.0,19,14,21.894736842105264,420.0,22.263157894736842,261.0,43.93188854489164,46.6515307877537,46.157050379960594
2025_16_GB_CHI,2025,16,2025-12-20,CHI,GB,38,2025-02-09,2025-12-18,46.01754385964912,17,14,18.235294117647058,365.0,21.764705882352942,338.0,18,14,26.11111111111111,348.0,20.0,281.0,43.05555555555556,46.567901234567906,45.92929292929293
2025_16_PHI_WAS,2025,16,2025-12-20,WAS,PHI,47,2025-02-09,2025-12-18,46.01754385964912,20,14,28.8,291.0,24.85,375.0,21,14,28.952380952380953,320.0,18.095238095238095,271.0,50.34880952380952,46.10529100529101,46.87683982683983
2025_16_ATL_ARI,2025,16,2025-12-21,ARI,ATL,45,2025-02-09,2025-12-20,46.01754385964912,17,14,23.529411764705884,302.0,22.294117647058822,388.0,17,14,22.88235294117647,281.0,24.88235294117647,341.0,46.794117647058826,46.84313725490196,46.83422459893048
2025_16_BUF_CLE,2025,16,2025-12-21,CLE,BUF,43,2025-02-09,2025-12-20,46.01754385964912,17,14,15.176470588235293,226.0,25.58823529411765,332.0,20,14,30.6,411.0,21.6,324.0,46.48235294117647,46.246078431372545,46.28903743315508
2025_16_CIN_MIA,2025,16,2025-12-21,MIA,CIN,66,2025-02-09,2025-12-20,46.01754385964912,17,14,20.294117647058822,296.0,21.41176470588235,324.0,17,14,27.764705882352942,314.0,25.529411764705884,437.0,47.5,48.638888888888886,48.43181818181819
2025_16_JAX_DEN,2025,16,2025-12-21,DEN,JAX,54,2025-02-09,2025-12-20,46.01754385964912,18,14,24.0,342.0,19.0,261.0,17,14,18.823529411764707,376.0,25.58823529411765,292.0,43.705882352941174,45.01797385620915,44.779411764705884
2025_16_KC_TEN,2025,16,2025-12-21,TEN,KC,35,2025-02-09,2025-12-20,46.01754385964912,17,14,18.294117647058822,225.0,27.058823529411764,394.0,20,14,23.1,328.0,20.45,268.0,44.451470588235296,43.6281045751634,43.77780748663102
2025_16_LAC_DAL,2025,16,2025-12-21,DAL,LAC,51,2025-02-09,2025-12-20,46.01754385964912,17,14,20.58823529411765,407.0,27.529411764705884,420.0,18,14,23.0,315.0,18.5,284.0,44.80882352941177,49.568627450980394,48.70320855614973
2025_16_LV_HOU,2025,16,2025-12-21,HOU,LV,44,2025-02-09,2025-12-20,46.01754385964912,19,14,22.0,323.0,21.42105263157895,228.0,17,14,18.176470588235293,196.0,25.529411764705884,363.0,43.56346749226006,40.5141038871689,41.068533633549116
2025_16_MIN_NYG,2025,16,2025-12-21,NYG,MIN,29,2025-02-09,2025-12-20,46.01754385964912,17,14,16.058823529411764,300.0,24.41176470588235,396.0,18,14,24.5,289.0,19.944444444444443,307.0,42.45751633986928,45.323892519970954,44.80273321449792
2025_16_NE_BAL,2025,16,2025-12-21,BAL,NE,52,2025-02-09,2025-12-20,46.01754385964912,19,14,30.05263157894737,335.0,21.157894736842106,320.0,17,14,17.0,382.0,24.529411764705884,276.0,46.36996904024768,46.77665978672171,46.70271601463552
2025_16_NYJ_NO,2025,16,2025-12-21,NO,NYJ,35,2025-02-09,2025-12-20,46.01754385964912,17,14,19.88235294117647,226.0,23.41176470588235,332.0,17,14,19.88235294117647,276.0,23.764705882352942,397.0,43.470588235294116,43.85457516339869,43.78475935828877
2025_16_PIT_DET,2025,16,2025-12-21,DET,PIT,53,2025-02-09,2025-12-20,46.01754385964912,18,14,33.05555555555556,428.0,21.5,345.0,18,14,21.88888888888889,336.0,20.833333333333332,326.0,48.638888888888886,50.66975308641975,50.30050505050505
2025_16_TB_CAR,2025,16,2025-12-21,CAR,TB,43,2025-02-09,2025-12-20,46.01754385964912,17,14,20.058823529411764,264.0,31.41176470588235,317.0,18,14,29.0,327.0,22.666666666666668,354.0,51.568627450980394,46.51525054466231,47.434046345811055
2025_16_SF_IND,2025,16,2025-12-22,IND,SF,75,2025-02-09,2025-12-21,46.01754385964912,17,14,22.176470588235293,392.0,25.11764705882353,303.0,17,14,22.88235294117647,344.0,25.647058823529413,293.0,47.911764705882355,47.64705882352941,47.695187165775394
2025_17_DAL_WAS,2025,17,2025-12-25,WAS,DAL,53,2025-02-09,2025-12-22,46.01754385964912,20,15,28.8,309.0,24.85,404.0,17,15,20.58823529411765,424.0,27.529411764705884,454.0,50.88382352941177,52.580804953560374,52.285677749360616
2025_17_DEN_KC,2025,17,2025-12-25,KC,DEN,33,2025-02-09,2025-12-22,46.01754385964912,20,15,23.1,337.0,20.45,294.0,18,15,24.0,362.0,19.0,295.0,43.275,43.00526315789474,43.052173913043475
2025_17_DET_MIN,2025,17,2025-12-25,MIN,DET,33,2025-02-09,2025-12-22,46.01754385964912,18,15,24.5,305.0,19.944444444444443,320.0,18,15,33.05555555555556,452.0,21.5,374.0,49.5,48.60526315789473,48.76086956521739
2025_17_BAL_GB,2025,17,2025-12-27,GB,BAL,65,2025-02-09,2025-12-25,46.01754385964912,18,15,26.11111111111111,364.0,20.0,303.0,19,15,30.05263157894737,359.0,21.157894736842106,348.0,48.6608187134503,46.402277623884274,46.79506737859141
2025_17_HOU_LAC,2025,17,2025-12-27,LAC,HOU,36,2025-02-09,2025-12-25,46.01754385964912,18,15,23.0,349.0,18.5,301.0,19,15,22.0,346.0,21.42105263157895,249.0,42.46052631578947,41.702216066481995,41.83409610983982
2025_17_ARI_CIN,2025,17,2025-12-28,CIN,ARI,51,2025-02-09,2025-12-27,46.01754385964912,17,15,27.764705882352942,359.0,25.529411764705884,458.0,17,15,23.529411764705884,321.0,22.294117647058822,414.0,49.55882352941177,51.27554179566564,50.9769820971867
2025_17_CHI_SF,2025,17,2025-12-28,SF,CHI,80,2025-02-09,2025-12-27,46.01754385964912,17,15,22.88235294117647,392.0,25.647058823529413,320.0,17,15,18.235294117647058,387.0,21.764705882352942,354.0,44.26470588235294,47.55572755417957,46.98337595907928
2025_17_JAX_IND,2025,17,2025-12-28,IND,JAX,40,2025-02-09,2025-12-27,46.01754385964912,17,15,22.176470588235293,419.0,25.11764705882353,351.0,17,15,18.823529411764707,410.0,25.58823529411765,312.0,45.85294117647059,48.916408668730654,48.38363171355499
2025_17_NE_NYJ,2025,17,2025-12-28,NYJ,NE,52,2025-02-09,2025-12-27,46.01754385964912,17,15,19.88235294117647,282.0,23.764705882352942,426.0,17,15,17.0,410.0,24.529411764705884,300.0,42.58823529411765,46.28173374613003,45.63938618925831
2025_17_NO_TEN,2025,17,2025-12-28,TEN,NO,60,2025-02-09,2025-12-27,46.01754385964912,17,15,18.294117647058822,251.0,27.058823529411764,403.0,17,15,19.88235294117647,255.0,23.41176470588235,338.0,44.3235294117647,42.14705882352941,42.52557544757033
2025_17_NYG_LV,2025,17,2025-12-28,LV,NYG,44,2025-02-09,2025-12-27,46.01754385964912,17,15,18.176470588235293,217.0,25.529411764705884,386.0,17,15,16.058823529411764,313.0,24.41176470588235,412.0,42.088235294117645,43.808049535603715,43.508951406649615
2025_17_PHI_BUF,2025,17,2025-12-28,BUF,PHI,25,2025-02-09,2025-12-27,46.01754385964912,20,15,30.6,434.0,21.6,344.0,21,15,28.952380952380953,349.0,18.095238095238095,289.0,49.62380952380953,47.71027568922306,48.04306418219461
2025_17_PIT_CLE,2025,17,2025-12-28,CLE,PIT,19,2025-02-09,2025-12-27,46.01754385964912,17,15,15.176470588235293,246.0,25.58823529411765,355.0,18,15,21.88888888888889,365.0,20.833333333333332,350.0,41.74346405228758,43.41967664258686,43.128161409491334
2025_17_SEA_CAR,2025,17,2025-12-28,CAR,SEA,37,2025-02-09,2025-12-27,46.01754385964912,17,15,20.058823529411764,287.0,31.41176470588235,337.0,17,15,22.058823529411764,443.0,21.647058823529413,279.0,47.588235294117645,45.43962848297214,45.813299232736576
2025_17_TB_MIA,2025,17,2025-12-28,MIA,TB,37,2025-02-09,2025-12-27,46.01754385964912,17,15,20.294117647058822,317.0,21.41176470588235,369.0,18,15,29.0,347.0,22.666666666666668,377.0,46.68627450980392,46.93395252837978,46.890878090366584
2025_17_LA_ATL,2025,17,2025-12-29,ATL,LAR,51,2025-02-09,2025-12-28,46.01754385964912,17,15,22.88235294117647,307.0,24.88235294117647,360.0,19,15,21.894736842105264,457.0,22.263157894736842,299.0,45.961300309597526,47.123431644125795,46.921321846816525
2025_18_CAR_TB,2025,18,2026-01-03,TB,CAR,30,2025-02-09,2025-12-29,46.01754385964912,18,16,29.0,364.0,22.666666666666668,397.0,17,16,20.058823529411764,297.0,31.41176470588235,364.0,51.568627450980394,45.863725490196074,46.814542483660134
2025_18_SEA_SF,2025,18,2026-01-03,SF,SEA,16,2025-02-09,2025-12-29,46.01754385964912,17,16,22.88235294117647,434.0,25.647058823529413,358.0,17,16,22.058823529411764,470.0,21.647058823529413,289.0,46.11764705882353,47.99852941176471,47.685049019607845
2025_18_ARI_LA,2025,18,2026-01-04,LAR,ARI,57,2025-02-09,2026-01-03,46.01754385964912,19,16,21.894736842105264,481.0,22.263157894736842,326.0,17,16,23.529411764705884,335.0,22.294117647058822,451.0,44.9907120743034,48.82314241486068,48.1844040247678
2025_18_BAL_PIT,2025,18,2026-01-04,PIT,BAL,50,2025-02-09,2026-01-03,46.01754385964912,18,16,21.88888888888889,371.0,20.833333333333332,363.0,19,16,30.05263157894737,400.0,21.157894736842106,372.0,46.96637426900585,47.043274853801165,47.03045808966861
2025_18_CLE_CIN,2025,18,2026-01-04,CIN,CLE,38,2025-02-09,2026-01-03,46.01754385964912,17,16,27.764705882352942,396.0,25.529411764705884,472.0,17,16,15.176470588235293,259.0,25.58823529411765,361.0,47.029411764705884,46.60588235294118,46.6764705882353
2025_18_DAL_NYG,2025,18,2026-01-04,NYG,DAL,51,2025-02-09,2026-01-03,46.01754385964912,17,16,16.058823529411764,347.0,24.41176470588235,422.0,17,16,20.58823529411765,454.0,27.529411764705884,477.0,44.294117647058826,51.358823529411765,50.181372549019606
2025_18_DET_CHI,2025,18,2026-01-04,CHI,DET,35,2025-02-09,2026-01-03,46.01754385964912,17,16,18.235294117647058,425.0,21.764705882352942,396.0,18,16,33.05555555555556,462.0,21.5,397.0,47.27777777777778,51.455555555555556,50.75925925925926
2025_18_GB_MIN,2025,18,2026-01-04,MIN,GB,19,2025-02-09,2026-01-03,46.01754385964912,18,16,24.5,328.0,19.944444444444443,330.0,18,16,26.11111111111111,388.0,20.0,344.0,45.27777777777778,43.80555555555556,44.050925925925924
2025_18_IND_HOU,2025,18,2026-01-04,HOU,IND,68,2025-02-09,2026-01-03,46.01754385964912,19,16,22.0,366.0,21.42105263157895,265.0,17,16,22.176470588235293,436.0,25.11764705882353,374.0,45.357585139318886,45.09651702786378,45.14002837977296
2025_18_KC_LV,2025,18,2026-01-04,LV,KC,26,2025-02-09,2026-01-03,46.01754385964912,17,16,18.176470588235293,227.0,25.529411764705884,420.0,20,16,23.1,350.0,20.45,314.0,43.627941176470586,41.50058823529412,41.85514705882353
2025_18_LAC_DEN,2025,18,2026-01-04,DEN,LAC,22,2025-02-09,2026-01-03,46.01754385964912,18,16,24.0,382.0,19.0,308.0,18,16,23.0,365.0,18.5,321.0,42.25,42.85,42.75
2025_18_MIA_NE,2025,18,2026-01-04,NE,MIA,48,2025-02-09,2026-01-03,46.01754385964912,17,16,17.0,452.0,24.529411764705884,310.0,17,16,20.294117647058822,337.0,21.41176470588235,386.0,41.61764705882353,45.44852941176471,44.810049019607845
2025_18_NO_ATL,2025,18,2026-01-04,ATL,NO,36,2025-02-09,2026-01-03,46.01754385964912,17,16,22.88235294117647,334.0,24.88235294117647,384.0,17,16,19.88235294117647,289.0,23.41176470588235,364.0,45.529411764705884,43.38088235294117,43.73897058823529
2025_18_NYJ_BUF,2025,18,2026-01-04,BUF,NYJ,43,2025-02-09,2026-01-03,46.01754385964912,20,16,30.6,446.0,21.6,357.0,17,16,19.88235294117647,292.0,23.764705882352942,468.0,47.923529411764704,48.65970588235294,48.53700980392156
2025_18_TEN_JAX,2025,18,2026-01-04,JAX,TEN,48,2025-02-09,2026-01-03,46.01754385964912,17,16,18.823529411764707,433.0,25.58823529411765,329.0,17,16,18.294117647058822,277.0,27.058823529411764,437.0,44.88235294117647,45.87647058823529,45.71078431372549
2025_18_WAS_PHI,2025,18,2026-01-04,PHI,WAS,41,2025-02-09,2026-01-03,46.01754385964912,21,16,28.952380952380953,362.0,18.095238095238095,301.0,20,16,28.8,332.0,24.85,434.0,50.34880952380952,45.794761904761906,46.55376984126984
