game_id,season,week,kickoff,home_team,away_team,neutral_site,actual_margin,postseason,without_qb_passing,without_team_passing
2018_01_ATL_PHI,2018,1,2018-09-06T20:20-04:00,PHI,ATL,False,6.0,0.892245381499698,2.5285171408431855,0.25488100315951095
2018_01_BUF_BAL,2018,1,2018-09-09T13:00-04:00,BAL,BUF,False,44.0,8.114371570134972,7.560469454657785,7.414796739379437
2018_01_CIN_IND,2018,1,2018-09-09T13:00-04:00,IND,CIN,False,-11.0,0.8208018284345275,0.7987920355557744,1.3698811703621478
2018_01_HOU_NE,2018,1,2018-09-09T13:00-04:00,NE,HOU,False,7.0,11.378583306479468,11.531736813091763,10.96109334929471
2018_01_JAX_NYG,2018,1,2018-09-09T13:00-04:00,NYG,JAX,False,-5.0,-1.9714289461376329,-2.4440048595587873,-1.4326992465288195
2018_01_PIT_CLE,2018,1,2018-09-09T13:00-04:00,CLE,PIT,False,0.0,-5.3202557102136385,-7.072230977347536,-5.3832525362935835
2018_01_SF_MIN,2018,1,2018-09-09T13:00-04:00,MIN,SF,False,8.0,4.257012601630336,5.225257865759827,4.517388678124526
2018_01_TB_NO,2018,1,2018-09-09T13:00-04:00,NO,TB,False,-8.0,6.315693101439482,5.174483556945745,6.281779600794373
2018_01_TEN_MIA,2018,1,2018-09-09T13:00-04:00,MIA,TEN,False,7.0,0.10008478598474191,-0.4173084187295044,-0.6750350429657124
2018_01_KC_LAC,2018,1,2018-09-09T16:05-04:00,LAC,KC,False,-10.0,5.377491985931368,4.8661514565326724,5.248080146769682
2018_01_DAL_CAR,2018,1,2018-09-09T16:25-04:00,CAR,DAL,False,8.0,2.1162329171671703,2.625393707816722,2.141370799969827
2018_01_SEA_DEN,2018,1,2018-09-09T16:25-04:00,DEN,SEA,False,3.0,-1.8419803472483036,-1.9693703470321748,-1.4053564928753917
2018_01_WAS_ARI,2018,1,2018-09-09T16:25-04:00,ARI,WAS,False,-18.0,0.6768794712041171,1.3221710082688372,1.0892598520233654
2018_01_CHI_GB,2018,1,2018-09-09T20:20-04:00,GB,CHI,False,1.0,2.5355894986157925,0.524228978133038,3.1868309452142336
2018_01_NYJ_DET,2018,1,2018-09-10T19:10-04:00,DET,NYJ,False,-31.0,11.0662339575357,11.544564383645604,10.802379537265365
2018_01_LA_OAK,2018,1,2018-09-10T22:20-04:00,LV,LAR,False,-20.0,-1.597238360750117,-1.4590386071194912,-1.6942805090355169
2018_02_BAL_CIN,2018,2,2018-09-13T20:20-04:00,CIN,BAL,False,11.0,-0.5171875664816699,-1.6093957645707933,-0.38736163991695793
2018_02_CAR_ATL,2018,2,2018-09-16T13:00-04:00,ATL,CAR,False,7.0,5.052176293259292,4.192479201029304,5.3178668241388
2018_02_CLE_NO,2018,2,2018-09-16T13:00-04:00,NO,CLE,False,3.0,8.485319062619029,9.621101678296117,8.128819378167538
2018_02_HOU_TEN,2018,2,2018-09-16T13:00-04:00,TEN,HOU,False,3.0,2.2920544125179125,4.261997010055729,1.4923866615245616
2018_02_IND_WAS,2018,2,2018-09-16T13:00-04:00,WAS,IND,False,-12.0,6.43366246431361,5.3200391929234545,6.428962678683405
2018_02_KC_PIT,2018,2,2018-09-16T13:00-04:00,PIT,KC,False,-5.0,-1.6628244066195725,-0.7611131832034628,-1.7089991281250068
2018_02_LAC_BUF,2018,2,2018-09-16T13:00-04:00,BUF,LAC,False,-11.0,-4.560658920477026,-5.325512906512522,-3.5072886560985106
2018_02_MIA_NYJ,2018,2,2018-09-16T13:00-04:00,NYJ,MIA,False,-8.0,1.337461127512567,0.8658764860751733,2.1025207837817135
2018_02_MIN_GB,2018,2,2018-09-16T13:00-04:00,GB,MIN,False,0.0,-4.622249508644517,-5.0978236254270755,-4.346433255769631
2018_02_PHI_TB,2018,2,2018-09-16T13:00-04:00,TB,PHI,False,6.0,-0.3435280434372534,-0.47311924761575086,0.049598119719060474
2018_02_ARI_LA,2018,2,2018-09-16T16:05-04:00,LAR,ARI,False,34.0,7.890399899738031,8.235673062041975,7.33053638567511
2018_02_DET_SF,2018,2,2018-09-16T16:05-04:00,SF,DET,False,3.0,-0.051575172485741616,-0.13769599759008821,-0.20627853585162104
2018_02_NE_JAX,2018,2,2018-09-16T16:25-04:00,JAX,NE,False,11.0,-0.7553923340363315,0.9180285641308512,-1.0844899709209372
2018_02_OAK_DEN,2018,2,2018-09-16T16:25-04:00,DEN,LV,False,1.0,2.892765409115484,2.8726823324451805,3.675310585978706
2018_02_NYG_DAL,2018,2,2018-09-16T20:20-04:00,DAL,NYG,False,7.0,4.547315461586873,3.8838474828369645,4.615738438111913
2018_02_SEA_CHI,2018,2,2018-09-17T20:15-04:00,CHI,SEA,False,7.0,0.8586517143376562,1.398747040988796,0.38381910965868254
2018_03_NYJ_CLE,2018,3,2018-09-20T20:20-04:00,CLE,NYJ,False,4.0,1.4398809215436217,0.6917513795934063,1.4192165257807097
2018_03_BUF_MIN,2018,3,2018-09-23T13:00-04:00,MIN,BUF,False,-21.0,9.180086093146965,9.725098841765254,8.63279186482433
2018_03_CIN_CAR,2018,3,2018-09-23T13:00-04:00,CAR,CIN,False,10.0,1.2177228827997193,1.6375468605719479,1.5526880409005734
2018_03_DEN_BAL,2018,3,2018-09-23T13:00-04:00,BAL,DEN,False,13.0,7.308342479479658,8.388556031115318,6.6301075608292175
2018_03_GB_WAS,2018,3,2018-09-23T13:00-04:00,WAS,GB,False,14.0,7.176931274967445,6.077107697825403,6.841238894204937
2018_03_IND_PHI,2018,3,2018-09-23T13:00-04:00,PHI,IND,False,4.0,7.2848118802521835,6.916077253326801,6.9973183260202765
2018_03_NO_ATL,2018,3,2018-09-23T13:00-04:00,ATL,NO,False,-6.0,4.302509302193312,4.2552629139316345,4.6932232126576885
2018_03_NYG_HOU,2018,3,2018-09-23T13:00-04:00,HOU,NYG,False,-5.0,0.6806285136468465,-0.48398537943303266,0.7125030057427644
2018_03_OAK_MIA,2018,3,2018-09-23T13:00-04:00,MIA,LV,False,8.0,3.8586093756298894,3.8162233063068127,3.6384304777466787
2018_03_SF_KC,2018,3,2018-09-23T13:00-04:00,KC,SF,False,11.0,6.858123811490138,6.832449998583255,6.837808755208373
2018_03_TEN_JAX,2018,3,2018-09-23T13:00-04:00,JAX,TEN,False,-3.0,8.192778280311597,7.4509819894256415,8.07061452354504
2018_03_LAC_LA,2018,3,2018-09-23T16:05-04:00,LAR,LAC,False,12.0,3.601036844457835,3.3476316600029334,3.9323136893155737
2018_03_CHI_ARI,2018,3,2018-09-23T16:25-04:00,ARI,CHI,False,-2.0,-1.0833307396460186,-1.9624488418777357,-0.39290778082932176
2018_03_DAL_SEA,2018,3,2018-09-23T16:25-04:00,SEA,DAL,False,11.0,1.0205125547096525,0.7368375925232215,1.3358076405676842
2018_03_NE_DET,2018,3,2018-09-23T20:20-04:00,DET,NE,False,16.0,-2.288294231632496,-1.7476431742425906,-2.469887301532335
2018_03_PIT_TB,2018,3,2018-09-24T20:15-04:00,TB,PIT,False,-3.0,2.3771504932550522,2.7694586564374664,2.091906761096193
2018_04_MIN_LA,2018,4,2018-09-27T20:20-04:00,LAR,MIN,False,7.0,6.721888904482517,6.5683766578295,6.521879698477574
2018_04_BUF_GB,2018,4,2018-09-30T13:00-04:00,GB,BUF,False,22.0,0.6614204210644741,0.7544780831291344,0.5232217828518988
2018_04_CIN_ATL,2018,4,2018-09-30T13:00-04:00,ATL,CIN,False,-1.0,5.555668142729741,5.097473955891739,5.9580670043736665
2018_04_DET_DAL,2018,4,2018-09-30T13:00-04:00,DAL,DET,False,2.0,-0.2368454423415165,-0.0765450330517905,0.2606371334801598
2018_04_HOU_IND,2018,4,2018-09-30T13:00-04:00,IND,HOU,False,-3.0,5.6884447144907595,6.210940989361468,5.6762512083892585
2018_04_MIA_NE,2018,4,2018-09-30T13:00-04:00,NE,MIA,False,31.0,6.41145311817138,5.375979750479533,6.889845295936777
2018_04_NYJ_JAX,2018,4,2018-09-30T13:00-04:00,JAX,NYJ,False,19.0,7.595032742103146,8.478547122107788,7.102772912987238
2018_04_PHI_TEN,2018,4,2018-09-30T13:00-04:00,TEN,PHI,False,3.0,-2.14115648750164,-1.4030232787049357,-1.816469237288985
2018_04_TB_CHI,2018,4,2018-09-30T13:00-04:00,CHI,TB,False,38.0,0.9876605254909421,0.8466500080926218,0.8788207533855747
2018_04_CLE_OAK,2018,4,2018-09-30T16:05-04:00,LV,CLE,False,3.0,1.938257010374654,3.569898191819628,1.0486713317799325
2018_04_SEA_ARI,2018,4,2018-09-30T16:05-04:00,ARI,SEA,False,-3.0,-5.893186746359818,-6.866689125158297,-5.90641723738443
2018_04_NO_NYG,2018,4,2018-09-30T16:25-04:00,NYG,NO,False,-15.0,-2.7616706095159342,-1.7149416993990911,-2.325446984488025
2018_04_SF_LAC,2018,4,2018-09-30T16:25-04:00,LAC,SF,False,2.0,8.709943320334887,7.149953038952258,8.799503059494391
2018_04_BAL_PIT,2018,4,2018-09-30T20:20-04:00,PIT,BAL,False,-12.0,1.7564770161391223,0.9559389479026962,2.0791171680853724
2018_04_KC_DEN,2018,4,2018-10-01T20:15-04:00,DEN,KC,False,-4.0,-6.656633941309614,-5.4481751605431175,-5.956840477828932
2018_05_IND_NE,2018,5,2018-10-04T20:20-04:00,NE,IND,False,14.0,8.383264261487144,7.699771548462737,8.353762374587184
2018_05_ATL_PIT,2018,5,2018-10-07T13:00-04:00,PIT,ATL,False,24.0,-0.6944013376876403,-0.23003864186345035,-0.6157409969863226
2018_05_BAL_CLE,2018,5,2018-10-07T13:00-04:00,CLE,BAL,False,3.0,-4.941071751888602,-6.744202173697801,-4.168609547077386
2018_05_DEN_NYJ,2018,5,2018-10-07T13:00-04:00,NYJ,DEN,False,18.0,2.660091917245194,2.2477371444718734,2.114379566533126
2018_05_GB_DET,2018,5,2018-10-07T13:00-04:00,DET,GB,False,8.0,3.2740373146087136,4.791364203316556,2.834884913930263
2018_05_JAX_KC,2018,5,2018-10-07T13:00-04:00,KC,JAX,False,16.0,4.027917006322225,2.193882774366896,4.417507063600142
2018_05_MIA_CIN,2018,5,2018-10-07T13:00-04:00,CIN,MIA,False,10.0,4.993044490362846,5.057292289976884,5.082295381325844
2018_05_NYG_CAR,2018,5,2018-10-07T13:00-04:00,CAR,NYG,False,2.0,7.490454531433887,7.217876565941202,7.462469461455568
2018_05_TEN_BUF,2018,5,2018-10-07T13:00-04:00,BUF,TEN,False,1.0,-1.794741235001611,-2.711665933858656,-1.6050167977652268
2018_05_OAK_LAC,2018,5,2018-10-07T16:05-04:00,LAC,LV,False,16.0,7.408060542978656,7.200732388555726,7.3263650615339175
2018_05_ARI_SF,2018,5,2018-10-07T16:25-04:00,SF,ARI,False,-10.0,3.2308116905354964,6.077534274539392,2.5361882960398097
2018_05_LA_SEA,2018,5,2018-10-07T16:25-04:00,SEA,LAR,False,-2.0,-2.1427263350305963,-2.137994124318709,-1.5866169755055946
2018_05_MIN_PHI,2018,5,2018-10-07T16:25-04:00,PHI,MIN,False,-2.0,4.634221302979092,4.134223480597607,4.497645639147278
2018_05_DAL_HOU,2018,5,2018-10-07T20:20-04:00,HOU,DAL,False,3.0,-0.33968518147755006,-1.3105725655925258,-0.5734769605171883
2018_05_WAS_NO,2018,5,2018-10-08T20:15-04:00,NO,WAS,False,24.0,2.421068691135667,3.566206294198251,2.38233227871788
2018_06_PHI_NYG,2018,6,2018-10-11T20:20-04:00,NYG,PHI,False,-21.0,-3.0295276158931808,-1.8024021653989564,-2.9464299999836334
2018_06_ARI_MIN,2018,6,2018-10-14T13:00-04:00,MIN,ARI,False,10.0,6.101543743121673,7.342530006005704,5.757110558731561
2018_06_BUF_HOU,2018,6,2018-10-14T13:00-04:00,HOU,BUF,False,7.0,1.3593527916037629,1.8300241321817055,1.037631959980627
2018_06_CAR_WAS,2018,6,2018-10-14T13:00-04:00,WAS,CAR,False,6.0,0.8310072859204302,-0.9476000027407872,0.7644633337870532
2018_06_CHI_MIA,2018,6,2018-10-14T13:00-04:00,MIA,CHI,False,3.0,-4.155503403579017,-3.9873583283670753,-3.9997192856726693
2018_06_IND_NYJ,2018,6,2018-10-14T13:00-04:00,NYJ,IND,False,8.0,-0.09875561351106743,0.1551276080954498,0.18353676669256358
2018_06_LAC_CLE,2018,6,2018-10-14T13:00-04:00,CLE,LAC,False,-24.0,-4.766503682147362,-5.252918364186957,-4.063032605568848
2018_06_PIT_CIN,2018,6,2018-10-14T13:00-04:00,CIN,PIT,False,-7.0,0.5101527961925671,0.5202404525673139,0.17458849100338858
2018_06_SEA_OAK,2018,6,2018-10-14T13:00-04:00,LV,SEA,True,-24.0,-6.191356707594316,-5.917642374232952,-6.532873296609802
2018_06_TB_ATL,2018,6,2018-10-14T13:00-04:00,ATL,TB,False,5.0,5.211941574576525,4.201019263892256,5.7706261591709
2018_06_LA_DEN,2018,6,2018-10-14T16:05-04:00,DEN,LAR,False,-3.0,-8.00696350523927,-7.421668057000924,-7.206341216799936
2018_06_BAL_TEN,2018,6,2018-10-14T16:25-04:00,TEN,BAL,False,-21.0,-0.38406058200504,-1.1083978912580998,-0.2901509086309071
2018_06_JAX_DAL,2018,6,2018-10-14T16:25-04:00,DAL,JAX,False,33.0,0.04301768153094421,-0.4574225769801875,0.32217590999359724
2018_06_KC_NE,2018,6,2018-10-14T20:20-04:00,NE,KC,False,3.0,2.1064361401174194,2.1256335504765587,1.8475257773831772
2018_06_SF_GB,2018,6,2018-10-15T20:15-04:00,GB,SF,False,3.0,7.01949196658396,4.333990175183131,7.589838267069956
2018_07_DEN_ARI,2018,7,2018-10-18T20:20-04:00,ARI,DEN,False,-35.0,2.2666965545753524,1.0876153208029207,2.025510298217757
2018_07_BUF_IND,2018,7,2018-10-21T13:00-04:00,IND,BUF,False,32.0,4.821217326510445,5.317900666059804,3.612850920181598
2018_07_CAR_PHI,2018,7,2018-10-21T13:00-04:00,PHI,CAR,False,-4.0,4.485394325734516,3.8793279298454966,4.5057201858637175
2018_07_CLE_TB,2018,7,2018-10-21T13:00-04:00,TB,CLE,False,3.0,6.026997770850668,6.417322733611453,5.208442947947175
2018_07_DET_MIA,2018,7,2018-10-21T13:00-04:00,MIA,DET,False,-11.0,-4.332746381730696,-3.8111162080719643,-4.517981112161215
2018_07_HOU_JAX,2018,7,2018-10-21T13:00-04:00,JAX,HOU,False,-13.0,4.381027056816477,5.574623169749902,4.376337349091867
2018_07_MIN_NYJ,2018,7,2018-10-21T13:00-04:00,NYJ,MIN,False,-20.0,-0.7964814147601992,-1.1368024755718689,-1.0126864766639003
2018_07_NE_CHI,2018,7,2018-10-21T13:00-04:00,CHI,NE,False,-7.0,-2.1452383348428263,-0.9488463262185627,-2.3921277954186264
2018_07_NO_BAL,2018,7,2018-10-21T16:05-04:00,BAL,NO,False,-1.0,-0.08706662291205669,1.1093730435563725,-0.09331177058120063
2018_07_DAL_WAS,2018,7,2018-10-21T16:25-04:00,WAS,DAL,False,3.0,2.61364013054885,1.102533823580236,2.5451976949117103
2018_07_LA_SF,2018,7,2018-10-21T16:25-04:00,SF,LAR,False,-29.0,-7.621560309907754,-6.043698678995323,-8.106684559297051
2018_07_CIN_KC,2018,7,2018-10-21T20:20-04:00,KC,CIN,False,35.0,6.83445038069449,5.648092805849913,7.015811435962244
2018_07_TEN_LAC,2018,7,2018-10-21T21:30-04:00,LAC,TEN,True,1.0,6.685223358268385,6.348203587333938,5.900535940771366
2018_07_NYG_ATL,2018,7,2018-10-22T20:15-04:00,ATL,NYG,False,3.0,9.231242570044326,7.760686144788299,9.19462515775857
2018_08_MIA_HOU,2018,8,2018-10-25T20:20-04:00,HOU,MIA,False,19.0,4.293940829386606,3.0773244806126745,4.326561230767378
2018_08_BAL_CAR,2018,8,2018-10-28T13:00-04:00,CAR,BAL,False,15.0,0.5940059702183029,-0.01464264989662864,0.6423776466079625
2018_08_CLE_PIT,2018,8,2018-10-28T13:00-04:00,PIT,CLE,False,15.0,9.78555265613086,10.11280042960063,9.354421622054828
2018_08_DEN_KC,2018,8,2018-10-28T13:00-04:00,KC,DEN,False,7.0,10.884982965202703,9.484502303603634,10.40317796164326
2018_08_NYJ_CHI,2018,8,2018-10-28T13:00-04:00,CHI,NYJ,False,14.0,7.672777376013315,7.778047381848346,7.3246727090580706
2018_08_SEA_DET,2018,8,2018-10-28T13:00-04:00,DET,SEA,False,-14.0,0.6478636364493081,0.9517419565131153,0.39583969656617546
2018_08_TB_CIN,2018,8,2018-10-28T13:00-04:00,CIN,TB,False,3.0,2.522020727045634,2.4403988494637177,2.7876110634410707
2018_08_WAS_NYG,2018,8,2018-10-28T13:00-04:00,NYG,WAS,False,-7.0,-3.758430693739424,-1.6570679752327127,-3.7507105205164804
2018_08_IND_OAK,2018,8,2018-10-28T16:05-04:00,LV,IND,False,-14.0,-2.941734814970596,-2.62071586328792,-2.4126027387737876
2018_08_GB_LA,2018,8,2018-10-28T16:25-04:00,LAR,GB,False,2.0,7.596525685499427,8.387336737160936,7.415584673793592
2018_08_SF_ARI,2018,8,2018-10-28T16:25-04:00,ARI,SF,False,3.0,1.7350746575059577,0.8108623685655334,2.3075791769483165
2018_08_NO_MIN,2018,8,2018-10-28T20:20-04:00,MIN,NO,False,-10.0,-1.6273990216672767,-1.2946351776600564,-1.4041779580381415
2018_08_PHI_JAX,2018,8,2018-10-28T21:30-04:00,JAX,PHI,True,-6.0,-5.558584903347951,-4.891901125732227,-5.528399140412645
2018_08_NE_BUF,2018,8,2018-10-29T20:15-04:00,BUF,NE,False,-19.0,-11.609432661462355,-10.0079282211586,-10.551282573293278
2018_09_OAK_SF,2018,9,2018-11-01T20:20-04:00,SF,LV,False,31.0,-1.1920236351623315,-1.8295750018542511,-1.0828721065222127
2018_09_ATL_WAS,2018,9,2018-11-04T13:00-05:00,WAS,ATL,False,-24.0,1.073395473393112,0.5326139995624732,0.9897224177308336
2018_09_CHI_BUF,2018,9,2018-11-04T13:00-05:00,BUF,CHI,False,-32.0,-9.636094523876437,-8.350210543607911,-8.665893676413184
2018_09_DET_MIN,2018,9,2018-11-04T13:00-05:00,MIN,DET,False,15.0,2.5954048612828275,2.550628644581786,2.801791539644973
2018_09_KC_CLE,2018,9,2018-11-04T13:00-05:00,CLE,KC,False,-16.0,-9.045973653680257,-7.955123774052948,-8.746630401110652
2018_09_NYJ_MIA,2018,9,2018-11-04T13:00-05:00,MIA,NYJ,False,7.0,2.053982498077956,2.6340364128332325,2.027371218448428
2018_09_PIT_BAL,2018,9,2018-11-04T13:00-05:00,BAL,PIT,False,-7.0,0.6004494129769551,1.3208637199059106,0.3745069984523326
2018_09_TB_CAR,2018,9,2018-11-04T13:00-05:00,CAR,TB,False,14.0,8.45186526838712,9.042615765644289,7.997709896540236
2018_09_HOU_DEN,2018,9,2018-11-04T16:05-05:00,DEN,HOU,False,-2.0,-1.8097532787388984,-0.6281578136430611,-1.0778720586160917
2018_09_LAC_SEA,2018,9,2018-11-04T16:05-05:00,SEA,LAC,False,-8.0,1.4103571275495357,1.5128517318000156,1.6417952953301371
2018_09_LA_NO,2018,9,2018-11-04T16:25-05:00,NO,LAR,False,10.0,2.1738274863944484,2.266408721972972,1.814498997781046
2018_09_GB_NE,2018,9,2018-11-04T20:20-05:00,NE,GB,False,14.0,7.882415615288859,7.94916655361216,7.503405434762913
2018_09_TEN_DAL,2018,9,2018-11-05T20:15-05:00,DAL,TEN,False,-14.0,2.771653673594386,2.6759999424870773,2.584603213418377
2018_10_CAR_PIT,2018,10,2018-11-08T20:20-05:00,PIT,CAR,False,31.0,2.1430256220341364,1.7831789202235735,2.2059602643298084
2018_10_ARI_KC,2018,10,2018-11-11T13:00-05:00,KC,ARI,False,12.0,16.188011911767447,14.680492848008782,16.09919949651784
2018_10_ATL_CLE,2018,10,2018-11-11T13:00-05:00,CLE,ATL,False,12.0,-6.7713854642810105,-6.110385186377027,-6.575224561247243
2018_10_BUF_NYJ,2018,10,2018-11-11T13:00-05:00,NYJ,BUF,False,-31.0,5.7989193202836935,6.098115759494608,4.9096918716492315
2018_10_DET_CHI,2018,10,2018-11-11T13:00-05:00,CHI,DET,False,12.0,4.682366994116075,5.072847693901943,4.126363134801693
2018_10_JAX_IND,2018,10,2018-11-11T13:00-05:00,IND,JAX,False,3.0,5.9193341339039165,5.408248598191233,5.361882914238636
2018_10_NE_TEN,2018,10,2018-11-11T13:00-05:00,TEN,NE,False,24.0,-5.333315986409327,-4.292644971292949,-5.080304629308975
2018_10_NO_CIN,2018,10,2018-11-11T13:00-05:00,CIN,NO,False,-37.0,-5.559204906655754,-5.158849252517101,-5.283900176438153
2018_10_WAS_TB,2018,10,2018-11-11T13:00-05:00,TB,WAS,False,-13.0,-1.9170601892354826,-0.9592906251506967,-1.7346501396591754
2018_10_LAC_OAK,2018,10,2018-11-11T16:05-05:00,LV,LAC,False,-14.0,-9.810093356350109,-9.79418872566311,-9.466326513354126
2018_10_MIA_GB,2018,10,2018-11-11T16:25-05:00,GB,MIA,False,19.0,5.916889479852638,4.474252547520863,5.999861841419185
2018_10_SEA_LA,2018,10,2018-11-11T16:25-05:00,LAR,SEA,False,5.0,4.66049173774617,4.374978083968941,4.449381992486195
2018_10_DAL_PHI,2018,10,2018-11-11T20:20-05:00,PHI,DAL,False,-7.0,7.437072606151903,7.066036296039054,7.247674274135701
2018_10_NYG_SF,2018,10,2018-11-12T20:15-05:00,SF,NYG,False,-4.0,1.4707698921250039,-0.6626053401225609,1.33427481130508
2018_11_GB_SEA,2018,11,2018-11-15T20:20-05:00,SEA,GB,False,3.0,4.285691499903954,5.340824917039116,4.600649298570911
2018_11_CAR_DET,2018,11,2018-11-18T13:00-05:00,DET,CAR,False,1.0,-1.9349129501386608,-2.6408912387759056,-1.6242506395163705
2018_11_CIN_BAL,2018,11,2018-11-18T13:00-05:00,BAL,CIN,False,3.0,5.344882906426236,4.701950804159846,4.445293027148795
2018_11_DAL_ATL,2018,11,2018-11-18T13:00-05:00,ATL,DAL,False,-3.0,5.717579975014553,4.540861570888701,5.395545177823671
2018_11_HOU_WAS,2018,11,2018-11-18T13:00-05:00,WAS,HOU,False,-2.0,2.6797348733816473,2.3742518025044435,3.0132043802964583
2018_11_PIT_JAX,2018,11,2018-11-18T13:00-05:00,JAX,PIT,False,-4.0,-5.677965393892484,-5.640231975040672,-5.652590484804526
2018_11_TB_NYG,2018,11,2018-11-18T13:00-05:00,NYG,TB,False,3.0,3.6714104232417992,4.734874361446848,3.8656257540055674
2018_11_TEN_IND,2018,11,2018-11-18T13:00-05:00,IND,TEN,False,28.0,3.310003115999589,2.6787104427233666,2.5520065615090193
2018_11_DEN_LAC,2018,11,2018-11-18T16:05-05:00,LAC,DEN,False,-1.0,9.96790257864307,9.46492857664143,9.645861022495009
2018_11_OAK_ARI,2018,11,2018-11-18T16:05-05:00,ARI,LV,False,-2.0,1.842128809551328,2.502955409985963,1.5565618790170583
2018_11_PHI_NO,2018,11,2018-11-18T16:25-05:00,NO,PHI,False,41.0,8.247661378064603,8.28920294699634,7.705952139888465
2018_11_MIN_CHI,2018,11,2018-11-18T20:20-05:00,CHI,MIN,False,5.0,2.9521526415590404,3.2073640137404507,2.4831920657534687
2018_11_KC_LA,2018,11,2018-11-19T20:15-05:00,LAR,KC,False,3.0,0.4358584383371795,1.3101659852507896,0.2545025721289095
2018_12_CHI_DET,2018,12,2018-11-22T12:30-05:00,DET,CHI,False,-7.0,0.3871767330809164,0.054651728578376746,1.2969878681195288
2018_12_WAS_DAL,2018,12,2018-11-22T16:30-05:00,DAL,WAS,False,8.0,2.999891373364732,3.9587916249830744,3.0372975800444904
2018_12_ATL_NO,2018,12,2018-11-22T20:20-05:00,NO,ATL,False,14.0,9.91128296480994,10.648863242130071,9.417963776452833
2018_12_CLE_CIN,2018,12,2018-11-25T13:00-05:00,CIN,CLE,False,-15.0,2.4461944472546273,2.8694150227679645,2.5298443443769942
2018_12_JAX_BUF,2018,12,2018-11-25T13:00-05:00,BUF,JAX,False,3.0,-1.9576324165133498,-3.1434281499859695,-2.6350868971067833
2018_12_NE_NYJ,2018,12,2018-11-25T13:00-05:00,NYJ,NE,False,-14.0,-7.579854060121308,-9.424695630635913,-7.62677308916578
2018_12_NYG_PHI,2018,12,2018-11-25T13:00-05:00,PHI,NYG,False,3.0,4.152833825184168,2.9456204602036906,4.018189540779324
2018_12_OAK_BAL,2018,12,2018-11-25T13:00-05:00,BAL,LV,False,17.0,7.667583500882926,7.532453439913226,6.5341661659011026
2018_12_SEA_CAR,2018,12,2018-11-25T13:00-05:00,CAR,SEA,False,-3.0,1.7673900098511361,2.1849427519765316,1.3867770826961179
2018_12_SF_TB,2018,12,2018-11-25T13:00-05:00,TB,SF,False,18.0,0.9921018740639641,1.8951756215389917,0.5267784883140345
2018_12_ARI_LAC,2018,12,2018-11-25T16:05-05:00,LAC,ARI,False,35.0,15.258576206669485,14.424834786386697,15.280998003555835
2018_12_MIA_IND,2018,12,2018-11-25T16:25-05:00,IND,MIA,False,3.0,10.129412715837447,9.980342195009284,9.334230800104203
2018_12_PIT_DEN,2018,12,2018-11-25T16:25-05:00,DEN,PIT,False,7.0,-5.155242741747291,-4.686102988391492,-4.880846534574487
2018_12_GB_MIN,2018,12,2018-11-25T20:20-05:00,MIN,GB,False,7.0,3.2938547880686793,4.0405878874437455,3.1422830437656235
2018_12_TEN_HOU,2018,12,2018-11-26T20:15-05:00,HOU,TEN,False,17.0,3.784498160933903,2.6795524881836124,3.2988744966317354
2018_13_NO_DAL,2018,13,2018-11-29T20:20-05:00,DAL,NO,False,3.0,-7.798783820374943,-7.312410955234799,-7.438585316638706
2018_13_ARI_GB,2018,13,2018-12-02T13:00-05:00,GB,ARI,False,-3.0,11.66078150686626,9.850809274938094,11.807846203340485
2018_13_BAL_ATL,2018,13,2018-12-02T13:00-05:00,ATL,BAL,False,-10.0,4.47352138379346,3.2903054894281905,5.235122791671664
2018_13_BUF_MIA,2018,13,2018-12-02T13:00-05:00,MIA,BUF,False,4.0,2.5548547668623423,3.552058837839355,3.2117509564359623
2018_13_CAR_TB,2018,13,2018-12-02T13:00-05:00,TB,CAR,False,7.0,-2.933116611362438,-3.335444156502639,-3.1195939930664514
2018_13_CHI_NYG,2018,13,2018-12-02T13:00-05:00,NYG,CHI,False,3.0,-3.72440009518748,-2.554225539748477,-2.923919645233757
2018_13_CLE_HOU,2018,13,2018-12-02T13:00-05:00,HOU,CLE,False,16.0,4.807310105616514,4.594906998967339,4.854882723769977
2018_13_DEN_CIN,2018,13,2018-12-02T13:00-05:00,CIN,DEN,False,-14.0,-1.970852550977459,-3.172405897328222,-2.3629646258228245
2018_13_IND_JAX,2018,13,2018-12-02T13:00-05:00,JAX,IND,False,6.0,-3.105682644220788,-3.2815748566122784,-2.7771499897339376
2018_13_LA_DET,2018,13,2018-12-02T13:00-05:00,DET,LAR,False,-14.0,-4.911502595767719,-4.803175952116737,-4.964375374864607
2018_13_KC_OAK,2018,13,2018-12-02T16:05-05:00,LV,KC,False,-7.0,-10.110399133843217,-9.078617721808566,-10.03324929226055
2018_13_NYJ_TEN,2018,13,2018-12-02T16:05-05:00,TEN,NYJ,False,4.0,7.117937094632641,7.794623182090223,7.636654520535988
2018_13_MIN_NE,2018,13,2018-12-02T16:25-05:00,NE,MIN,False,14.0,4.227276241988112,4.348493849788619,4.291611016100246
2018_13_SF_SEA,2018,13,2018-12-02T16:25-05:00,SEA,SF,False,27.0,11.196378754263309,11.706706894439797,11.225804095830792
2018_13_LAC_PIT,2018,13,2018-12-02T20:20-05:00,PIT,LAC,False,-3.0,1.4810487066085005,1.6366617548788671,1.2711797321880263
2018_13_WAS_PHI,2018,13,2018-12-03T20:15-05:00,PHI,WAS,False,15.0,3.905886079510856,3.7395804954940504,4.125486617100797
2018_14_JAX_TEN,2018,14,2018-12-06T20:20-05:00,TEN,JAX,False,21.0,2.006684544238182,2.7823253753749113,2.8524214284659246
2018_14_ATL_GB,2018,14,2018-12-09T13:00-05:00,GB,ATL,False,14.0,0.8168617721931939,1.0114212596655725,0.6034483538423463
2018_14_BAL_KC,2018,14,2018-12-09T13:00-05:00,KC,BAL,False,3.0,8.126671823366749,6.083173703339533,8.875280705134404
2018_14_CAR_CLE,2018,14,2018-12-09T13:00-05:00,CLE,CAR,False,6.0,-1.4268265899375443,-1.9378431031932304,-1.530856705555635
2018_14_IND_HOU,2018,14,2018-12-09T13:00-05:00,HOU,IND,False,-3.0,3.25790848203244,3.0376942360187402,3.7622058305360158
2018_14_NE_MIA,2018,14,2018-12-09T13:00-05:00,MIA,NE,False,1.0,-8.043759400393636,-8.061277307378175,-7.9485254511032615
2018_14_NO_TB,2018,14,2018-12-09T13:00-05:00,TB,NO,False,-14.0,-9.793183949693397,-9.266616499056164,-10.053095049893166
2018_14_NYG_WAS,2018,14,2018-12-09T13:00-05:00,WAS,NYG,False,-24.0,0.16651159609789978,-0.7140874835142208,-0.07909860717449702
2018_14_NYJ_BUF,2018,14,2018-12-09T13:00-05:00,BUF,NYJ,False,-4.0,3.8816885884047094,3.131710498169788,3.2847586740570547
2018_14_CIN_LAC,2018,14,2018-12-09T16:05-05:00,LAC,CIN,False,5.0,14.831634451267997,14.796763270276234,14.998548204279526
2018_14_DEN_SF,2018,14,2018-12-09T16:05-05:00,SF,DEN,False,6.0,-4.990320948955032,-6.137131580528672,-5.287604406017072
2018_14_DET_ARI,2018,14,2018-12-09T16:25-05:00,ARI,DET,False,-14.0,-2.166980090218424,-2.5452002435441408,-2.300966926489263
2018_14_PHI_DAL,2018,14,2018-12-09T16:25-05:00,DAL,PHI,False,6.0,2.804292931495736,3.277978477612991,3.004197007456657
2018_14_PIT_OAK,2018,14,2018-12-09T16:25-05:00,LV,PIT,False,3.0,-8.216795599052862,-8.240452203392417,-7.847191144277905
2018_14_LA_CHI,2018,14,2018-12-09T20:20-05:00,CHI,LAR,False,9.0,-1.149666881183005,-0.5007366099447135,-1.5489555609761068
2018_14_MIN_SEA,2018,14,2018-12-10T20:15-05:00,SEA,MIN,False,14.0,4.286945868914375,4.508205054370547,4.337779975874395
2018_15_LAC_KC,2018,15,2018-12-13T20:20-05:00,KC,LAC,False,-1.0,1.9754744159544253,0.7848940559103401,1.9844458674371719
2018_15_HOU_NYJ,2018,15,2018-12-15T16:30-05:00,NYJ,HOU,False,-7.0,-6.7043355956128385,-5.942727119457196,-6.886490869596424
2018_15_CLE_DEN,2018,15,2018-12-15T20:20-05:00,DEN,CLE,False,-1.0,4.16348939194847,4.899286905143927,4.607118339590613
2018_15_ARI_ATL,2018,15,2018-12-16T13:00-05:00,ATL,ARI,False,26.0,10.77247656787981,8.447235403550934,10.910329081160855
2018_15_DAL_IND,2018,15,2018-12-16T13:00-05:00,IND,DAL,False,23.0,2.139089846461225,1.6353298680216852,1.8084497778270976
2018_15_DET_BUF,2018,15,2018-12-16T13:00-05:00,BUF,DET,False,1.0,-0.5534204852401607,-2.1632719700289114,-1.217159728326377
2018_15_GB_CHI,2018,15,2018-12-16T13:00-05:00,CHI,GB,False,7.0,4.052587572171026,5.134563201092026,3.908304748239111
2018_15_MIA_MIN,2018,15,2018-12-16T13:00-05:00,MIN,MIA,False,24.0,7.223759733537638,6.788529470405497,7.089230147870307
2018_15_OAK_CIN,2018,15,2018-12-16T13:00-05:00,CIN,LV,False,14.0,2.2472751359758667,2.0081772972614753,1.9360269828865473
2018_15_TB_BAL,2018,15,2018-12-16T13:00-05:00,BAL,TB,False,8.0,3.7927916279412806,4.481693720801914,3.341187640383698
2018_15_TEN_NYG,2018,15,2018-12-16T13:00-05:00,NYG,TEN,False,-17.0,2.1483004281390774,2.097166731242685,2.156398162899635
2018_15_WAS_JAX,2018,15,2018-12-16T13:00-05:00,JAX,WAS,False,-3.0,4.894222347344169,5.853224158907313,4.006043173663555
2018_15_SEA_SF,2018,15,2018-12-16T16:05-05:00,SF,SEA,False,3.0,-7.713392957290883,-8.29235959260398,-8.034474849229529
2018_15_NE_PIT,2018,15,2018-12-16T16:25-05:00,PIT,NE,False,7.0,-0.41462287167395195,-0.14369806060880497,-0.6653942746590022
2018_15_PHI_LA,2018,15,2018-12-16T20:20-05:00,LAR,PHI,False,-7.0,9.083969503158443,7.367118055461871,9.47239037346436
2018_15_NO_CAR,2018,15,2018-12-17T20:15-05:00,CAR,NO,False,-3.0,-7.794961507881533,-6.857155303376611,-7.911838066285453
2018_16_WAS_TEN,2018,16,2018-12-22T16:30-05:00,TEN,WAS,False,9.0,6.296280333839281,7.927370309530353,6.019725436139616
2018_16_BAL_LAC,2018,16,2018-12-22T20:20-05:00,LAC,BAL,False,-12.0,6.60053563244096,6.005254128436903,7.437050828970755
2018_16_ATL_CAR,2018,16,2018-12-23T13:00-05:00,CAR,ATL,False,-14.0,-3.7706606498524193,-2.5071463059743064,-4.129347568124686
2018_16_BUF_NE,2018,16,2018-12-23T13:00-05:00,NE,BUF,False,12.0,12.938700872583297,12.591536270355729,13.679982396298698
2018_16_CIN_CLE,2018,16,2018-12-23T13:00-05:00,CLE,CIN,False,8.0,4.966345313546478,4.864656726753948,4.93571895213096
2018_16_GB_NYJ,2018,16,2018-12-23T13:00-05:00,NYJ,GB,False,-6.0,-4.6428303450684885,-3.7067924843892834,-5.010447420909013
2018_16_HOU_PHI,2018,16,2018-12-23T13:00-05:00,PHI,HOU,False,2.0,-0.3722332136999369,1.202205232769783,-0.6228193259667033
2018_16_JAX_MIA,2018,16,2018-12-23T13:00-05:00,MIA,JAX,False,-10.0,1.485446531389162,1.4337795553216228,2.4016216704720303
2018_16_MIN_DET,2018,16,2018-12-23T13:00-05:00,DET,MIN,False,-18.0,-2.494877632626385,-1.2523449363442523,-2.8504765211397434
2018_16_NYG_IND,2018,16,2018-12-23T13:00-05:00,IND,NYG,False,1.0,7.957541689878745,7.139900244565839,7.347297825946326
2018_16_TB_DAL,2018,16,2018-12-23T13:00-05:00,DAL,TB,False,7.0,3.4536638940961555,3.7172345112289538,3.4746490969607478
2018_16_CHI_SF,2018,16,2018-12-23T16:05-05:00,SF,CHI,False,-5.0,-6.244321404191669,-7.060831504433984,-6.091620506473555
2018_16_LA_ARI,2018,16,2018-12-23T16:05-05:00,ARI,LAR,False,-22.0,-12.780026831110654,-10.63671825326203,-13.096414019229279
2018_16_PIT_NO,2018,16,2018-12-23T16:25-05:00,NO,PIT,False,3.0,7.178305488562825,6.530582471443543,7.469071107300984
2018_16_KC_SEA,2018,16,2018-12-23T20:20-05:00,SEA,KC,False,7.0,-1.4314121767949153,0.13413814266516466,-1.3813972357961097
2018_16_DEN_OAK,2018,16,2018-12-24T20:15-05:00,LV,DEN,False,13.0,-3.6766937738702654,-4.095800014499342,-3.491076918554319
2018_17_ATL_TB,2018,17,2018-12-30T13:00-05:00,TB,ATL,False,-2.0,-1.921772705262013,-0.8619578331951963,-2.1904765710408887
2018_17_CAR_NO,2018,17,2018-12-30T13:00-05:00,NO,CAR,False,-19.0,11.01159095974553,13.059260127504912,10.57879778871112
2018_17_DAL_NYG,2018,17,2018-12-30T13:00-05:00,NYG,DAL,False,-1.0,-0.48899350885687154,0.3028401452324216,-0.31687076944187
2018_17_DET_GB,2018,17,2018-12-30T13:00-05:00,GB,DET,False,-31.0,-1.1828008793338793,2.603186971554845,-1.795899857571987
2018_17_JAX_HOU,2018,17,2018-12-30T13:00-05:00,HOU,JAX,False,17.0,7.197934623580945,6.511624765773108,6.349694681302381
2018_17_MIA_BUF,2018,17,2018-12-30T13:00-05:00,BUF,MIA,False,25.0,3.0675100778944127,2.931031656705181,1.7343645328399164
2018_17_NYJ_NE,2018,17,2018-12-30T13:00-05:00,NE,NYJ,False,35.0,13.294309399618744,12.462413326588079,13.830538207583054
2018_17_ARI_SEA,2018,17,2018-12-30T16:25-05:00,SEA,ARI,False,3.0,16.70391013132973,15.402759510686076,16.951420321702997
2018_17_CHI_MIN,2018,17,2018-12-30T16:25-05:00,MIN,CHI,False,-14.0,1.3895966384234228,1.5816822626709777,1.7884298418162938
2018_17_CIN_PIT,2018,17,2018-12-30T16:25-05:00,PIT,CIN,False,3.0,10.105280414839246,10.052972460689716,10.263679334920319
2018_17_CLE_BAL,2018,17,2018-12-30T16:25-05:00,BAL,CLE,False,2.0,5.690086559048884,6.056358373298277,5.685988010343808
2018_17_LAC_DEN,2018,17,2018-12-30T16:25-05:00,DEN,LAC,False,-14.0,-3.5821088813270388,-2.774198974466835,-4.114597159160653
2018_17_OAK_KC,2018,17,2018-12-30T16:25-05:00,KC,LV,False,32.0,11.700638857043792,10.292184664317675,11.699614021064235
2018_17_PHI_WAS,2018,17,2018-12-30T16:25-05:00,WAS,PHI,False,-24.0,-1.5574077055681967,-3.141789342026132,-0.984570244503576
2018_17_SF_LA,2018,17,2018-12-30T16:25-05:00,LAR,SF,False,16.0,11.25807072125707,11.226902917230587,11.503186974385159
2018_17_IND_TEN,2018,17,2018-12-30T20:20-05:00,TEN,IND,False,-16.0,-1.7087981132509809,0.6682574852991219,-1.2720409594670525
2019_01_GB_CHI,2019,1,2019-09-05T20:20-04:00,CHI,GB,False,-7.0,4.895905170343192,6.04404344262875,4.256409693946676
2019_01_ATL_MIN,2019,1,2019-09-08T13:00-04:00,MIN,ATL,False,16.0,-0.884707347588142,0.048526503983155056,-0.2911152081858863
2019_01_BAL_MIA,2019,1,2019-09-08T13:00-04:00,MIA,BAL,False,-49.0,-3.853039378529626,-4.133160659354022,-1.3568756918128422
2019_01_BUF_NYJ,2019,1,2019-09-08T13:00-04:00,NYJ,BUF,False,-1.0,-1.319575463420894,-1.0708890761581422,-0.536316770827836
2019_01_KC_JAX,2019,1,2019-09-08T13:00-04:00,JAX,KC,False,-14.0,-6.4140481572685974,-5.492795091588031,-4.4386368943387255
2019_01_LA_CAR,2019,1,2019-09-08T13:00-04:00,CAR,LAR,False,-3.0,-0.8617000936810864,-0.2634802842326346,-1.071320808557313
2019_01_TEN_CLE,2019,1,2019-09-08T13:00-04:00,CLE,TEN,False,-30.0,0.8643760936536045,1.5679775970469798,0.22253725492326626
2019_01_WAS_PHI,2019,1,2019-09-08T13:00-04:00,PHI,WAS,False,5.0,7.740904776757033,7.10558535556223,5.642208206502801
2019_01_CIN_SEA,2019,1,2019-09-08T16:05-04:00,SEA,CIN,False,1.0,6.861562703532821,6.346761310398662,6.645382550903765
2019_01_IND_LAC,2019,1,2019-09-08T16:05-04:00,LAC,IND,False,6.0,3.601246491277628,2.595685170766635,5.448452074144342
2019_01_DET_ARI,2019,1,2019-09-08T16:25-04:00,ARI,DET,False,0.0,-5.856239637608065,-7.145396545483211,-4.181748152918975
2019_01_NYG_DAL,2019,1,2019-09-08T16:25-04:00,DAL,NYG,False,18.0,4.406954391018131,3.498592539081385,4.105119008936656
2019_01_SF_TB,2019,1,2019-09-08T16:25-04:00,TB,SF,False,-14.0,5.690002641999339,6.374785608965134,5.540207286851644
2019_01_PIT_NE,2019,1,2019-09-08T20:20-04:00,NE,PIT,False,30.0,5.3222695030074565,4.614381274040834,5.0429654342111885
2019_01_HOU_NO,2019,1,2019-09-09T19:10-04:00,NO,HOU,False,2.0,4.745829447528838,4.6721047300863185,4.928346832636398
2019_01_DEN_OAK,2019,1,2019-09-09T22:20-04:00,LV,DEN,False,8.0,-0.8692656622502496,-1.0896259284023113,-0.21605224584069704
2019_02_TB_CAR,2019,2,2019-09-12T20:20-04:00,CAR,TB,False,-6.0,4.259506701805178,4.276016707964836,4.273514836822769
2019_02_ARI_BAL,2019,2,2019-09-15T13:00-04:00,BAL,ARI,False,6.0,9.965628155530407,11.055743054307303,8.343937711299201
2019_02_BUF_NYG,2019,2,2019-09-15T13:00-04:00,NYG,BUF,False,-14.0,2.2954148999287955,2.693048950623699,2.654173005569733
2019_02_DAL_WAS,2019,2,2019-09-15T13:00-04:00,WAS,DAL,False,-10.0,-3.2496903914282544,-3.2142165882827403,-1.8577326305443915
2019_02_IND_TEN,2019,2,2019-09-15T13:00-04:00,TEN,IND,False,-2.0,2.3379216771628153,1.9321089108296359,4.046620115955529
2019_02_JAX_HOU,2019,2,2019-09-15T13:00-04:00,HOU,JAX,False,1.0,7.884717718479583,8.043820861768666,7.3241707860232985
2019_02_LAC_DET,2019,2,2019-09-15T13:00-04:00,DET,LAC,False,3.0,0.6889251273344683,0.9256809028198452,0.08152434394802865
2019_02_MIN_GB,2019,2,2019-09-15T13:00-04:00,GB,MIN,False,5.0,1.6526653908936162,0.570804801936637,1.6654497584841121
2019_02_NE_MIA,2019,2,2019-09-15T13:00-04:00,MIA,NE,False,-43.0,-12.017750573515322,-11.676459164214208,-9.58689852391147
2019_02_SEA_PIT,2019,2,2019-09-15T13:00-04:00,PIT,SEA,False,-2.0,0.4791850219532078,0.7386211308344445,-0.0875909557688046
2019_02_SF_CIN,2019,2,2019-09-15T13:00-04:00,CIN,SF,False,-24.0,1.3701757487337474,2.164308883629497,2.1164258019515203
2019_02_KC_OAK,2019,2,2019-09-15T16:05-04:00,LV,KC,False,-18.0,-6.928986217561336,-5.843636265037183,-6.794663156060138
2019_02_CHI_DEN,2019,2,2019-09-15T16:25-04:00,DEN,CHI,False,-2.0,-1.6071199841469204,-1.4256397407536456,-1.5907069216953866
2019_02_NO_LA,2019,2,2019-09-15T16:25-04:00,LAR,NO,False,18.0,2.4306413546821597,2.7592163628427624,2.0171227527294016
2019_02_PHI_ATL,2019,2,2019-09-15T20:20-04:00,ATL,PHI,False,4.0,0.5730333329997055,0.0040188989883079285,1.4739097716611564
2019_02_CLE_NYJ,2019,2,2019-09-16T20:15-04:00,NYJ,CLE,False,-20.0,0.027949106753022868,-0.11714417584551473,0.20952294200432808
2019_03_TEN_JAX,2019,3,2019-09-19T20:20-04:00,JAX,TEN,False,13.0,-3.813964212298432,-3.998444579804493,-3.3193953579491002
2019_03_ATL_IND,2019,3,2019-09-22T13:00-04:00,IND,ATL,False,3.0,1.247625168519614,2.5717842339343457,-0.017601751112432007
2019_03_BAL_KC,2019,3,2019-09-22T13:00-04:00,KC,BAL,False,5.0,5.152100515500701,4.289128571043191,5.6002462807046305
2019_03_CIN_BUF,2019,3,2019-09-22T13:00-04:00,BUF,CIN,False,4.0,4.7636764568915195,4.914147310320354,3.619640402437536
2019_03_DEN_GB,2019,3,2019-09-22T13:00-04:00,GB,DEN,False,11.0,4.667754910735232,3.224952228949134,5.23581029559478
2019_03_DET_PHI,2019,3,2019-09-22T13:00-04:00,PHI,DET,False,-3.0,3.5133746972171704,3.1358003773155434,3.120311684249126
2019_03_MIA_DAL,2019,3,2019-09-22T13:00-04:00,DAL,MIA,False,25.0,16.688537097087547,15.164552438955122,14.971607317216414
2019_03_NYJ_NE,2019,3,2019-09-22T13:00-04:00,NE,NYJ,False,16.0,17.586722075586934,18.020158273949505,17.321423050245244
2019_03_OAK_MIN,2019,3,2019-09-22T13:00-04:00,MIN,LV,False,20.0,6.958706010758615,7.082258159456673,7.104476317467057
2019_03_CAR_ARI,2019,3,2019-09-22T16:05-04:00,ARI,CAR,False,-18.0,0.602404089974555,0.1396757549249087,1.7786664931901182
2019_03_NYG_TB,2019,3,2019-09-22T16:05-04:00,TB,NYG,False,-1.0,6.073552089970869,6.778868015324738,6.823204113098336
2019_03_HOU_LAC,2019,3,2019-09-22T16:25-04:00,LAC,HOU,False,-7.0,3.0427998605756947,3.34918623765466,3.0136648085537723
2019_03_NO_SEA,2019,3,2019-09-22T16:25-04:00,SEA,NO,False,-6.0,4.79160543639429,3.5352848509093313,6.198026635164999
2019_03_PIT_SF,2019,3,2019-09-22T16:25-04:00,SF,PIT,False,4.0,3.5199803141724004,2.757424453539307,4.169975710212096
2019_03_LA_CLE,2019,3,2019-09-22T20:20-04:00,CLE,LAR,False,-7.0,-5.598606701978097,-4.706060717083407,-5.764675052109185
2019_03_CHI_WAS,2019,3,2019-09-23T20:15-04:00,WAS,CHI,False,-16.0,-1.9941087234340733,-1.7848696777797848,-1.2198277805855327
2019_04_PHI_GB,2019,4,2019-09-26T20:20-04:00,GB,PHI,False,-7.0,2.9285315047448095,2.4751051489337264,3.7280910511580396
2019_04_CAR_HOU,2019,4,2019-09-29T13:00-04:00,HOU,CAR,False,-6.0,4.315431185511509,4.574352504006112,4.527263343013626
2019_04_CLE_BAL,2019,4,2019-09-29T13:00-04:00,BAL,CLE,False,-15.0,6.932836147137831,6.161707483515489,6.596709568514077
2019_04_KC_DET,2019,4,2019-09-29T13:00-04:00,DET,KC,False,-4.0,-4.808254525363797,-4.064384823906361,-5.605245190040936
2019_04_LAC_MIA,2019,4,2019-09-29T13:00-04:00,MIA,LAC,False,-20.0,-10.870984694502805,-8.57694455502581,-10.764453449023552
2019_04_NE_BUF,2019,4,2019-09-29T13:00-04:00,BUF,NE,False,-6.0,-6.029201922886769,-4.997498875042995,-6.262817350015931
2019_04_OAK_IND,2019,4,2019-09-29T13:00-04:00,IND,LV,False,-7.0,8.42029376764651,8.576404379408665,6.8079718935038915
2019_04_TEN_ATL,2019,4,2019-09-29T13:00-04:00,ATL,TEN,False,-14.0,3.140251260776644,2.658331055383852,2.058877715840981
2019_04_WAS_NYG,2019,4,2019-09-29T13:00-04:00,NYG,WAS,False,21.0,2.46562107229244,1.7774759161271387,1.2583409302426443
2019_04_SEA_ARI,2019,4,2019-09-29T16:05-04:00,ARI,SEA,False,-17.0,-5.369694929122036,-5.5827968591654695,-4.530081150360809
2019_04_TB_LA,2019,4,2019-09-29T16:05-04:00,LAR,TB,False,-15.0,8.576554539245702,8.30240898693033,8.676665212971521
2019_04_JAX_DEN,2019,4,2019-09-29T16:25-04:00,DEN,JAX,False,-2.0,3.0642463260845583,3.8600753548926816,2.354093644176504
2019_04_MIN_CHI,2019,4,2019-09-29T16:25-04:00,CHI,MIN,False,10.0,3.820373545810325,3.5695120350552485,3.376655500902534
2019_04_DAL_NO,2019,4,2019-09-29T20:20-04:00,NO,DAL,False,2.0,-1.069121382424258,-0.8393723433707629,-1.1762620682988458
2019_04_CIN_PIT,2019,4,2019-09-30T20:15-04:00,PIT,CIN,False,24.0,3.36560692334008,3.6728377722163668,2.0262116875974545
2019_05_LA_SEA,2019,5,2019-10-03T20:20-04:00,SEA,LAR,False,1.0,2.0244901235800867,1.3829944401447691,2.171494748195494
2019_05_ARI_CIN,2019,5,2019-10-06T13:00-04:00,CIN,ARI,False,-3.0,2.7648871643643487,3.693144053626474,2.9649288597224976
2019_05_ATL_HOU,2019,5,2019-10-06T13:00-04:00,HOU,ATL,False,21.0,3.180158417358426,2.9017928024739046,3.6291164888705145
2019_05_BAL_PIT,2019,5,2019-10-06T13:00-04:00,PIT,BAL,False,-3.0,0.8472976826396974,1.0118993354756536,0.2897921413145685
2019_05_BUF_TEN,2019,5,2019-10-06T13:00-04:00,TEN,BUF,False,-7.0,5.671463559424609,4.951016335483208,6.120633945849573
2019_05_CHI_OAK,2019,5,2019-10-06T13:00-04:00,LV,CHI,True,3.0,-6.036926611668473,-5.992753278199096,-5.463115172457069
2019_05_JAX_CAR,2019,5,2019-10-06T13:00-04:00,CAR,JAX,False,7.0,3.7724751341368266,4.101014374055077,3.0962359855094035
2019_05_MIN_NYG,2019,5,2019-10-06T13:00-04:00,NYG,MIN,False,-18.0,-0.813250789266877,-1.4080794516749073,-1.9307929118205427
2019_05_NE_WAS,2019,5,2019-10-06T13:00-04:00,WAS,NE,False,-26.0,-12.089949688427488,-12.121013671462169,-12.179831154891971
2019_05_NYJ_PHI,2019,5,2019-10-06T13:00-04:00,PHI,NYJ,False,25.0,11.81435276107116,11.597380492589682,10.899793914604363
2019_05_TB_NO,2019,5,2019-10-06T13:00-04:00,NO,TB,False,7.0,2.3763374473819416,2.7613080168412134,1.981975528782357
2019_05_DEN_LAC,2019,5,2019-10-06T16:05-04:00,LAC,DEN,False,-7.0,7.198937393912077,6.214750058893964,7.476885039697948
2019_05_GB_DAL,2019,5,2019-10-06T16:25-04:00,DAL,GB,False,-10.0,3.4621449897887864,4.459196522555435,2.7993873794920905
2019_05_IND_KC,2019,5,2019-10-06T20:20-04:00,KC,IND,False,-6.0,8.06448763768413,6.747614845278424,9.37651499281739
2019_05_CLE_SF,2019,5,2019-10-07T20:15-04:00,SF,CLE,False,28.0,2.08013743325652,1.0419039853343013,1.8712687536560844
2019_06_NYG_NE,2019,6,2019-10-10T20:20-04:00,NE,NYG,False,21.0,14.040272253002605,13.504389764289982,14.884235966009951
2019_06_CAR_TB,2019,6,2019-10-13T09:30-04:00,TB,CAR,True,-11.0,0.3169622299121626,0.9031850405969384,0.405738386747517
2019_06_CIN_BAL,2019,6,2019-10-13T13:00-04:00,BAL,CIN,False,6.0,7.97988568902755,7.95722638247635,7.610710876911751
2019_06_HOU_KC,2019,6,2019-10-13T13:00-04:00,KC,HOU,False,-7.0,5.238647369942516,4.881249875264071,5.5429826127938036
2019_06_NO_JAX,2019,6,2019-10-13T13:00-04:00,JAX,NO,False,-7.0,-1.9882656588109584,-2.729399273838951,-0.7307080024931296
2019_06_PHI_MIN,2019,6,2019-10-13T13:00-04:00,MIN,PHI,False,18.0,-0.47350031437393625,0.7527119912155885,0.6204724880773657
2019_06_SEA_CLE,2019,6,2019-10-13T13:00-04:00,CLE,SEA,False,-4.0,-4.461421806477963,-2.914339006879499,-4.08329019019055
2019_06_WAS_MIA,2019,6,2019-10-13T13:00-04:00,MIA,WAS,False,-1.0,-2.959787595617793,-0.6551256178786546,-3.600998558244497
2019_06_ATL_ARI,2019,6,2019-10-13T16:05-04:00,ARI,ATL,False,1.0,-2.120502412159043,-2.072505790048163,-1.6813839462237559
2019_06_SF_LA,2019,6,2019-10-13T16:05-04:00,LAR,SF,False,-13.0,3.6852714863996345,4.368732768378922,3.8095968175733814
2019_06_DAL_NYJ,2019,6,2019-10-13T16:25-04:00,NYJ,DAL,False,2.0,-7.567802512910548,-8.46125003289719,-5.2758229177943035
2019_06_TEN_DEN,2019,6,2019-10-13T16:25-04:00,DEN,TEN,False,16.0,-0.5248003011272295,0.4551385526470132,-0.9310307899863308
2019_06_PIT_LAC,2019,6,2019-10-13T20:20-04:00,LAC,PIT,False,-7.0,4.465881944150221,4.247222604324753,5.828841996378173
2019_06_DET_GB,2019,6,2019-10-14T20:15-04:00,GB,DET,False,1.0,3.0198261829362965,2.3473062073843636,3.1183550055647107
2019_07_KC_DEN,2019,7,2019-10-17T20:20-04:00,DEN,KC,False,-24.0,-3.6262493594078484,-1.5567915016227079,-3.5240281492927346
2019_07_ARI_NYG,2019,7,2019-10-20T13:00-04:00,NYG,ARI,False,-6.0,0.6750210855775611,2.240834437560994,0.18385652287961135
2019_07_HOU_IND,2019,7,2019-10-20T13:00-04:00,IND,HOU,False,7.0,-0.744616095194151,0.5997501837510535,-1.3976320111899538
2019_07_JAX_CIN,2019,7,2019-10-20T13:00-04:00,CIN,JAX,False,-10.0,0.936230806736333,1.1608527146888292,0.7866938946820876
2019_07_LA_ATL,2019,7,2019-10-20T13:00-04:00,ATL,LAR,False,-27.0,-0.2592088818214693,-0.8581502813232493,-0.5749561370841465
2019_07_MIA_BUF,2019,7,2019-10-20T13:00-04:00,BUF,MIA,False,10.0,11.521164368898368,12.634836806388968,9.465587200418778
2019_07_MIN_DET,2019,7,2019-10-20T13:00-04:00,DET,MIN,False,-12.0,0.7310717477522191,-0.010697787651857582,0.4137527699590775
2019_07_OAK_GB,2019,7,2019-10-20T13:00-04:00,GB,LV,False,18.0,4.879966489563045,4.20518109192571,4.898712992744538
2019_07_SF_WAS,2019,7,2019-10-20T13:00-04:00,WAS,SF,False,-9.0,-6.475826673409103,-6.560510729484788,-5.331306149927205
2019_07_LAC_TEN,2019,7,2019-10-20T16:05-04:00,TEN,LAC,False,3.0,-2.339138129686632,-0.43048354863578653,-1.4719387706372582
2019_07_BAL_SEA,2019,7,2019-10-20T16:25-04:00,SEA,BAL,False,-14.0,5.113322676175844,4.44997615688594,5.110756265211138
2019_07_NO_CHI,2019,7,2019-10-20T16:25-04:00,CHI,NO,False,-11.0,3.335540349733583,3.2413425209823297,3.7122989015013177
2019_07_PHI_DAL,2019,7,2019-10-20T20:20-04:00,DAL,PHI,False,27.0,0.6736133828124384,1.3285914879638332,0.38245420805301933
2019_07_NE_NYJ,2019,7,2019-10-21T20:15-04:00,NYJ,NE,False,-33.0,-13.686394856814857,-13.862805681442836,-13.080769577263112
2019_08_WAS_MIN,2019,8,2019-10-24T20:20-04:00,MIN,WAS,False,10.0,12.524289903395495,13.913564751214745,11.434759167674517
2019_08_ARI_NO,2019,8,2019-10-27T13:00-04:00,NO,ARI,False,22.0,8.400427235139958,9.097115484020504,8.179503833133513
2019_08_CIN_LA,2019,8,2019-10-27T13:00-04:00,LAR,CIN,True,14.0,10.068454493558352,9.984940565004006,9.769628463066791
2019_08_DEN_IND,2019,8,2019-10-27T13:00-04:00,IND,DEN,False,2.0,6.41857175982982,5.968862315366888,4.504624545788937
2019_08_LAC_CHI,2019,8,2019-10-27T13:00-04:00,CHI,LAC,False,-1.0,3.0423675738610063,3.962149818832867,3.046267812846369
2019_08_NYG_DET,2019,8,2019-10-27T13:00-04:00,DET,NYG,False,5.0,9.90204872234721,9.08912034581244,10.048575972938494
2019_08_NYJ_JAX,2019,8,2019-10-27T13:00-04:00,JAX,NYJ,False,14.0,8.812593441073634,8.916895205969944,8.195439050755343
2019_08_PHI_BUF,2019,8,2019-10-27T13:00-04:00,BUF,PHI,False,-18.0,-0.5006908732606425,1.3101293554865383,-0.26137772899620804
2019_08_SEA_ATL,2019,8,2019-10-27T13:00-04:00,ATL,SEA,False,-7.0,-6.411536724681406,-4.867961196795527,-6.421083682679381
2019_08_TB_TEN,2019,8,2019-10-27T13:00-04:00,TEN,TB,False,4.0,0.785014953840744,1.5393509182728597,1.0072869695457172
2019_08_CAR_SF,2019,8,2019-10-27T16:05-04:00,SF,CAR,False,38.0,2.2259499998954584,2.4928777680723724,1.942068044503873
2019_08_CLE_NE,2019,8,2019-10-27T16:25-04:00,NE,CLE,False,14.0,15.656480263591234,14.173243217937735,16.170312325845735
2019_08_OAK_HOU,2019,8,2019-10-27T16:25-04:00,HOU,LV,False,3.0,8.84498865246634,7.840268597457503,8.959353082619243
2019_08_GB_KC,2019,8,2019-10-27T20:20-04:00,KC,GB,False,-7.0,1.0562541549403601,3.708120290096119,0.5920231256882695
2019_08_MIA_PIT,2019,8,2019-10-28T20:15-04:00,PIT,MIA,False,13.0,14.03707795359647,13.717445735696042,11.599443462419227
2019_09_SF_ARI,2019,9,2019-10-31T20:20-04:00,ARI,SF,False,-3.0,-4.9668973398898615,-5.8202605226645225,-4.822225160042292
2019_09_HOU_JAX,2019,9,2019-11-03T09:30-05:00,JAX,HOU,True,-23.0,-4.319007636800707,-3.433897789313588,-3.4880021853006564
2019_09_CHI_PHI,2019,9,2019-11-03T13:00-05:00,PHI,CHI,False,8.0,2.8608117088753353,2.0964191285848313,2.6605411773582652
2019_09_IND_PIT,2019,9,2019-11-03T13:00-05:00,PIT,IND,False,2.0,2.8553722724626045,2.387678928061278,2.8937132182256065
2019_09_MIN_KC,2019,9,2019-11-03T13:00-05:00,KC,MIN,False,3.0,-0.7786579841493212,-0.028006177365742513,-1.3526389783073713
2019_09_NYJ_MIA,2019,9,2019-11-03T13:00-05:00,MIA,NYJ,False,8.0,1.912596951302721,1.9049587842625604,2.1207309226488618
2019_09_TEN_CAR,2019,9,2019-11-03T13:00-05:00,CAR,TEN,False,10.0,2.0041217640446796,1.5415022757084662,2.001679868513216
2019_09_WAS_BUF,2019,9,2019-11-03T13:00-05:00,BUF,WAS,False,15.0,8.465774142701335,8.708273953709645,7.989922933596707
2019_09_DET_OAK,2019,9,2019-11-03T16:05-05:00,LV,DET,False,7.0,-1.0794567413481524,-1.0812244720193864,-1.737036899729023
2019_09_TB_SEA,2019,9,2019-11-03T16:05-05:00,SEA,TB,False,6.0,7.3718467091638935,6.275883952395964,7.026898921096594
2019_09_CLE_DEN,2019,9,2019-11-03T16:25-05:00,DEN,CLE,False,5.0,1.6196178740312817,0.06403083024133549,1.8753440514208315
2019_09_GB_LAC,2019,9,2019-11-03T16:25-05:00,LAC,GB,False,15.0,-0.31934617465914183,-0.7079026591018343,-0.3434829547097713
2019_09_NE_BAL,2019,9,2019-11-03T20:20-05:00,BAL,NE,False,17.0,-4.914026537302172,-4.538453676493727,-5.471049867522507
2019_09_DAL_NYG,2019,9,2019-11-04T20:15-05:00,NYG,DAL,False,-19.0,-8.382117550345814,-7.686068396853385,-8.143476647695572
2019_10_LAC_OAK,2019,10,2019-11-07T20:20-05:00,LV,LAC,False,2.0,-2.8000166696636493,-1.9892179019258194,-3.4896678689472167
2019_10_ARI_TB,2019,10,2019-11-10T13:00-05:00,TB,ARI,False,3.0,3.860722877757847,4.905354440806897,3.538382555787454
2019_10_ATL_NO,2019,10,2019-11-10T13:00-05:00,NO,ATL,False,-17.0,10.219835222652371,10.379714843338723,10.799033262194856
2019_10_BAL_CIN,2019,10,2019-11-10T13:00-05:00,CIN,BAL,False,-36.0,-9.761035692488473,-10.56306202100128,-9.326427139597946
2019_10_BUF_CLE,2019,10,2019-11-10T13:00-05:00,CLE,BUF,False,3.0,0.37266380465435356,0.358393371287272,0.5545997398292921
2019_10_DET_CHI,2019,10,2019-11-10T13:00-05:00,CHI,DET,False,7.0,5.915233208921919,5.063695457470462,6.777603091703238
2019_10_KC_TEN,2019,10,2019-11-10T13:00-05:00,TEN,KC,False,3.0,-5.4855034382994985,-3.4852689971663366,-5.899258534883194
2019_10_NYG_NYJ,2019,10,2019-11-10T13:00-05:00,NYJ,NYG,False,7.0,-1.10362093062127,-1.924153097384423,-0.18913249035301627
2019_10_MIA_IND,2019,10,2019-11-10T16:05-05:00,IND,MIA,False,-4.0,10.015002025512736,11.38928301751244,8.51302623161139
2019_10_CAR_GB,2019,10,2019-11-10T16:25-05:00,GB,CAR,False,8.0,6.050814428994409,5.243419366224371,5.724631868787251
2019_10_LA_PIT,2019,10,2019-11-10T16:25-05:00,PIT,LAR,False,5.0,-0.2242665636714508,-0.9026183092311824,-0.6691608441916969
2019_10_MIN_DAL,2019,10,2019-11-10T20:20-05:00,DAL,MIN,False,-4.0,2.6996395873535555,1.8346584712941032,2.056523859033662
2019_10_SEA_SF,2019,10,2019-11-11T20:15-05:00,SF,SEA,False,-3.0,2.1499083726171877,2.952792437920348,2.424263825978678
2019_11_PIT_CLE,2019,11,2019-11-14T20:20-05:00,CLE,PIT,False,14.0,-3.250224449102796,-1.8395972032507844,-2.6972903582753567
2019_11_ATL_CAR,2019,11,2019-11-17T13:00-05:00,CAR,ATL,False,-26.0,2.153747230023942,3.1446741286929747,2.7879987757134255
2019_11_BUF_MIA,2019,11,2019-11-17T13:00-05:00,MIA,BUF,False,-17.0,-3.4219559048473527,-4.353244445168649,-2.3009886237673056
2019_11_DAL_DET,2019,11,2019-11-17T13:00-05:00,DET,DAL,False,-8.0,-5.56005858831389,-4.3972616564927485,-5.340036652018454
2019_11_DEN_MIN,2019,11,2019-11-17T13:00-05:00,MIN,DEN,False,4.0,9.18549603702636,10.725303472110802,8.506880435120106
2019_11_HOU_BAL,2019,11,2019-11-17T13:00-05:00,BAL,HOU,False,34.0,2.695007699064614,3.580897863181131,2.976410704491222
2019_11_JAX_IND,2019,11,2019-11-17T13:00-05:00,IND,JAX,False,20.0,4.930012814619952,3.9726663708280405,3.4176890239299715
2019_11_NO_TB,2019,11,2019-11-17T13:00-05:00,TB,NO,False,-17.0,-3.518846074203014,-2.715290607351341,-4.265708763193586
2019_11_NYJ_WAS,2019,11,2019-11-17T13:00-05:00,WAS,NYJ,False,-17.0,2.3609072755781475,2.7639691118491703,2.2816832783352705
2019_11_ARI_SF,2019,11,2019-11-17T16:05-05:00,SF,ARI,False,10.0,7.153631070425558,8.011172219165502,7.473256061608124
2019_11_CIN_OAK,2019,11,2019-11-17T16:25-05:00,LV,CIN,False,7.0,11.488490491012449,10.898974791593702,10.85071543728094
2019_11_NE_PHI,2019,11,2019-11-17T16:25-05:00,PHI,NE,False,-7.0,-4.700804146286839,-4.774270349992886,-5.355855748131455
2019_11_CHI_LA,2019,11,2019-11-17T20:20-05:00,LAR,CHI,False,10.0,3.4853989367562663,3.2748859466099787,3.0995224992534482
2019_11_KC_LAC,2019,11,2019-11-18T20:15-05:00,LAC,KC,True,-7.0,-3.384126297856752,-2.370193047164175,-3.540724842710368
2019_12_IND_HOU,2019,12,2019-11-21T20:20-05:00,HOU,IND,False,3.0,3.984376535619058,3.4653568346594006,4.300751910097983
2019_12_CAR_NO,2019,12,2019-11-24T13:00-05:00,NO,CAR,False,3.0,11.67432673483355,10.446326391335733,12.065303231994108
2019_12_DEN_BUF,2019,12,2019-11-24T13:00-05:00,BUF,DEN,False,17.0,4.9077933135722285,6.036291672970253,4.167794354785498
2019_12_DET_WAS,2019,12,2019-11-24T13:00-05:00,WAS,DET,False,3.0,-4.660074918444975,-5.320157589366472,-4.0301352594282704
2019_12_MIA_CLE,2019,12,2019-11-24T13:00-05:00,CLE,MIA,False,17.0,9.276829066642053,10.172002387456416,8.3504483411231
2019_12_NYG_CHI,2019,12,2019-11-24T13:00-05:00,CHI,NYG,False,5.0,9.4941058493845,8.95106931291265,10.158834371587439
2019_12_OAK_NYJ,2019,12,2019-11-24T13:00-05:00,NYJ,LV,False,31.0,-3.9289686185005137,-3.939429970695505,-3.454446197511613
2019_12_PIT_CIN,2019,12,2019-11-24T13:00-05:00,CIN,PIT,False,-6.0,-8.713043864500609,-7.478092915639584,-8.433701291796215
2019_12_SEA_PHI,2019,12,2019-11-24T13:00-05:00,PHI,SEA,False,-8.0,0.08264014472853054,0.9063084620337147,0.4238078647717276
2019_12_TB_ATL,2019,12,2019-11-24T13:00-05:00,ATL,TB,False,-13.0,5.591270173492754,4.750102442535361,5.522402798611608
2019_12_JAX_TEN,2019,12,2019-11-24T16:05-05:00,TEN,JAX,False,22.0,3.7628763769514038,4.351924690318844,3.257526157923775
2019_12_DAL_NE,2019,12,2019-11-24T16:25-05:00,NE,DAL,False,4.0,5.532820869271306,5.357358312700658,6.2424901525417305
2019_12_GB_SF,2019,12,2019-11-24T20:20-05:00,SF,GB,False,29.0,0.05298900537384621,0.6231798996738922,0.16710615149762445
2019_12_BAL_LA,2019,12,2019-11-25T20:15-05:00,LAR,BAL,False,-39.0,-2.961906527317181,-2.681802903610607,-2.432812330065805
2019_13_CHI_DET,2019,13,2019-11-28T12:30-05:00,DET,CHI,False,-4.0,-4.7753551072848825,-4.6625415033895585,-5.186419919466355
2019_13_BUF_DAL,2019,13,2019-11-28T16:30-05:00,DAL,BUF,False,-11.0,6.09544770830198,5.106306296262515,5.789337680774185
2019_13_NO_ATL,2019,13,2019-11-28T20:20-05:00,ATL,NO,False,-8.0,-3.558999928207334,-3.837518503446965,-4.143790933051955
2019_13_CLE_PIT,2019,13,2019-12-01T13:00-05:00,PIT,CLE,False,7.0,1.901293980187203,-0.3157769097453471,1.8834855318294976
2019_13_GB_NYG,2019,13,2019-12-01T13:00-05:00,NYG,GB,False,-18.0,-6.480085236614937,-5.021300060100856,-7.167677906305473
2019_13_NYJ_CIN,2019,13,2019-12-01T13:00-05:00,CIN,NYJ,False,16.0,-0.7388253193561142,-1.4054853542565358,0.1479770199813797
2019_13_PHI_MIA,2019,13,2019-12-01T13:00-05:00,MIA,PHI,False,6.0,-6.900373216658177,-6.181226283393149,-6.371513357410596
2019_13_SF_BAL,2019,13,2019-12-01T13:00-05:00,BAL,SF,False,3.0,8.190748904936534,7.8185616698502525,7.3212780936550725
2019_13_TB_JAX,2019,13,2019-12-01T13:00-05:00,JAX,TB,False,-17.0,-0.3841480526639518,-0.6755768405343743,0.6385906538684711
2019_13_TEN_IND,2019,13,2019-12-01T13:00-05:00,IND,TEN,False,-14.0,4.867200489925313,3.3126446896782493,4.2243625397174585
2019_13_WAS_CAR,2019,13,2019-12-01T13:00-05:00,CAR,WAS,False,-8.0,9.058509870051093,8.57092422571282,9.012919942028304
2019_13_LA_ARI,2019,13,2019-12-01T16:05-05:00,ARI,LAR,False,-27.0,-2.3142825653394525,-2.677600401461596,-2.672678164430863
2019_13_LAC_DEN,2019,13,2019-12-01T16:25-05:00,DEN,LAC,False,3.0,-4.5490928180194015,-4.855615031263009,-4.148050323050988
2019_13_OAK_KC,2019,13,2019-12-01T16:25-05:00,KC,LV,False,31.0,11.057217353306973,10.017625774666461,11.97581881673118
2019_13_NE_HOU,2019,13,2019-12-01T20:20-05:00,HOU,NE,False,6.0,-2.9308631184128426,-3.5026529347138036,-3.7277892197926605
2019_13_MIN_SEA,2019,13,2019-12-02T20:15-05:00,SEA,MIN,False,7.0,1.5213830394523553,-0.549672789535059,1.757287018032276
2019_14_DAL_CHI,2019,14,2019-12-05T20:20-05:00,CHI,DAL,False,7.0,0.3304782011096836,0.47124087764528766,0.7239807656399914
2019_14_BAL_BUF,2019,14,2019-12-08T13:00-05:00,BUF,BAL,False,-7.0,-5.972661900225679,-4.42129441937482,-5.723608573360055
2019_14_CAR_ATL,2019,14,2019-12-08T13:00-05:00,ATL,CAR,False,20.0,4.597187728092155,3.308071240281855,4.720789739321926
2019_14_CIN_CLE,2019,14,2019-12-08T13:00-05:00,CLE,CIN,False,8.0,7.655845366158082,8.956497834838391,7.246542379992454
2019_14_DEN_HOU,2019,14,2019-12-08T13:00-05:00,HOU,DEN,False,-14.0,9.256553357003789,8.754365510461032,8.402551697803688
2019_14_DET_MIN,2019,14,2019-12-08T13:00-05:00,MIN,DET,False,13.0,9.378878762864051,9.605262974632147,9.356392298955807
2019_14_IND_TB,2019,14,2019-12-08T13:00-05:00,TB,IND,False,3.0,1.2629651328678242,2.16833866349089,1.5956069049134032
2019_14_MIA_NYJ,2019,14,2019-12-08T13:00-05:00,NYJ,MIA,False,1.0,3.886815175194214,3.631965185656362,3.151129907390525
2019_14_SF_NO,2019,14,2019-12-08T13:00-05:00,NO,SF,False,-2.0,4.131668318748398,3.1850349980511776,4.23463748580129
2019_14_WAS_GB,2019,14,2019-12-08T13:00-05:00,GB,WAS,False,5.0,14.22974418422934,12.5273504648491,13.94452646261511
2019_14_LAC_JAX,2019,14,2019-12-08T16:05-05:00,JAX,LAC,False,-35.0,-4.730210709607473,-4.709915711645625,-4.737203387245903
2019_14_KC_NE,2019,14,2019-12-08T16:25-05:00,NE,KC,False,-7.0,1.6893078495396967,2.9072428488038846,1.9093540054431624
2019_14_PIT_ARI,2019,14,2019-12-08T16:25-05:00,ARI,PIT,False,-6.0,-3.0101576199631688,-2.860131875599169,-2.724184051453618
2019_14_TEN_OAK,2019,14,2019-12-08T16:25-05:00,LV,TEN,False,-21.0,-0.891986556465695,-2.5978553499917294,-2.0384762593715235
2019_14_SEA_LA,2019,14,2019-12-08T20:20-05:00,LAR,SEA,False,16.0,-0.1459845183880022,1.5441640927952434,-0.382976185306597
2019_14_NYG_PHI,2019,14,2019-12-09T20:15-05:00,PHI,NYG,False,6.0,8.2496156050818,7.832738875450633,7.987105092370292
2019_15_NYJ_BAL,2019,15,2019-12-12T20:20-05:00,BAL,NYJ,False,21.0,15.425282731919712,15.665273582802804,15.173437128910015
2019_15_CHI_GB,2019,15,2019-12-15T13:00-05:00,GB,CHI,False,8.0,4.064247790432151,3.0421375569619418,4.266988066942158
2019_15_DEN_KC,2019,15,2019-12-15T13:00-05:00,KC,DEN,False,20.0,11.523705170212061,10.608221883956755,11.28326029347825
2019_15_HOU_TEN,2019,15,2019-12-15T13:00-05:00,TEN,HOU,False,-3.0,0.674998397365346,2.9309953173835557,1.2191481528819639
2019_15_MIA_NYG,2019,15,2019-12-15T13:00-05:00,NYG,MIA,False,16.0,3.1882866628764917,2.880622466931342,3.116182635964285
2019_15_NE_CIN,2019,15,2019-12-15T13:00-05:00,CIN,NE,False,-21.0,-10.051957407031166,-10.130425501461387,-10.654068001176212
2019_15_PHI_WAS,2019,15,2019-12-15T13:00-05:00,WAS,PHI,False,-10.0,-6.370159098315779,-4.737115413661037,-6.058485008198538
2019_15_SEA_CAR,2019,15,2019-12-15T13:00-05:00,CAR,SEA,False,-6.0,-6.864558656568894,-5.14342358464465,-7.2599826591159715
2019_15_TB_DET,2019,15,2019-12-15T13:00-05:00,DET,TB,False,-21.0,-0.9928174789843924,-0.8583294288864347,-0.7060080816618324
2019_15_CLE_ARI,2019,15,2019-12-15T16:05-05:00,ARI,CLE,False,14.0,-1.9550525550478088,-3.91569747123286,-1.8643213213528695
2019_15_JAX_OAK,2019,15,2019-12-15T16:05-05:00,LV,JAX,False,-4.0,4.5077432792687855,4.135117139986235,3.822473709229765
2019_15_MIN_LAC,2019,15,2019-12-15T16:05-05:00,LAC,MIN,False,-29.0,0.30645512285483,-0.051213750047098605,0.5313552753980659
2019_15_ATL_SF,2019,15,2019-12-15T16:25-05:00,SF,ATL,False,-7.0,5.26552243059191,6.609262515336734,5.345605661165118
2019_15_LA_DAL,2019,15,2019-12-15T16:25-05:00,DAL,LAR,False,23.0,1.4823331927658168,0.9373558150887389,1.216786452482029
2019_15_BUF_PIT,2019,15,2019-12-15T20:20-05:00,PIT,BUF,False,-7.0,2.695638107677751,-0.0875782738002302,2.202757691431793
2019_15_IND_NO,2019,15,2019-12-16T20:15-05:00,NO,IND,False,27.0,6.39248477171451,6.434065375729929,7.2863342771981525
2019_16_HOU_TB,2019,16,2019-12-21T13:00-05:00,TB,HOU,False,-3.0,-0.5402179949516733,0.9907889915532011,-0.6576110905498904
2019_16_BUF_NE,2019,16,2019-12-21T16:30-05:00,NE,BUF,False,7.0,8.04508274168181,6.909366486862766,8.88176568336468
2019_16_LA_SF,2019,16,2019-12-21T20:15-05:00,SF,LAR,False,3.0,3.1919293375781814,3.014050672389823,3.31592117382233
2019_16_BAL_CLE,2019,16,2019-12-22T13:00-05:00,CLE,BAL,False,-16.0,-9.543761022862448,-8.367572194549727,-9.367437626935752
2019_16_CAR_IND,2019,16,2019-12-22T13:00-05:00,IND,CAR,False,32.0,8.475864991047608,8.719799540003113,7.820387651770186
2019_16_CIN_MIA,2019,16,2019-12-22T13:00-05:00,MIA,CIN,False,3.0,2.0304063707113,2.466822528928029,2.1740880862574246
2019_16_JAX_ATL,2019,16,2019-12-22T13:00-05:00,ATL,JAX,False,12.0,10.307781668999848,9.816511443642543,10.395084481589437
2019_16_NO_TEN,2019,16,2019-12-22T13:00-05:00,TEN,NO,False,-10.0,-3.248780287704894,-1.8922180436213183,-3.4048409741763903
2019_16_NYG_WAS,2019,16,2019-12-22T13:00-05:00,WAS,NYG,False,-6.0,1.2295721405667848,1.1110607249338624,1.8925766007815412
2019_16_PIT_NYJ,2019,16,2019-12-22T13:00-05:00,NYJ,PIT,False,6.0,-2.6219806818883966,-1.8464631670044298,-2.9755370166513373
2019_16_DET_DEN,2019,16,2019-12-22T16:05-05:00,DEN,DET,False,10.0,6.347806924914346,5.418051875834137,7.141196417411384
2019_16_OAK_LAC,2019,16,2019-12-22T16:05-05:00,LAC,LV,False,-7.0,7.430198641137472,7.663975242232444,7.863938368338001
2019_16_ARI_SEA,2019,16,2019-12-22T16:25-05:00,SEA,ARI,False,-14.0,10.398041405373467,9.88706782578512,10.649976475106374
2019_16_DAL_PHI,2019,16,2019-12-22T16:25-05:00,PHI,DAL,False,8.0,-0.23189700212207387,-0.9611054193394043,0.07783561027388819
2019_16_KC_CHI,2019,16,2019-12-22T20:20-05:00,CHI,KC,False,-23.0,-6.408265928710919,-4.782917300767632,-7.021447992346684
2019_16_GB_MIN,2019,16,2019-12-23T20:15-05:00,MIN,GB,False,-13.0,5.249930095206717,6.242136591351989,4.797008561119257
2019_17_ATL_TB,2019,17,2019-12-29T13:00-05:00,TB,ATL,False,-6.0,-0.5986900237510808,0.463637951204948,-0.9955688561086852
2019_17_CHI_MIN,2019,17,2019-12-29T13:00-05:00,MIN,CHI,False,-2.0,4.58762551009098,5.356515601557194,4.491798584356134
2019_17_CLE_CIN,2019,17,2019-12-29T13:00-05:00,CIN,CLE,False,10.0,-2.4333354568838352,-3.3983251480273715,-2.2776250916459753
2019_17_GB_DET,2019,17,2019-12-29T13:00-05:00,DET,GB,False,-3.0,-8.731099033807874,-6.962326220326941,-9.169891353343052
2019_17_LAC_KC,2019,17,2019-12-29T13:00-05:00,KC,LAC,False,10.0,12.013113655412688,11.283723606748897,12.606253938306734
2019_17_MIA_NE,2019,17,2019-12-29T13:00-05:00,NE,MIA,False,-3.0,15.44536277783783,15.33973647157014,16.35780497334565
2019_17_NO_CAR,2019,17,2019-12-29T13:00-05:00,CAR,NO,False,-32.0,-11.489941861996378,-11.230618313001845,-11.99151846680153
2019_17_NYJ_BUF,2019,17,2019-12-29T13:00-05:00,BUF,NYJ,False,-7.0,7.115134755710344,8.1833843565385,8.447467479277199
2019_17_ARI_LA,2019,17,2019-12-29T16:25-05:00,LAR,ARI,False,7.0,7.952930104534213,8.947629972362252,7.814278951051815
2019_17_IND_JAX,2019,17,2019-12-29T16:25-05:00,JAX,IND,False,18.0,-5.448365181319107,-5.187384531672216,-4.974586607367679
2019_17_OAK_DEN,2019,17,2019-12-29T16:25-05:00,DEN,LV,False,1.0,4.1036871555424765,4.509190247908011,4.834815199853161
2019_17_PHI_NYG,2019,17,2019-12-29T16:25-05:00,NYG,PHI,False,-17.0,-5.69289592230834,-4.164464443469471,-6.351867667120695
2019_17_PIT_BAL,2019,17,2019-12-29T16:25-05:00,BAL,PIT,False,18.0,11.680920870221488,13.715982703435945,10.631680508718983
2019_17_TEN_HOU,2019,17,2019-12-29T16:25-05:00,HOU,TEN,False,-21.0,0.3536212630031139,0.18722038793126172,0.2328103367255807
2019_17_WAS_DAL,2019,17,2019-12-29T16:25-05:00,DAL,WAS,False,31.0,11.86297231580313,11.290682212998298,10.203170197479539
2019_17_SF_SEA,2019,17,2019-12-29T20:20-05:00,SEA,SF,False,-5.0,2.9212397981727527,1.143642205591845,2.725670154702902
2020_01_HOU_KC,2020,1,2020-09-10T20:20-04:00,KC,HOU,False,14.0,8.904400504283819,8.968442289974607,8.771814082192506
2020_01_CHI_DET,2020,1,2020-09-13T13:00-04:00,DET,CHI,False,-4.0,0.2969176447912103,-1.3430477578778546,0.5771569252542887
2020_01_CLE_BAL,2020,1,2020-09-13T13:00-04:00,BAL,CLE,False,32.0,10.02291880337365,7.947298704711658,9.583470314630272
2020_01_GB_MIN,2020,1,2020-09-13T13:00-04:00,MIN,GB,False,-9.0,1.2018922229573152,1.3892943962191238,2.0678017275501106
2020_01_IND_JAX,2020,1,2020-09-13T13:00-04:00,JAX,IND,False,7.0,-3.1613800472378606,-1.665658944160461,-3.235286760845566
2020_01_LV_CAR,2020,1,2020-09-13T13:00-04:00,CAR,LV,False,-4.0,-2.047047232320338,-3.1644344210491626,-1.2867774540877446
2020_01_MIA_NE,2020,1,2020-09-13T13:00-04:00,NE,MIA,False,10.0,8.086275609120651,7.655962029238917,7.114887694064485
2020_01_NYJ_BUF,2020,1,2020-09-13T13:00-04:00,BUF,NYJ,False,10.0,3.9924042112327505,4.359821694066838,4.192148324245194
2020_01_PHI_WAS,2020,1,2020-09-13T13:00-04:00,WAS,PHI,False,10.0,-5.759434698047044,-5.369327456766991,-6.207665800863739
2020_01_SEA_ATL,2020,1,2020-09-13T13:00-04:00,ATL,SEA,False,-13.0,0.9997543037454164,1.353037203627759,1.1822717854712164
2020_01_LAC_CIN,2020,1,2020-09-13T16:05-04:00,CIN,LAC,False,-3.0,-2.4706544831142607,-3.183790834638565,-1.4393577891578775
2020_01_ARI_SF,2020,1,2020-09-13T16:25-04:00,SF,ARI,False,-4.0,5.8621630088564185,6.463259882009966,6.298889235134807
2020_01_TB_NO,2020,1,2020-09-13T16:25-04:00,NO,TB,False,11.0,7.664191270322901,7.71284505564807,7.32838728638006
2020_01_DAL_LA,2020,1,2020-09-13T20:20-04:00,LAR,DAL,False,3.0,0.5674245313983755,0.763775013552391,0.44040106066827045
2020_01_PIT_NYG,2020,1,2020-09-14T19:15-04:00,NYG,PIT,False,-10.0,-0.6744027340792437,0.8737105323453114,-2.131164757111457
2020_01_TEN_DEN,2020,1,2020-09-14T22:10-04:00,DEN,TEN,False,-2.0,-1.7821396114950674,-2.8264609714826063,-1.638543456282911
2020_02_CIN_CLE,2020,2,2020-09-17T20:20-04:00,CLE,CIN,False,5.0,1.4706817813961743,2.943197393834499,1.9417599967483277
2020_02_ATL_DAL,2020,2,2020-09-20T13:00-04:00,DAL,ATL,False,1.0,5.128881139542555,5.7553396109239285,4.9844468969448155
2020_02_BUF_MIA,2020,2,2020-09-20T13:00-04:00,MIA,BUF,False,-3.0,-2.5633316284018717,-2.332131795312693,-2.4446277930151394
2020_02_CAR_TB,2020,2,2020-09-20T13:00-04:00,TB,CAR,False,14.0,4.615661144243905,5.7350651633607175,5.093964888058473
2020_02_DEN_PIT,2020,2,2020-09-20T13:00-04:00,PIT,DEN,False,5.0,3.1681818608093,2.1820921143627734,4.354066293753396
2020_02_DET_GB,2020,2,2020-09-20T13:00-04:00,GB,DET,False,21.0,5.6649758324909145,6.443912431939914,5.162002290177626
2020_02_JAX_TEN,2020,2,2020-09-20T13:00-04:00,TEN,JAX,False,3.0,7.615210732064553,8.239998215142457,6.931661010099705
2020_02_LA_PHI,2020,2,2020-09-20T13:00-04:00,PHI,LAR,False,-18.0,-1.3151819998427607,-1.707612040325704,-0.09659337422975689
2020_02_MIN_IND,2020,2,2020-09-20T13:00-04:00,IND,MIN,False,17.0,2.0060234377850117,1.0230046932149994,1.3978213385300895
2020_02_NYG_CHI,2020,2,2020-09-20T13:00-04:00,CHI,NYG,False,4.0,7.841284678743849,7.307663106445286,8.4263554446569
2020_02_SF_NYJ,2020,2,2020-09-20T13:00-04:00,NYJ,SF,False,-18.0,-2.7549606676191942,-2.536346086226181,-3.2902763165562794
2020_02_WAS_ARI,2020,2,2020-09-20T16:05-04:00,ARI,WAS,False,15.0,6.595786056151929,6.181109429005424,6.407563906025315
2020_02_BAL_HOU,2020,2,2020-09-20T16:25-04:00,HOU,BAL,False,-17.0,-5.113061105813821,-5.0866951299666034,-4.669567254345712
2020_02_KC_LAC,2020,2,2020-09-20T16:25-04:00,LAC,KC,False,-3.0,-8.23158605147556,-7.620350007637127,-9.38489418251762
2020_02_NE_SEA,2020,2,2020-09-20T20:20-04:00,SEA,NE,False,5.0,0.9064825512930921,0.1244461938677991,1.7653289928129614
2020_02_NO_LV,2020,2,2020-09-21T20:15-04:00,LV,NO,False,10.0,-3.047883032278522,-3.0613243540605697,-3.94939350106789
2020_03_MIA_JAX,2020,3,2020-09-24T20:20-04:00,JAX,MIA,False,-18.0,3.6403544582319234,3.010944839461956,3.6394219297576083
2020_03_CHI_ATL,2020,3,2020-09-27T13:00-04:00,ATL,CHI,False,-4.0,2.195875739455417,1.2919764126203557,1.9472773691957546
2020_03_CIN_PHI,2020,3,2020-09-27T13:00-04:00,PHI,CIN,False,0.0,2.6893570510858833,3.410347287568344,3.3183415439902464
2020_03_HOU_PIT,2020,3,2020-09-27T13:00-04:00,PIT,HOU,False,7.0,2.8808513815608956,2.992063507188518,3.4761811803737954
2020_03_LA_BUF,2020,3,2020-09-27T13:00-04:00,BUF,LAR,False,3.0,-1.4912810739255118,-1.559204016059374,-1.3705006583033517
2020_03_LV_NE,2020,3,2020-09-27T13:00-04:00,NE,LV,False,16.0,5.573831421174408,5.711048285483825,5.098139509490801
2020_03_SF_NYG,2020,3,2020-09-27T13:00-04:00,NYG,SF,False,-27.0,-4.094656522555318,-4.591388007500284,-5.016925057130046
2020_03_TEN_MIN,2020,3,2020-09-27T13:00-04:00,MIN,TEN,False,-1.0,-3.3075415729827378,-3.959321982877808,-1.9692036554170314
2020_03_WAS_CLE,2020,3,2020-09-27T13:00-04:00,CLE,WAS,False,14.0,5.104877198876558,5.8815157756841145,5.073013124446527
2020_03_CAR_LAC,2020,3,2020-09-27T16:05-04:00,LAC,CAR,False,-5.0,6.225050126048703,7.270858978648715,5.434322512185863
2020_03_NYJ_IND,2020,3,2020-09-27T16:05-04:00,IND,NYJ,False,29.0,6.332875944229753,5.198282542603577,6.881752704106017
2020_03_DAL_SEA,2020,3,2020-09-27T16:25-04:00,SEA,DAL,False,7.0,2.722300627993261,1.9566672769116717,2.967582502805127
2020_03_DET_ARI,2020,3,2020-09-27T16:25-04:00,ARI,DET,False,-3.0,4.396980737278537,5.305732557148521,4.017422401100311
2020_03_TB_DEN,2020,3,2020-09-27T16:25-04:00,DEN,TB,False,-18.0,1.2909605279455698,1.130201494260029,0.10401103684936575
2020_03_GB_NO,2020,3,2020-09-27T20:20-04:00,NO,GB,False,-7.0,1.9775042447232931,1.9891352397178368,2.3709785387855624
2020_03_KC_BAL,2020,3,2020-09-28T20:15-04:00,BAL,KC,False,-14.0,1.3903665055642849,1.3817539774460248,1.5479594588338526
2020_04_DEN_NYJ,2020,4,2020-10-01T20:20-04:00,NYJ,DEN,False,-9.0,1.2099683406426207,1.6186395091269254,0.33291596397367273
2020_04_ARI_CAR,2020,4,2020-10-04T13:00-04:00,CAR,ARI,False,10.0,-1.104632723107563,-2.108367761008232,-0.6106114104270084
2020_04_BAL_WAS,2020,4,2020-10-04T13:00-04:00,WAS,BAL,False,-14.0,-11.362672726625442,-10.227088311235757,-12.216555357802287
2020_04_CLE_DAL,2020,4,2020-10-04T13:00-04:00,DAL,CLE,False,-11.0,5.458840420643795,4.6595534880451295,5.1940909235633015
2020_04_JAX_CIN,2020,4,2020-10-04T13:00-04:00,CIN,JAX,False,8.0,3.026493351449052,1.6345954258963569,2.8077775011214148
2020_04_LAC_TB,2020,4,2020-10-04T13:00-04:00,TB,LAC,False,7.0,3.9637968015070753,3.8577149000665347,5.095334178202498
2020_04_MIN_HOU,2020,4,2020-10-04T13:00-04:00,HOU,MIN,False,-8.0,1.6364592278119718,0.8644287637115856,1.554700508468255
2020_04_NO_DET,2020,4,2020-10-04T13:00-04:00,DET,NO,False,-6.0,-3.5225378716275784,-4.084154836062032,-3.1179929446070433
2020_04_SEA_MIA,2020,4,2020-10-04T13:00-04:00,MIA,SEA,False,-8.0,-3.692382691934888,-2.130617627443233,-3.699595504493371
2020_04_NYG_LA,2020,4,2020-10-04T16:05-04:00,LAR,NYG,False,8.0,12.253459766651792,11.886695495930613,12.473556184093743
2020_04_BUF_LV,2020,4,2020-10-04T16:25-04:00,LV,BUF,False,-7.0,0.36528957980861293,-0.3558247444720174,0.0857138008776892
2020_04_IND_CHI,2020,4,2020-10-04T16:25-04:00,CHI,IND,False,-8.0,-2.5040291961766266,-0.5856635641544463,-1.8617328874183234
2020_04_PHI_SF,2020,4,2020-10-04T20:20-04:00,SF,PHI,False,-5.0,7.820045211387173,8.551749776913733,7.975959890247125
2020_04_NE_KC,2020,4,2020-10-05T19:05-04:00,KC,NE,False,16.0,9.481909065489122,7.006854123605558,10.430013357031996
2020_04_ATL_GB,2020,4,2020-10-05T21:00-04:00,GB,ATL,False,14.0,5.913930249747665,6.3187966240901945,5.680760005822389
2020_05_TB_CHI,2020,5,2020-10-08T20:20-04:00,CHI,TB,False,1.0,-0.9879590162880816,0.09081240970073398,-0.7356564661497433
2020_05_ARI_NYJ,2020,5,2020-10-11T13:00-04:00,NYJ,ARI,False,-20.0,-2.376385538463973,-2.642330973961201,-1.5904188241646642
2020_05_CAR_ATL,2020,5,2020-10-11T13:00-04:00,ATL,CAR,False,-7.0,4.142609098521692,4.322120080017058,4.036257723826153
2020_05_CIN_BAL,2020,5,2020-10-11T13:00-04:00,BAL,CIN,False,24.0,7.8339348997998455,9.288000196063388,8.270860093096388
2020_05_JAX_HOU,2020,5,2020-10-11T13:00-04:00,HOU,JAX,False,16.0,2.8757908970957917,1.8741870775888259,3.3460304940133714
2020_05_LA_WAS,2020,5,2020-10-11T13:00-04:00,WAS,LAR,False,-20.0,-8.900231777364386,-9.223378116337699,-8.59980474372177
2020_05_LV_KC,2020,5,2020-10-11T13:00-04:00,KC,LV,False,-8.0,12.645927705072737,12.38160936478593,13.386345607849792
2020_05_PHI_PIT,2020,5,2020-10-11T13:00-04:00,PIT,PHI,False,9.0,3.6545924431114365,2.6363243521722333,4.167750571920612
2020_05_MIA_SF,2020,5,2020-10-11T16:05-04:00,SF,MIA,False,-26.0,7.159867621783232,6.325407704216378,7.875948599621983
2020_05_IND_CLE,2020,5,2020-10-11T16:25-04:00,CLE,IND,False,9.0,-2.070143535120005,-0.28512858324549517,-2.051893843123977
2020_05_NYG_DAL,2020,5,2020-10-11T16:25-04:00,DAL,NYG,False,3.0,8.832627847521323,8.025400244908084,8.839311576459986
2020_05_MIN_SEA,2020,5,2020-10-11T20:20-04:00,SEA,MIN,False,1.0,7.255815233932962,6.158058528276495,6.3614861839430255
2020_05_LAC_NO,2020,5,2020-10-12T20:15-04:00,NO,LAC,False,3.0,6.850745784777252,6.948914198548898,7.480527231488043
2020_05_BUF_TEN,2020,5,2020-10-13T19:00-04:00,TEN,BUF,False,26.0,3.5856196998443886,3.558753262079602,3.4646228299071904
2020_06_ATL_MIN,2020,6,2020-10-18T13:00-04:00,MIN,ATL,False,-17.0,1.7593483580585596,2.541559367597228,2.4951762898856833
2020_06_BAL_PHI,2020,6,2020-10-18T13:00-04:00,PHI,BAL,False,-2.0,-6.653180743157059,-5.579483839834808,-6.333956857101428
2020_06_CHI_CAR,2020,6,2020-10-18T13:00-04:00,CAR,CHI,False,-7.0,2.208289063841267,0.22592902495320355,1.5858939228692785
2020_06_CIN_IND,2020,6,2020-10-18T13:00-04:00,IND,CIN,False,4.0,7.7024955259969525,8.088209732219246,7.681043439598402
2020_06_CLE_PIT,2020,6,2020-10-18T13:00-04:00,PIT,CLE,False,31.0,2.637062078341237,0.675746440088107,3.5579704043029645
2020_06_DEN_NE,2020,6,2020-10-18T13:00-04:00,NE,DEN,False,-6.0,9.083625613597235,8.256926711700851,7.767938718708313
2020_06_DET_JAX,2020,6,2020-10-18T13:00-04:00,JAX,DET,False,-18.0,-1.0535377418554948,-0.6260469021881063,-1.6538538975091197
2020_06_HOU_TEN,2020,6,2020-10-18T13:00-04:00,TEN,HOU,False,6.0,8.484106856495758,9.761550955584894,7.695289535792763
2020_06_WAS_NYG,2020,6,2020-10-18T13:00-04:00,NYG,WAS,False,1.0,3.970741706448903,4.9289560880917325,2.739355668783139
2020_06_NYJ_MIA,2020,6,2020-10-18T16:05-04:00,MIA,NYJ,False,24.0,7.896442761747595,8.723502149324272,7.409426680412084
2020_06_GB_TB,2020,6,2020-10-18T16:25-04:00,TB,GB,False,28.0,-2.2585605399889817,-2.1821032508570632,-1.5305688754688869
2020_06_LA_SF,2020,6,2020-10-18T20:20-04:00,SF,LAR,False,8.0,-1.6231362522237007,-2.466565653384139,-0.7281544327278586
2020_06_KC_BUF,2020,6,2020-10-19T17:00-04:00,BUF,KC,False,-9.0,-5.258747249772867,-4.555198421718657,-6.2695949954893715
2020_06_ARI_DAL,2020,6,2020-10-19T20:15-04:00,DAL,ARI,False,-28.0,0.46754800961683074,1.4106449918297066,0.19902336041892554
2020_07_NYG_PHI,2020,7,2020-10-22T20:20-04:00,PHI,NYG,False,1.0,4.866503221206814,4.400079656548734,6.124987306531979
2020_07_BUF_NYJ,2020,7,2020-10-25T13:00-04:00,NYJ,BUF,False,-8.0,-6.06421733866387,-6.235356409700463,-5.44233530233865
2020_07_CAR_NO,2020,7,2020-10-25T13:00-04:00,NO,CAR,False,3.0,7.818600201472183,8.256680219054394,7.997567156295506
2020_07_CLE_CIN,2020,7,2020-10-25T13:00-04:00,CIN,CLE,False,-3.0,1.1515059884321346,-0.9064654455993348,0.8260555887213883
2020_07_DAL_WAS,2020,7,2020-10-25T13:00-04:00,WAS,DAL,False,22.0,-2.5589364615191816,-3.5729007072534524,-1.2966254102775685
2020_07_DET_ATL,2020,7,2020-10-25T13:00-04:00,ATL,DET,False,-1.0,2.5457034023430145,2.6971191456043893,2.1872700585441742
2020_07_GB_HOU,2020,7,2020-10-25T13:00-04:00,HOU,GB,False,-15.0,-2.01244118549039,-2.702965549713663,-2.1631382658547604
2020_07_PIT_TEN,2020,7,2020-10-25T13:00-04:00,TEN,PIT,False,-3.0,4.598675067350356,5.572692642502123,3.125390811732723
2020_07_TB_LV,2020,7,2020-10-25T16:05-04:00,LV,TB,False,-25.0,-1.2756230828598891,-1.7019112308078017,-1.9654242433102986
2020_07_JAX_LAC,2020,7,2020-10-25T16:25-04:00,LAC,JAX,False,10.0,6.773041453881323,6.443696391602913,6.726680174939163
2020_07_KC_DEN,2020,7,2020-10-25T16:25-04:00,DEN,KC,False,-27.0,-10.767260869196628,-9.344278658854165,-10.148149195218162
2020_07_SF_NE,2020,7,2020-10-25T16:25-04:00,NE,SF,False,-27.0,1.072716492203903,1.192507229810245,0.508700428182429
2020_07_SEA_ARI,2020,7,2020-10-25T20:20-04:00,ARI,SEA,False,3.0,-0.5910489749662942,0.7422102699254888,-1.1722966789900588
2020_07_CHI_LA,2020,7,2020-10-26T20:15-04:00,LAR,CHI,False,14.0,7.077162367077985,6.12516297069967,6.438163450834058
2020_08_ATL_CAR,2020,8,2020-10-29T20:20-04:00,CAR,ATL,False,-8.0,-0.560735063865043,-0.811313341685445,-0.383726589503373
2020_08_IND_DET,2020,8,2020-11-01T13:00-05:00,DET,IND,False,-20.0,-0.45852019129467103,-0.40799439155292994,-0.18564743830663466
2020_08_LA_MIA,2020,8,2020-11-01T13:00-05:00,MIA,LAR,False,11.0,-4.472079103230778,-4.445727031381071,-4.56391098347869
2020_08_LV_CLE,2020,8,2020-11-01T13:00-05:00,CLE,LV,False,-10.0,2.5361174494374694,3.798013588216484,2.6459723893002765
2020_08_MIN_GB,2020,8,2020-11-01T13:00-05:00,GB,MIN,False,-6.0,7.94042997559951,7.739382182484805,7.476333344463008
2020_08_NE_BUF,2020,8,2020-11-01T13:00-05:00,BUF,NE,False,3.0,3.4842080123789847,3.591510587348732,2.9124046052662895
2020_08_NYJ_KC,2020,8,2020-11-01T13:00-05:00,KC,NYJ,False,26.0,19.246798846473638,18.488146357080474,19.895461136576046
2020_08_PIT_BAL,2020,8,2020-11-01T13:00-05:00,BAL,PIT,False,-4.0,5.286061731573395,5.216706888526931,5.441799640407124
2020_08_TEN_CIN,2020,8,2020-11-01T13:00-05:00,CIN,TEN,False,11.0,-5.639082945431798,-7.062289856419991,-5.275672877366701
2020_08_LAC_DEN,2020,8,2020-11-01T16:05-05:00,DEN,LAC,False,1.0,-4.430852793719498,-2.709503755022881,-3.1826507655071765
2020_08_NO_CHI,2020,8,2020-11-01T16:25-05:00,CHI,NO,False,-3.0,-3.9000902304832072,-2.4307791473584506,-3.5616311266027227
2020_08_SF_SEA,2020,8,2020-11-01T16:25-05:00,SEA,SF,False,10.0,1.8719231884270284,0.9856597513834682,1.423667130749985
2020_08_DAL_PHI,2020,8,2020-11-01T20:20-05:00,PHI,DAL,False,14.0,4.676645409145976,5.910530863300403,6.298992171608271
2020_08_TB_NYG,2020,8,2020-11-02T20:15-05:00,NYG,TB,False,-2.0,-7.80184684742158,-7.407173664707388,-8.272852940198892
2020_09_GB_SF,2020,9,2020-11-05T20:20-05:00,SF,GB,False,-17.0,0.12992842522334147,0.6802653561264089,0.6573532555844224
2020_09_BAL_IND,2020,9,2020-11-08T13:00-05:00,IND,BAL,False,-14.0,1.2496402086478333,1.3791008970152228,0.4016521733512213
2020_09_CAR_KC,2020,9,2020-11-08T13:00-05:00,KC,CAR,False,2.0,14.700328909180799,14.68558195907144,15.05265735477781
2020_09_CHI_TEN,2020,9,2020-11-08T13:00-05:00,TEN,CHI,False,7.0,8.982368912081592,7.678214807154296,7.71063107801368
2020_09_DEN_ATL,2020,9,2020-11-08T13:00-05:00,ATL,DEN,False,7.0,8.080696082890157,6.8342386010179,7.293436266104969
2020_09_DET_MIN,2020,9,2020-11-08T13:00-05:00,MIN,DET,False,14.0,2.714954751207409,3.510818014439214,2.646750683681655
2020_09_HOU_JAX,2020,9,2020-11-08T13:00-05:00,JAX,HOU,False,-2.0,-5.721926393790838,-5.266412541728118,-5.4807829961091254
2020_09_NYG_WAS,2020,9,2020-11-08T13:00-05:00,WAS,NYG,False,-3.0,1.3152613029065459,0.3240092940166631,2.3304182736056367
2020_09_SEA_BUF,2020,9,2020-11-08T13:00-05:00,BUF,SEA,False,10.0,-2.3150339683448626,-1.2362285749591322,-2.6316978258135633
2020_09_LV_LAC,2020,9,2020-11-08T16:05-05:00,LAC,LV,False,-5.0,2.1752630171421536,1.8170712732597272,1.9966480856049125
2020_09_MIA_ARI,2020,9,2020-11-08T16:25-05:00,ARI,MIA,False,-3.0,5.569884004151957,5.099464948130628,5.259352274226717
2020_09_PIT_DAL,2020,9,2020-11-08T16:25-05:00,DAL,PIT,False,-5.0,-7.3357609855754635,-7.7656799609676606,-8.12291934174763
2020_09_NO_TB,2020,9,2020-11-08T20:20-05:00,TB,NO,False,-35.0,2.2497143555262067,2.971633123933909,2.4495141187745766
2020_09_NE_NYJ,2020,9,2020-11-09T20:15-05:00,NYJ,NE,False,-3.0,-5.800183842877823,-5.852688148996384,-5.248252820654313
2020_10_IND_TEN,2020,10,2020-11-12T20:20-05:00,TEN,IND,False,-17.0,3.0268747378739786,3.5995998290886644,2.937659255335005
2020_10_HOU_CLE,2020,10,2020-11-15T13:00-05:00,CLE,HOU,False,3.0,1.2138372552553973,3.3152982565703026,1.2696514307706939
2020_10_JAX_GB,2020,10,2020-11-15T13:00-05:00,GB,JAX,False,4.0,13.580636750614847,13.966165233483082,13.254647569158868
2020_10_PHI_NYG,2020,10,2020-11-15T13:00-05:00,NYG,PHI,False,10.0,-0.6992318360116643,-0.042734326250003715,-1.6885130170907694
2020_10_TB_CAR,2020,10,2020-11-15T13:00-05:00,CAR,TB,False,-23.0,-1.4072593005154541,-2.174838387228083,-1.9582829900350278
2020_10_WAS_DET,2020,10,2020-11-15T13:00-05:00,DET,WAS,False,3.0,4.636682427160958,4.34304460442665,4.35213625933015
2020_10_BUF_ARI,2020,10,2020-11-15T16:05-05:00,ARI,BUF,False,2.0,2.9975150296867707,3.0552369464447477,2.1555706926528626
2020_10_DEN_LV,2020,10,2020-11-15T16:05-05:00,LV,DEN,False,25.0,7.017689941729626,5.8915224258844425,6.444475073325087
2020_10_LAC_MIA,2020,10,2020-11-15T16:05-05:00,MIA,LAC,False,8.0,2.456626732716607,3.349990782786338,2.631312725384359
2020_10_CIN_PIT,2020,10,2020-11-15T16:25-05:00,PIT,CIN,False,26.0,5.456568626133589,6.401095253457104,6.147356109520228
2020_10_SEA_LA,2020,10,2020-11-15T16:25-05:00,LAR,SEA,False,7.0,3.2648281991588437,4.097144857747881,3.137864317085928
2020_10_SF_NO,2020,10,2020-11-15T16:25-05:00,NO,SF,False,14.0,5.7856275893361575,5.4404558828717615,5.52050902794252
2020_10_BAL_NE,2020,10,2020-11-15T20:20-05:00,NE,BAL,False,6.0,-4.408109673585949,-3.9775309385502737,-5.553835741228163
2020_10_MIN_CHI,2020,10,2020-11-16T20:15-05:00,CHI,MIN,False,-6.0,-1.8979147619925434,-1.163652802145871,-1.5933511226980104
2020_11_ARI_SEA,2020,11,2020-11-19T20:20-05:00,SEA,ARI,False,7.0,1.213292048678621,-0.31803645391374635,1.9581705643923115
2020_11_ATL_NO,2020,11,2020-11-22T13:00-05:00,NO,ATL,False,15.0,1.3952606391490012,2.2946524641342996,0.5910272964393046
2020_11_CIN_WAS,2020,11,2020-11-22T13:00-05:00,WAS,CIN,False,11.0,-0.8411496308602606,0.030271688780878603,-0.4645800133878429
2020_11_DET_CAR,2020,11,2020-11-22T13:00-05:00,CAR,DET,False,20.0,-1.2195041111048255,-0.41240366422861263,-1.1039524483986745
2020_11_NE_HOU,2020,11,2020-11-22T13:00-05:00,HOU,NE,False,7.0,1.2051726136262246,-0.456736237438627,1.093376724622416
2020_11_PHI_CLE,2020,11,2020-11-22T13:00-05:00,CLE,PHI,False,5.0,2.9776810002253606,3.328220841939959,1.8957372280171616
2020_11_PIT_JAX,2020,11,2020-11-22T13:00-05:00,JAX,PIT,False,-24.0,-9.150514243003869,-8.88265743681033,-9.344161596580951
2020_11_TEN_BAL,2020,11,2020-11-22T13:00-05:00,BAL,TEN,False,-6.0,3.689766050757635,3.4960715702035743,4.665347336459189
2020_11_MIA_DEN,2020,11,2020-11-22T16:05-05:00,DEN,MIA,False,7.0,-6.612633966807648,-5.80026200593475,-6.117456114288281
2020_11_NYJ_LAC,2020,11,2020-11-22T16:05-05:00,LAC,NYJ,False,6.0,9.792856856562562,8.999519664644097,9.036841101163436
2020_11_DAL_MIN,2020,11,2020-11-22T16:25-05:00,MIN,DAL,False,-3.0,7.526155951536958,7.3119888185580075,7.3314650030011945
2020_11_GB_IND,2020,11,2020-11-22T16:25-05:00,IND,GB,False,3.0,1.0207765442766101,0.9579730896089034,1.147513604116935
2020_11_KC_LV,2020,11,2020-11-22T20:20-05:00,LV,KC,False,-4.0,-5.542049879533849,-5.015531985312894,-6.3658202731814715
2020_11_LA_TB,2020,11,2020-11-23T20:15-05:00,TB,LAR,False,-3.0,1.2146787324547939,1.875807493649634,1.6221384605958677
2020_12_HOU_DET,2020,12,2020-11-26T12:30-05:00,DET,HOU,False,-16.0,-1.992599575919187,-1.576215702835607,-1.1003832007391237
2020_12_WAS_DAL,2020,12,2020-11-26T16:30-05:00,DAL,WAS,False,-25.0,0.992789371068608,1.983717576308302,0.9596666419201028
2020_12_ARI_NE,2020,12,2020-11-29T13:00-05:00,NE,ARI,False,3.0,-0.29193548544511816,-0.3057473443419605,-0.305479780455465
2020_12_CAR_MIN,2020,12,2020-11-29T13:00-05:00,MIN,CAR,False,1.0,4.597369270680657,5.500384092749268,4.474951495980942
2020_12_CLE_JAX,2020,12,2020-11-29T13:00-05:00,JAX,CLE,False,-2.0,-4.129184019311364,-5.847970039305028,-3.9235698486501716
2020_12_LAC_BUF,2020,12,2020-11-29T13:00-05:00,BUF,LAC,False,10.0,2.3890337449630383,3.597497343758739,2.683006966378549
2020_12_LV_ATL,2020,12,2020-11-29T13:00-05:00,ATL,LV,False,37.0,-1.5093197700667078,-1.7035556884297658,-0.396340668899122
2020_12_MIA_NYJ,2020,12,2020-11-29T13:00-05:00,NYJ,MIA,False,-17.0,-5.895574184730783,-6.06952587104826,-7.101488325963196
2020_12_NYG_CIN,2020,12,2020-11-29T13:00-05:00,CIN,NYG,False,-2.0,-1.0698368559925262,-1.7974557579285317,-1.3458495291679633
2020_12_TEN_IND,2020,12,2020-11-29T13:00-05:00,IND,TEN,False,-19.0,1.7520581058979048,1.8437353099805416,1.3205660801932615
2020_12_NO_DEN,2020,12,2020-11-29T16:05-05:00,DEN,NO,False,-28.0,-5.693111489904264,-8.146294261553818,-6.018421249688759
2020_12_SF_LA,2020,12,2020-11-29T16:05-05:00,LAR,SF,False,-3.0,6.891821174153188,6.502691617087067,6.5816263536567785
2020_12_KC_TB,2020,12,2020-11-29T16:25-05:00,TB,KC,False,-3.0,-4.933880402974067,-3.896102319282015,-4.965780079132279
2020_12_CHI_GB,2020,12,2020-11-29T20:20-05:00,GB,CHI,False,16.0,7.23094779724296,6.833370381654054,6.729554790680455
2020_12_SEA_PHI,2020,12,2020-11-30T20:15-05:00,PHI,SEA,False,-6.0,-3.9249205077843037,-2.6581215981254553,-3.4374505406548077
2020_12_BAL_PIT,2020,12,2020-12-02T15:40-05:00,PIT,BAL,False,5.0,6.174428938117764,4.980322546238494,6.392072618787658
2020_13_CIN_MIA,2020,13,2020-12-06T13:00-05:00,MIA,CIN,False,12.0,8.933610082981208,7.555034277990488,9.448926515469697
2020_13_CLE_TEN,2020,13,2020-12-06T13:00-05:00,TEN,CLE,False,-6.0,7.680890662125071,7.0875130198077265,7.408476981710751
2020_13_DET_CHI,2020,13,2020-12-06T13:00-05:00,CHI,DET,False,-4.0,4.5102683591764,5.045716473737974,4.28450698250598
2020_13_IND_HOU,2020,13,2020-12-06T13:00-05:00,HOU,IND,False,-6.0,1.0634368374191707,0.1903124707097852,0.516264839252544
2020_13_JAX_MIN,2020,13,2020-12-06T13:00-05:00,MIN,JAX,False,3.0,9.36253798961332,10.0750454108721,8.944634886904087
2020_13_LV_NYJ,2020,13,2020-12-06T13:00-05:00,NYJ,LV,False,-3.0,-6.636515562183213,-5.806666653720266,-7.256153723635325
2020_13_NO_ATL,2020,13,2020-12-06T13:00-05:00,ATL,NO,False,-5.0,1.1211628970899103,-0.16833886131428466,1.399511246339653
2020_13_LA_ARI,2020,13,2020-12-06T16:05-05:00,ARI,LAR,False,-10.0,0.7513741421837941,1.1906772002204038,0.4333838406713669
2020_13_NYG_SEA,2020,13,2020-12-06T16:05-05:00,SEA,NYG,False,-5.0,8.083500705059777,6.120565175439736,8.662586559132006
2020_13_NE_LAC,2020,13,2020-12-06T16:25-05:00,LAC,NE,False,-45.0,3.1053816959511282,1.1105677653938972,3.0086076212140274
2020_13_PHI_GB,2020,13,2020-12-06T16:25-05:00,GB,PHI,False,14.0,10.760586488121014,10.021406289296149,9.347470030114655
2020_13_DEN_KC,2020,13,2020-12-06T20:20-05:00,KC,DEN,False,6.0,19.620429963697546,17.795800924561824,19.636505842705294
2020_13_WAS_PIT,2020,13,2020-12-07T17:00-05:00,PIT,WAS,False,-6.0,8.589733341676112,9.28361241943438,8.025139494117504
2020_13_BUF_SF,2020,13,2020-12-07T20:15-05:00,SF,BUF,True,-10.0,-1.40914517549413,-1.2587784630134506,-1.2870940681204868
2020_13_DAL_BAL,2020,13,2020-12-08T20:05-05:00,BAL,DAL,False,17.0,11.444904233844222,10.061921385380288,11.875489412465377
2020_14_NE_LA,2020,14,2020-12-10T20:20-05:00,LAR,NE,False,21.0,5.685215008085642,4.826653450513668,5.744808739489757
2020_14_ARI_NYG,2020,14,2020-12-13T13:00-05:00,NYG,ARI,False,-19.0,-1.5359425267007898,-0.7574516448112112,-1.5080030743516626
2020_14_DAL_CIN,2020,14,2020-12-13T13:00-05:00,CIN,DAL,False,-23.0,0.6634665721106141,0.951055195275311,0.5948182472170189
2020_14_DEN_CAR,2020,14,2020-12-13T13:00-05:00,CAR,DEN,False,-5.0,8.74371076846228,6.835652637404437,8.311182239224404
2020_14_HOU_CHI,2020,14,2020-12-13T13:00-05:00,CHI,HOU,False,29.0,-1.8395370514550424,-0.4592000798129494,-1.599321205706616
2020_14_KC_MIA,2020,14,2020-12-13T13:00-05:00,MIA,KC,False,-6.0,-6.3909215679923195,-5.954182637690357,-6.789759607622264
2020_14_MIN_TB,2020,14,2020-12-13T13:00-05:00,TB,MIN,False,12.0,4.352622998795485,5.140695571424023,4.858952538771936
2020_14_TEN_JAX,2020,14,2020-12-13T13:00-05:00,JAX,TEN,False,-21.0,-8.644633330116804,-9.256371949987205,-8.256081496872092
2020_14_IND_LV,2020,14,2020-12-13T16:05-05:00,LV,IND,False,-17.0,-1.4655123304723894,-1.647542359688012,-1.5817263320545718
2020_14_NYJ_SEA,2020,14,2020-12-13T16:05-05:00,SEA,NYJ,False,37.0,12.111360450474843,10.155256049560258,12.889025277023961
2020_14_ATL_LAC,2020,14,2020-12-13T16:25-05:00,LAC,ATL,False,3.0,-0.9654144452758445,-1.45968712354213,-1.7172085543596731
2020_14_GB_DET,2020,14,2020-12-13T16:25-05:00,DET,GB,False,-7.0,-8.677191363382482,-8.70832992558467,-8.525801203891465
2020_14_NO_PHI,2020,14,2020-12-13T16:25-05:00,PHI,NO,False,3.0,-5.895256839676426,-7.439776875139793,-4.4131108938894394
2020_14_WAS_SF,2020,14,2020-12-13T16:25-05:00,SF,WAS,True,-8.0,-0.19757772313499786,0.42756394991045066,-0.382357191354597
2020_14_PIT_BUF,2020,14,2020-12-13T20:20-05:00,BUF,PIT,False,11.0,-0.9802438199787581,-0.5919941859620708,-1.2065778319871316
2020_14_BAL_CLE,2020,14,2020-12-14T20:15-05:00,CLE,BAL,False,-5.0,-2.3012700395562757,-0.890415105215089,-3.2852490012112865
2020_15_LAC_LV,2020,15,2020-12-17T20:20-05:00,LV,LAC,False,-3.0,1.350254202653219,1.8933371489405635,1.4442539777412269
2020_15_BUF_DEN,2020,15,2020-12-19T16:30-05:00,DEN,BUF,False,-29.0,-8.317765015313231,-6.893150667229735,-7.845332951878263
2020_15_CAR_GB,2020,15,2020-12-19T20:15-05:00,GB,CAR,False,8.0,9.318709272352965,9.561466218183577,8.795286000068664
2020_15_CHI_MIN,2020,15,2020-12-20T13:00-05:00,MIN,CHI,False,-6.0,2.8887789946400066,2.5297565489642473,3.2169896685006085
2020_15_DET_TEN,2020,15,2020-12-20T13:00-05:00,TEN,DET,False,21.0,10.94143225159008,11.105757003829572,10.674009337464943
2020_15_HOU_IND,2020,15,2020-12-20T13:00-05:00,IND,HOU,False,7.0,6.69370765409721,8.350356505690389,6.606958330917379
2020_15_JAX_BAL,2020,15,2020-12-20T13:00-05:00,BAL,JAX,False,26.0,11.90434561734719,12.894889733068924,13.868040332830025
2020_15_NE_MIA,2020,15,2020-12-20T13:00-05:00,MIA,NE,False,10.0,2.9228954222811048,1.9033422629721408,2.061280691817225
2020_15_SEA_WAS,2020,15,2020-12-20T13:00-05:00,WAS,SEA,False,-5.0,-3.1219973667687366,-1.4324560021443289,-3.8217715724628345
2020_15_SF_DAL,2020,15,2020-12-20T13:00-05:00,DAL,SF,False,8.0,0.09100267281116628,0.2581108775534008,-0.03553171684815459
2020_15_TB_ATL,2020,15,2020-12-20T13:00-05:00,ATL,TB,False,-4.0,-0.8203020854697167,-1.8256627872837112,-0.7494610550237677
2020_15_NYJ_LA,2020,15,2020-12-20T16:05-05:00,LAR,NYJ,False,-3.0,16.544884735962913,16.222810741138247,17.043421608108257
2020_15_PHI_ARI,2020,15,2020-12-20T16:05-05:00,ARI,PHI,False,7.0,8.932073983710318,9.651406979668772,7.162838521502008
2020_15_KC_NO,2020,15,2020-12-20T16:25-05:00,NO,KC,False,-3.0,-1.4211109544929448,-0.5271469783484666,-0.2846263716815616
2020_15_CLE_NYG,2020,15,2020-12-20T20:20-05:00,NYG,CLE,False,-14.0,-4.184545367720529,-3.881218886707251,-2.924162090029337
2020_15_PIT_CIN,2020,15,2020-12-21T20:15-05:00,CIN,PIT,False,10.0,-11.329042171913013,-9.739446723032707,-12.52134369867999
2020_16_MIN_NO,2020,16,2020-12-25T16:30-05:00,NO,MIN,False,19.0,6.617676924467382,6.90619952196464,8.019964158882944
2020_16_TB_DET,2020,16,2020-12-26T13:00-05:00,DET,TB,False,-40.0,-6.197328056715143,-7.249384301759974,-7.230725900553873
2020_16_SF_ARI,2020,16,2020-12-26T16:30-05:00,ARI,SF,False,-8.0,5.808006227591518,5.963639598260631,6.069083890992404
2020_16_MIA_LV,2020,16,2020-12-26T20:15-05:00,LV,MIA,False,-1.0,-1.250787797861842,-1.1368010389768886,-1.7651229584498758
2020_16_ATL_KC,2020,16,2020-12-27T13:00-05:00,KC,ATL,False,3.0,9.597542821370046,8.906070405120708,10.204373141121852
2020_16_CHI_JAX,2020,16,2020-12-27T13:00-05:00,JAX,CHI,False,-24.0,-6.180958916112911,-6.287373767608036,-5.82420545641274
2020_16_CIN_HOU,2020,16,2020-12-27T13:00-05:00,HOU,CIN,False,-6.0,7.3340581328630945,5.331351232088639,7.370716090450513
2020_16_CLE_NYJ,2020,16,2020-12-27T13:00-05:00,NYJ,CLE,False,7.0,-7.738274974729823,-7.9427214392747345,-7.45340840049537
2020_16_IND_PIT,2020,16,2020-12-27T13:00-05:00,PIT,IND,False,4.0,-0.19990624793182232,-0.6943868980550185,-0.10621705629460343
2020_16_NYG_BAL,2020,16,2020-12-27T13:00-05:00,BAL,NYG,False,14.0,12.359493675452773,11.797936186667968,12.597358176210655
2020_16_CAR_WAS,2020,16,2020-12-27T16:05-05:00,WAS,CAR,False,-7.0,1.8958880997011618,2.9012697405245027,1.1610075259113457
2020_16_DEN_LAC,2020,16,2020-12-27T16:05-05:00,LAC,DEN,False,3.0,9.649756009866067,7.365813032648491,8.892183957260396
2020_16_LA_SEA,2020,16,2020-12-27T16:25-05:00,SEA,LAR,False,11.0,2.5512145957561767,1.0799490822702873,2.0613146838964767
2020_16_PHI_DAL,2020,16,2020-12-27T16:25-05:00,DAL,PHI,False,20.0,2.275964505164992,3.9623423581245985,0.9888343558983778
2020_16_TEN_GB,2020,16,2020-12-27T20:20-05:00,GB,TEN,False,26.0,1.0785132770494412,0.6267738103135556,1.6729337621515934
2020_16_BUF_NE,2020,16,2020-12-28T20:15-05:00,NE,BUF,False,-29.0,-4.138184480531553,-3.8695888789789388,-2.9676864229456332
2020_17_ATL_TB,2020,17,2021-01-03T13:00-05:00,TB,ATL,False,17.0,5.530244815500526,6.631885499501369,5.632983604776024
2020_17_BAL_CIN,2020,17,2021-01-03T13:00-05:00,CIN,BAL,False,-35.0,-8.890816448728586,-8.372219709843431,-8.997078685829388
2020_17_DAL_NYG,2020,17,2021-01-03T13:00-05:00,NYG,DAL,False,4.0,-0.8298199669847108,-1.1867678609885715,-0.6280123802764788
2020_17_MIA_BUF,2020,17,2021-01-03T13:00-05:00,BUF,MIA,False,30.0,6.705627287148956,7.137093200331318,6.265015519320478
2020_17_MIN_DET,2020,17,2021-01-03T13:00-05:00,DET,MIN,False,-2.0,-4.596283809921751,-5.0368999263748435,-5.04702073930064
2020_17_NYJ_NE,2020,17,2021-01-03T13:00-05:00,NE,NYJ,False,14.0,5.722874488239202,5.514024073104102,7.33742642819386
2020_17_PIT_CLE,2020,17,2021-01-03T13:00-05:00,CLE,PIT,False,2.0,1.4549199071592671,1.6859278399617836,2.115150642887858
2020_17_ARI_LA,2020,17,2021-01-03T16:25-05:00,LAR,ARI,False,11.0,4.3077560819340555,4.140189984437579,4.233455550722503
2020_17_GB_CHI,2020,17,2021-01-03T16:25-05:00,CHI,GB,False,-19.0,-4.383677139694635,-3.783775241491171,-4.698665416161259
2020_17_JAX_IND,2020,17,2021-01-03T16:25-05:00,IND,JAX,False,14.0,14.830084365677616,14.492255705277383,15.295121923057732
2020_17_LAC_KC,2020,17,2021-01-03T16:25-05:00,KC,LAC,False,-17.0,4.6690156053873695,6.817979552783545,4.377034917661897
2020_17_LV_DEN,2020,17,2021-01-03T16:25-05:00,DEN,LV,False,-1.0,-3.9922470979553486,-2.325569220382083,-3.5155196002125115
2020_17_NO_CAR,2020,17,2021-01-03T16:25-05:00,CAR,NO,False,-26.0,-4.740131448853104,-5.419603953695331,-5.704668791297656
2020_17_SEA_SF,2020,17,2021-01-03T16:25-05:00,SF,SEA,True,-3.0,-6.511899163657953,-5.027507984727174,-7.0420306307127625
2020_17_TEN_HOU,2020,17,2021-01-03T16:25-05:00,HOU,TEN,False,-3.0,-4.225110543252888,-5.604744585633096,-3.918102192308435
2020_17_WAS_PHI,2020,17,2021-01-03T20:20-05:00,PHI,WAS,False,-6.0,-1.2973785009920893,-1.2109124836590754,-0.3370839515782371
2021_01_DAL_TB,2021,1,2021-09-09T20:20-04:00,TB,DAL,False,2.0,7.45488955231583,8.323851787695233,6.877118488689305
2021_01_ARI_TEN,2021,1,2021-09-12T13:00-04:00,TEN,ARI,False,-25.0,3.5017755265823203,3.5558069201769023,3.0111049570536963
2021_01_JAX_HOU,2021,1,2021-09-12T13:00-04:00,HOU,JAX,False,16.0,4.019033761102821,6.845418388209149,4.3296858172719155
2021_01_LAC_WAS,2021,1,2021-09-12T13:00-04:00,WAS,LAC,False,-4.0,1.041244423852245,0.4757326179893837,1.4535048515547304
2021_01_MIN_CIN,2021,1,2021-09-12T13:00-04:00,CIN,MIN,False,3.0,-0.08504335818541264,-2.102358710301541,-0.21295304336438314
2021_01_NYJ_CAR,2021,1,2021-09-12T13:00-04:00,CAR,NYJ,False,5.0,3.12125410546259,5.323851026456561,3.0049689724416164
2021_01_PHI_ATL,2021,1,2021-09-12T13:00-04:00,ATL,PHI,False,-26.0,6.035825665323566,6.317677986219804,5.11430579482451
2021_01_PIT_BUF,2021,1,2021-09-12T13:00-04:00,BUF,PIT,False,-7.0,4.8100202308996725,5.069341015862104,5.027918181321947
2021_01_SEA_IND,2021,1,2021-09-12T13:00-04:00,IND,SEA,False,-12.0,1.0133267774815162,3.698423566971629,-0.519074952450971
2021_01_SF_DET,2021,1,2021-09-12T13:00-04:00,DET,SF,False,-8.0,-3.1697527147067914,-2.013449230791049,-2.290588723224871
2021_01_CLE_KC,2021,1,2021-09-12T16:25-04:00,KC,CLE,False,4.0,4.592927498707307,2.664899956302799,5.1696023083107825
2021_01_DEN_NYG,2021,1,2021-09-12T16:25-04:00,NYG,DEN,False,-14.0,1.6783156978027511,3.0289901480466046,2.220732113340333
2021_01_GB_NO,2021,1,2021-09-12T16:25-04:00,NO,GB,True,35.0,-2.993227406547188,-2.152506945785389,-3.5430691364105833
2021_01_MIA_NE,2021,1,2021-09-12T16:25-04:00,NE,MIA,False,-1.0,-1.4550021502537072,-1.7857729196197534,-0.3036594205165518
2021_01_CHI_LA,2021,1,2021-09-12T20:20-04:00,LAR,CHI,False,20.0,4.856490705709627,3.249970635736028,5.648697138035331
2021_01_BAL_LV,2021,1,2021-09-13T20:15-04:00,LV,BAL,False,6.0,-3.9424813902974476,-3.416194369956111,-4.594644251580306
2021_02_NYG_WAS,2021,2,2021-09-16T20:20-04:00,WAS,NYG,False,1.0,4.103536479845162,2.801390609150711,4.32192953144556
2021_02_BUF_MIA,2021,2,2021-09-19T13:00-04:00,MIA,BUF,False,-35.0,-1.8956312281393581,-1.4401455281058317,-1.9026567939098795
2021_02_CIN_CHI,2021,2,2021-09-19T13:00-04:00,CHI,CIN,False,3.0,2.3210178970968363,4.650832115243928,1.6080871497783984
2021_02_DEN_JAX,2021,2,2021-09-19T13:00-04:00,JAX,DEN,False,-10.0,-3.9840495793646964,-3.652075591103902,-3.409090495654711
2021_02_HOU_CLE,2021,2,2021-09-19T13:00-04:00,CLE,HOU,False,10.0,5.479453120183869,4.954762727463192,4.7470906002019895
2021_02_LA_IND,2021,2,2021-09-19T13:00-04:00,IND,LAR,False,-3.0,-2.7256712186461964,-0.7647779324541679,-3.996294347264852
2021_02_LV_PIT,2021,2,2021-09-19T13:00-04:00,PIT,LV,False,-9.0,4.462544353001577,4.261418010461058,4.358012835377808
2021_02_NE_NYJ,2021,2,2021-09-19T13:00-04:00,NYJ,NE,False,-19.0,-1.3780825460746016,-1.5484281356766165,-1.9646823610662394
2021_02_NO_CAR,2021,2,2021-09-19T13:00-04:00,CAR,NO,False,19.0,-7.895039488563106,-7.220800434912972,-7.212256585720562
2021_02_SF_PHI,2021,2,2021-09-19T13:00-04:00,PHI,SF,False,-6.0,-0.2702484529537743,0.049504606977345156,0.762530988689733
2021_02_ATL_TB,2021,2,2021-09-19T16:05-04:00,TB,ATL,False,23.0,7.003599552229794,7.529758481651213,6.820402725219209
2021_02_MIN_ARI,2021,2,2021-09-19T16:05-04:00,ARI,MIN,False,1.0,3.905753414899248,3.760375612787941,4.065421931034282
2021_02_DAL_LAC,2021,2,2021-09-19T16:25-04:00,LAC,DAL,False,-3.0,2.2568351247808973,2.134449937699483,1.5931752447688825
2021_02_TEN_SEA,2021,2,2021-09-19T16:25-04:00,SEA,TEN,False,-3.0,4.998551438303926,3.994077334628384,5.084326808000216
2021_02_KC_BAL,2021,2,2021-09-19T20:20-04:00,BAL,KC,False,1.0,-0.957889799197633,-0.07247712176175636,-0.6143192974763325
2021_02_DET_GB,2021,2,2021-09-20T20:15-04:00,GB,DET,False,18.0,11.364806417009962,10.038385197730499,10.638656858100962
2021_03_CAR_HOU,2021,3,2021-09-23T20:20-04:00,HOU,CAR,False,-15.0,-1.436041664756067,-0.9505850250262878,-0.9436824413212033
2021_03_ARI_JAX,2021,3,2021-09-26T13:00-04:00,JAX,ARI,False,-12.0,-7.483714110679706,-7.005400950420725,-7.436241477924785
2021_03_ATL_NYG,2021,3,2021-09-26T13:00-04:00,NYG,ATL,False,-3.0,0.3809772964308795,1.4068280730380123,0.6392881824660321
2021_03_BAL_DET,2021,3,2021-09-26T13:00-04:00,DET,BAL,False,-2.0,-4.048646232217179,-4.718259023368623,-4.088953955469776
2021_03_CHI_CLE,2021,3,2021-09-26T13:00-04:00,CLE,CHI,False,20.0,5.87011017887022,6.588290611524949,6.201267188184959
2021_03_CIN_PIT,2021,3,2021-09-26T13:00-04:00,PIT,CIN,False,-14.0,4.561200633220039,5.921619977558023,4.289773032731839
2021_03_IND_TEN,2021,3,2021-09-26T13:00-04:00,TEN,IND,False,9.0,1.5975595940487741,1.4910716766266106,2.5289622515419925
2021_03_LAC_KC,2021,3,2021-09-26T13:00-04:00,KC,LAC,False,-6.0,5.69936080736931,4.741338866467438,6.027542226722136
2021_03_NO_NE,2021,3,2021-09-26T13:00-04:00,NE,NO,False,-15.0,-2.187565425898955,-3.1751233732453277,-0.9933808316985979
2021_03_WAS_BUF,2021,3,2021-09-26T13:00-04:00,BUF,WAS,False,22.0,7.592295388554158,7.689976378078763,7.202427091095113
2021_03_MIA_LV,2021,3,2021-09-26T16:05-04:00,LV,MIA,False,3.0,4.059432303381156,4.071504347599658,4.024828340163376
2021_03_NYJ_DEN,2021,3,2021-09-26T16:05-04:00,DEN,NYJ,False,26.0,8.595290937156008,7.278691969646506,8.185274117690035
2021_03_SEA_MIN,2021,3,2021-09-26T16:25-04:00,MIN,SEA,False,13.0,-1.0847194066264865,-0.153900834783828,-1.4656431692421479
2021_03_TB_LA,2021,3,2021-09-26T16:25-04:00,LAR,TB,False,10.0,1.25187960994362,0.1600569743920067,0.8769903335486544
2021_03_GB_SF,2021,3,2021-09-26T20:20-04:00,SF,GB,False,-2.0,-2.2258851750418986,-2.3405908011982657,-2.690899702807366
2021_03_PHI_DAL,2021,3,2021-09-27T20:15-04:00,DAL,PHI,False,20.0,3.3099825809561505,3.7968945446592803,3.1507619393288224
2021_04_JAX_CIN,2021,4,2021-09-30T20:20-04:00,CIN,JAX,False,3.0,9.837371721620514,7.077971323329248,9.768485140030993
2021_04_CAR_DAL,2021,4,2021-10-03T13:00-04:00,DAL,CAR,False,8.0,2.5618665743672584,1.3581708432081188,3.2998758364015854
2021_04_CLE_MIN,2021,4,2021-10-03T13:00-04:00,MIN,CLE,False,-7.0,-0.6397448918718927,-0.9886151320694744,-1.1572515592517418
2021_04_DET_CHI,2021,4,2021-10-03T13:00-04:00,CHI,DET,False,10.0,2.683665135162965,2.0900980972400474,1.7260212501913956
2021_04_HOU_BUF,2021,4,2021-10-03T13:00-04:00,BUF,HOU,False,40.0,13.104145356832461,11.742737459702534,12.566525854830655
2021_04_IND_MIA,2021,4,2021-10-03T13:00-04:00,MIA,IND,False,-10.0,-1.221735813472078,-1.1319972330644539,-0.41728976445569077
2021_04_KC_PHI,2021,4,2021-10-03T13:00-04:00,PHI,KC,False,-12.0,-5.0003458860004,-3.919992034900876,-4.546889725288774
2021_04_NYG_NO,2021,4,2021-10-03T13:00-04:00,NO,NYG,False,-6.0,9.454994956122317,9.533283504018728,9.397785727887346
2021_04_TEN_NYJ,2021,4,2021-10-03T13:00-04:00,NYJ,TEN,False,3.0,-8.8196425087265,-7.899613210601216,-8.754094999363055
2021_04_WAS_ATL,2021,4,2021-10-03T13:00-04:00,ATL,WAS,False,-4.0,2.790183696056244,2.74735223502946,2.7053818766395916
2021_04_ARI_LA,2021,4,2021-10-03T16:05-04:00,LAR,ARI,False,-17.0,4.2171510079337935,3.443203072134815,4.089271231103252
2021_04_SEA_SF,2021,4,2021-10-03T16:05-04:00,SF,SEA,False,-7.0,0.5381952318667489,0.7051799780025754,0.10837015586152154
2021_04_BAL_DEN,2021,4,2021-10-03T16:25-04:00,DEN,BAL,False,-16.0,2.9892214810913886,1.2841437439867898,2.3197957338293627
2021_04_PIT_GB,2021,4,2021-10-03T16:25-04:00,GB,PIT,False,10.0,8.525733274014456,7.760125570436404,8.4065790769707
2021_04_TB_NE,2021,4,2021-10-03T20:20-04:00,NE,TB,False,-2.0,-5.061707413126954,-5.023662316737226,-4.840253024544181
2021_04_LV_LAC,2021,4,2021-10-04T20:15-04:00,LAC,LV,False,14.0,3.7450511363574046,3.1484937433219216,3.436857585342735
2021_05_LA_SEA,2021,5,2021-10-07T20:20-04:00,SEA,LAR,False,-9.0,-0.02909785779336982,-0.20270390255360193,0.6619077619376182
2021_05_NYJ_ATL,2021,5,2021-10-10T09:30-04:00,ATL,NYJ,True,7.0,6.64962834059696,5.422633549726191,6.422999717363702
2021_05_DEN_PIT,2021,5,2021-10-10T13:00-04:00,PIT,DEN,False,8.0,3.3785673513482917,1.999956577985205,3.4357669499866828
2021_05_DET_MIN,2021,5,2021-10-10T13:00-04:00,MIN,DET,False,2.0,8.14040318079255,7.862099619289959,7.440327589373715
2021_05_GB_CIN,2021,5,2021-10-10T13:00-04:00,CIN,GB,False,-3.0,-5.236333614378061,-5.701979669155688,-5.570894568536284
2021_05_MIA_TB,2021,5,2021-10-10T13:00-04:00,TB,MIA,False,28.0,9.986043279919116,9.942756684608229,10.223937199660018
2021_05_NE_HOU,2021,5,2021-10-10T13:00-04:00,HOU,NE,False,-3.0,-5.301617329676602,-3.4071165036553044,-5.674016289889415
2021_05_NO_WAS,2021,5,2021-10-10T13:00-04:00,WAS,NO,False,-11.0,-4.005996590077423,-4.755552765541217,-3.576266579667694
2021_05_PHI_CAR,2021,5,2021-10-10T13:00-04:00,CAR,PHI,False,-3.0,2.967897674060004,4.709170917170437,2.7556470253941625
2021_05_TEN_JAX,2021,5,2021-10-10T13:00-04:00,JAX,TEN,False,-18.0,-6.909925085678495,-5.665151614824406,-7.0255553523646395
2021_05_CHI_LV,2021,5,2021-10-10T16:05-04:00,LV,CHI,False,-11.0,3.9922225195403724,4.206219964540047,4.692470974495704
2021_05_CLE_LAC,2021,5,2021-10-10T16:05-04:00,LAC,CLE,False,5.0,1.4365112851137178,0.6606874761094549,0.9734982894547359
2021_05_NYG_DAL,2021,5,2021-10-10T16:25-04:00,DAL,NYG,False,24.0,4.918326999375836,4.305336197449957,5.764340759620869
2021_05_SF_ARI,2021,5,2021-10-10T16:25-04:00,ARI,SF,False,7.0,6.099452490141044,7.374552791002925,6.592242098981093
2021_05_BUF_KC,2021,5,2021-10-10T20:20-04:00,KC,BUF,False,-18.0,-1.308667444797057,-2.3992969706870757,-1.0940094165525398
2021_05_IND_BAL,2021,5,2021-10-11T20:15-04:00,BAL,IND,False,6.0,3.4312949139728315,2.5521099301245993,4.784783658179201
2021_06_TB_PHI,2021,6,2021-10-14T20:20-04:00,PHI,TB,False,-6.0,-6.363118560581698,-7.299594082185363,-6.424702078494324
2021_06_MIA_JAX,2021,6,2021-10-17T09:30-04:00,JAX,MIA,True,3.0,-4.199118627569445,-2.911171413854325,-4.149723950202684
2021_06_CIN_DET,2021,6,2021-10-17T13:00-04:00,DET,CIN,False,-23.0,-2.6859933503267053,-1.4728749791711806,-1.8941466850713802
2021_06_GB_CHI,2021,6,2021-10-17T13:00-04:00,CHI,GB,False,-10.0,-6.19366587477872,-5.8209165574980055,-6.89057126428556
2021_06_HOU_IND,2021,6,2021-10-17T13:00-04:00,IND,HOU,False,28.0,10.051290753095632,9.800683793989709,9.291391037977109
2021_06_KC_WAS,2021,6,2021-10-17T13:00-04:00,WAS,KC,False,-18.0,-4.098990916346514,-2.549991534765955,-4.044682850276598
2021_06_LAC_BAL,2021,6,2021-10-17T13:00-04:00,BAL,LAC,False,28.0,2.012980728074857,2.512174084371528,2.3063207853372183
2021_06_LA_NYG,2021,6,2021-10-17T13:00-04:00,NYG,LAR,False,-27.0,-5.887559122754549,-5.366779597993865,-6.290442526382772
2021_06_MIN_CAR,2021,6,2021-10-17T13:00-04:00,CAR,MIN,False,-6.0,-0.16258285777239712,1.2161589438431082,0.19678404611326972
2021_06_ARI_CLE,2021,6,2021-10-17T16:05-04:00,CLE,ARI,False,-23.0,-0.005319438562521817,0.0793035694825946,0.1545675817534724
2021_06_DAL_NE,2021,6,2021-10-17T16:25-04:00,NE,DAL,False,-6.0,-3.149687737737312,-2.8406964601629223,-3.1922389500794663
2021_06_LV_DEN,2021,6,2021-10-17T16:25-04:00,DEN,LV,False,-10.0,2.350468425898188,1.6341473165675062,2.210596530468792
2021_06_SEA_PIT,2021,6,2021-10-17T20:20-04:00,PIT,SEA,False,3.0,2.492285876106755,1.7185616512004818,1.70322427832058
2021_06_BUF_TEN,2021,6,2021-10-18T20:15-04:00,TEN,BUF,False,3.0,-6.398373219170873,-6.247813758243589,-5.707528540486246
2021_07_DEN_CLE,2021,7,2021-10-21T20:20-04:00,CLE,DEN,False,3.0,4.204352102333343,4.404747414090169,4.817332875859674
2021_07_ATL_MIA,2021,7,2021-10-24T13:00-04:00,MIA,ATL,False,-2.0,-1.0929726184985316,-1.6706652722259303,-0.550357527853147
2021_07_CAR_NYG,2021,7,2021-10-24T13:00-04:00,NYG,CAR,False,22.0,0.2943814975536101,-0.9582905652436152,-0.6934436728562154
2021_07_CIN_BAL,2021,7,2021-10-24T13:00-04:00,BAL,CIN,False,-24.0,5.084053391827837,5.95465930896859,5.587153001530082
2021_07_KC_TEN,2021,7,2021-10-24T13:00-04:00,TEN,KC,False,24.0,-0.13986000980746827,1.4936391983385773,-0.10973408565779297
2021_07_NYJ_NE,2021,7,2021-10-24T13:00-04:00,NE,NYJ,False,41.0,5.981722315404408,5.564670590306733,6.495600890159814
2021_07_WAS_GB,2021,7,2021-10-24T13:00-04:00,GB,WAS,False,14.0,11.228247166174718,10.579612671400232,11.807936900436701
2021_07_DET_LA,2021,7,2021-10-24T16:05-04:00,LAR,DET,False,9.0,14.303113778758032,13.840841563712871,13.670699325434692
2021_07_PHI_LV,2021,7,2021-10-24T16:05-04:00,LV,PHI,False,11.0,3.374068830837579,3.6392976041292373,3.335561655352179
2021_07_CHI_TB,2021,7,2021-10-24T16:25-04:00,TB,CHI,False,35.0,10.713206680918073,11.31430257232458,11.29266810455297
2021_07_HOU_ARI,2021,7,2021-10-24T16:25-04:00,ARI,HOU,False,26.0,16.40175190988309,15.553871133624384,16.780871496576832
2021_07_IND_SF,2021,7,2021-10-24T20:20-04:00,SF,IND,False,-12.0,-0.32586084434908813,-2.06287450919728,0.05064460595952891
2021_07_NO_SEA,2021,7,2021-10-25T20:15-04:00,SEA,NO,False,-3.0,-5.245684109366069,-4.565460806933583,-4.104677829935916
2021_08_GB_ARI,2021,8,2021-10-28T20:20-04:00,ARI,GB,False,-3.0,1.933412351687116,2.8779828247593366,1.7897848737989543
2021_08_CAR_ATL,2021,8,2021-10-31T13:00-04:00,ATL,CAR,False,-6.0,5.378150974867604,4.059945613741009,4.259156666488832
2021_08_CIN_NYJ,2021,8,2021-10-31T13:00-04:00,NYJ,CIN,False,3.0,-9.296892186822618,-9.458353095356465,-8.8131112772414
2021_08_LA_HOU,2021,8,2021-10-31T13:00-04:00,HOU,LAR,False,-16.0,-14.296612079809893,-12.388002440051569,-14.148231774791928
2021_08_MIA_BUF,2021,8,2021-10-31T13:00-04:00,BUF,MIA,False,15.0,14.789186482117895,14.882972161578088,15.098635778270276
2021_08_PHI_DET,2021,8,2021-10-31T13:00-04:00,DET,PHI,False,-38.0,-1.7882560008542026,-1.3286757673981784,-1.748726370127474
2021_08_PIT_CLE,2021,8,2021-10-31T13:00-04:00,CLE,PIT,False,-5.0,3.6642244116087683,3.401611395702359,3.743100183644622
2021_08_SF_CHI,2021,8,2021-10-31T13:00-04:00,CHI,SF,False,-11.0,-3.582460354157938,-1.9573605904969569,-3.5409698367775664
2021_08_TEN_IND,2021,8,2021-10-31T13:00-04:00,IND,TEN,False,-3.0,0.9769999173244991,1.3653364346600398,0.3480435388849612
2021_08_JAX_SEA,2021,8,2021-10-31T16:05-04:00,SEA,JAX,False,24.0,7.362047938970583,7.049645923169372,7.97795451198868
2021_08_NE_LAC,2021,8,2021-10-31T16:05-04:00,LAC,NE,False,-3.0,4.325108987105037,2.990369350331375,4.084057027871069
2021_08_TB_NO,2021,8,2021-10-31T16:25-04:00,NO,TB,False,9.0,-2.1261748936394937,-1.9804218684576413,-2.496575220373979
2021_08_WAS_DEN,2021,8,2021-10-31T16:25-04:00,DEN,WAS,False,7.0,4.148466558985804,3.1112994262238036,4.203618910522578
2021_08_DAL_MIN,2021,8,2021-10-31T20:20-04:00,MIN,DAL,False,-4.0,3.4589902446795824,2.2434766664306527,3.460593957395022
2021_08_NYG_KC,2021,8,2021-11-01T20:15-04:00,KC,NYG,False,3.0,7.1022433763588895,5.505615604287922,8.000060650193168
2021_09_NYJ_IND,2021,9,2021-11-04T20:20-04:00,IND,NYJ,False,15.0,12.757530223045105,13.874617988468707,11.90981418694605
2021_09_ATL_NO,2021,9,2021-11-07T13:00-05:00,NO,ATL,False,-2.0,5.085286856367623,6.278997298453053,5.313082376196535
2021_09_BUF_JAX,2021,9,2021-11-07T13:00-05:00,JAX,BUF,False,3.0,-15.282289835856208,-14.358911422023667,-15.234722779695602
2021_09_CLE_CIN,2021,9,2021-11-07T13:00-05:00,CIN,CLE,False,-25.0,2.0430492074694957,1.4365233765112824,1.6368143338200305
2021_09_DEN_DAL,2021,9,2021-11-07T13:00-05:00,DAL,DEN,False,-14.0,6.0626590148471555,6.634580612391381,6.2005265711914
2021_09_HOU_MIA,2021,9,2021-11-07T13:00-05:00,MIA,HOU,False,8.0,3.5356202207556455,5.2931723250091185,2.2851761948183023
2021_09_LV_NYG,2021,9,2021-11-07T13:00-05:00,NYG,LV,False,7.0,-1.4875432727447095,-1.5001325396783916,-2.1100899353081637
2021_09_MIN_BAL,2021,9,2021-11-07T13:00-05:00,BAL,MIN,False,3.0,3.0514382505468682,3.333859870977395,4.15554481334052
2021_09_NE_CAR,2021,9,2021-11-07T13:00-05:00,CAR,NE,False,-18.0,-1.1671991678499472,-1.011106453410044,-1.1979119196228045
2021_09_LAC_PHI,2021,9,2021-11-07T16:05-05:00,PHI,LAC,False,-3.0,0.07143673419296359,0.37730653114325796,0.0766809176305604
2021_09_ARI_SF,2021,9,2021-11-07T16:25-05:00,SF,ARI,False,-14.0,-0.8876081044850463,-3.0963743099652214,-1.0990722008131861
2021_09_GB_KC,2021,9,2021-11-07T16:25-05:00,KC,GB,False,6.0,2.387441231510771,-0.9419005193690303,2.5424839270338255
2021_09_TEN_LA,2021,9,2021-11-07T20:20-05:00,LAR,TEN,False,-12.0,2.9696376539509095,2.9945204910581444,2.4868385491922425
2021_09_CHI_PIT,2021,9,2021-11-08T20:15-05:00,PIT,CHI,False,2.0,8.571727658247337,7.93685679002781,8.946055994650509
2021_10_BAL_MIA,2021,10,2021-11-11T20:20-05:00,MIA,BAL,False,12.0,-5.017056747143967,-4.789298701955773,-6.400369635584022
2021_10_ATL_DAL,2021,10,2021-11-14T13:00-05:00,DAL,ATL,False,40.0,3.083590751939733,3.1213672222877222,3.871981823911436
2021_10_BUF_NYJ,2021,10,2021-11-14T13:00-05:00,NYJ,BUF,False,-28.0,-13.701622265916537,-13.90195262132085,-13.725260365710067
2021_10_CLE_NE,2021,10,2021-11-14T13:00-05:00,NE,CLE,False,38.0,-0.16273587302755432,0.4418590674432239,-0.323463572104686
2021_10_DET_PIT,2021,10,2021-11-14T13:00-05:00,PIT,DET,False,0.0,6.499914005926458,6.854193061111605,5.697768621316441
2021_10_JAX_IND,2021,10,2021-11-14T13:00-05:00,IND,JAX,False,6.0,12.773737806249452,12.659596694109581,12.203825240386998
2021_10_NO_TEN,2021,10,2021-11-14T13:00-05:00,TEN,NO,False,2.0,3.231864916891001,3.347595690328456,3.742110744390758
2021_10_TB_WAS,2021,10,2021-11-14T13:00-05:00,WAS,TB,False,10.0,-9.715552010955983,-9.36078639871224,-9.924764040969247
2021_10_CAR_ARI,2021,10,2021-11-14T16:05-05:00,ARI,CAR,False,-24.0,10.644840558279476,11.859381481845668,10.638997519448411
2021_10_MIN_LAC,2021,10,2021-11-14T16:05-05:00,LAC,MIN,False,-7.0,1.6623452071973925,1.4795770652853453,1.9210194862935743
2021_10_PHI_DEN,2021,10,2021-11-14T16:25-05:00,DEN,PHI,False,-17.0,1.3425221478519482,1.0105292197719704,1.6890321680267644
2021_10_SEA_GB,2021,10,2021-11-14T16:25-05:00,GB,SEA,False,17.0,6.039220402431164,5.58383643101028,5.301825737390297
2021_10_KC_LV,2021,10,2021-11-14T20:20-05:00,LV,KC,False,-27.0,-1.8509123520942945,-0.2674101216516202,-2.127871245625284
2021_10_LA_SF,2021,10,2021-11-15T20:15-05:00,SF,LAR,False,21.0,-4.909937268005491,-4.613780980547184,-5.085673986369524
2021_11_NE_ATL,2021,11,2021-11-18T20:20-05:00,ATL,NE,False,-25.0,-2.6916818454047684,-4.395997485452385,-3.312502470768828
2021_11_BAL_CHI,2021,11,2021-11-21T13:00-05:00,CHI,BAL,False,-3.0,-1.5581425645448128,-1.6494921265574054,-2.6629989062507113
2021_11_DET_CLE,2021,11,2021-11-21T13:00-05:00,CLE,DET,False,3.0,10.444521828730837,11.442686770130159,10.891345600245323
2021_11_GB_MIN,2021,11,2021-11-21T13:00-05:00,MIN,GB,False,3.0,-2.9519530774476883,-2.98932818215865,-3.3764593446452844
2021_11_HOU_TEN,2021,11,2021-11-21T13:00-05:00,TEN,HOU,False,-9.0,12.822392187677766,14.314996425888936,12.834465537521261
2021_11_IND_BUF,2021,11,2021-11-21T13:00-05:00,BUF,IND,False,-26.0,6.255388057621735,5.534571555545882,7.060932227486744
2021_11_MIA_NYJ,2021,11,2021-11-21T13:00-05:00,NYJ,MIA,False,-7.0,-4.457292032641759,-4.747532971170365,-5.135491695980526
2021_11_NO_PHI,2021,11,2021-11-21T13:00-05:00,PHI,NO,False,11.0,-0.07660163218233507,-0.7644781983832938,0.22565751185566296
2021_11_SF_JAX,2021,11,2021-11-21T13:00-05:00,JAX,SF,False,-20.0,-5.966154331653442,-4.712455150203853,-5.873148473023965
2021_11_WAS_CAR,2021,11,2021-11-21T13:00-05:00,CAR,WAS,False,-6.0,5.391942003703089,3.567195999899873,4.8209011731859
2021_11_CIN_LV,2021,11,2021-11-21T16:05-05:00,LV,CIN,False,-19.0,0.6999304976446817,1.178992740612146,0.39293116286290575
2021_11_ARI_SEA,2021,11,2021-11-21T16:25-05:00,SEA,ARI,False,-10.0,1.000623765303326,-1.478143760361837,1.529835772854144
2021_11_DAL_KC,2021,11,2021-11-21T16:25-05:00,KC,DAL,False,10.0,2.6250073517892756,1.4914277476764528,2.5194299381569683
2021_11_PIT_LAC,2021,11,2021-11-21T20:20-05:00,LAC,PIT,False,4.0,3.4400375500431752,2.818966084802018,3.237103519059162
2021_11_NYG_TB,2021,11,2021-11-22T20:15-05:00,TB,NYG,False,20.0,9.263577906005064,8.967659972726533,9.648574720832535
2021_12_CHI_DET,2021,12,2021-11-25T12:30-05:00,DET,CHI,False,-2.0,-0.18714917416716437,-0.8019588718002677,-0.7451654779745001
2021_12_LV_DAL,2021,12,2021-11-25T16:30-05:00,DAL,LV,False,-3.0,6.839227101477055,6.922346764852517,7.3547353658616785
2021_12_BUF_NO,2021,12,2021-11-25T20:20-05:00,NO,BUF,False,-25.0,-4.811757576540147,-3.5038166689066648,-5.024826007693768
2021_12_ATL_JAX,2021,12,2021-11-28T13:00-05:00,JAX,ATL,False,-7.0,-2.6225019386706463,-0.645115619351925,-2.513496019088255
2021_12_CAR_MIA,2021,12,2021-11-28T13:00-05:00,MIA,CAR,False,23.0,-1.233270227616279,-0.11067472917197996,-0.9193270113908523
2021_12_NYJ_HOU,2021,12,2021-11-28T13:00-05:00,HOU,NYJ,False,-7.0,6.960855486089782,4.98859812265965,8.398901951051727
2021_12_PHI_NYG,2021,12,2021-11-28T13:00-05:00,NYG,PHI,False,6.0,-2.583138282050164,-2.521266897388095,-3.2892059778741776
2021_12_PIT_CIN,2021,12,2021-11-28T13:00-05:00,CIN,PIT,False,31.0,2.704088259312941,1.9806389182466762,2.680665664534179
2021_12_TB_IND,2021,12,2021-11-28T13:00-05:00,IND,TB,False,-7.0,0.04664425790654514,0.8339388602753178,-0.8274492299710744
2021_12_TEN_NE,2021,12,2021-11-28T13:00-05:00,NE,TEN,False,23.0,2.297052096128448,3.10501800241435,2.77259820846043
2021_12_LAC_DEN,2021,12,2021-11-28T16:05-05:00,DEN,LAC,False,15.0,-0.8852516941663671,-1.0662886643821579,-0.45916451043408313
2021_12_LA_GB,2021,12,2021-11-28T16:25-05:00,GB,LAR,False,8.0,0.8444667008353781,3.494483182371603,0.4904597323450379
2021_12_MIN_SF,2021,12,2021-11-28T16:25-05:00,SF,MIN,False,8.0,1.6592854050302999,1.5100541808548322,1.8798118408166267
2021_12_CLE_BAL,2021,12,2021-11-28T20:20-05:00,BAL,CLE,False,6.0,1.569601802185179,1.3143171183596758,1.809129936919728
2021_12_SEA_WAS,2021,12,2021-11-29T20:15-05:00,WAS,SEA,False,2.0,-0.828470346880628,0.5255934720770223,-1.28669390528726
2021_13_DAL_NO,2021,13,2021-12-02T20:20-05:00,NO,DAL,False,-10.0,-1.6527442958725382,-1.709207724324504,-2.2966004917585248
2021_13_ARI_CHI,2021,13,2021-12-05T13:00-05:00,CHI,ARI,False,-11.0,-6.088502590210071,-6.844557714633991,-5.772673314774398
2021_13_IND_HOU,2021,13,2021-12-05T13:00-05:00,HOU,IND,False,-31.0,-8.475538132803493,-9.82400825953738,-7.634469238649913
2021_13_LAC_CIN,2021,13,2021-12-05T13:00-05:00,CIN,LAC,False,-19.0,2.9580877846593503,3.1039448179467897,3.3495262848172964
2021_13_MIN_DET,2021,13,2021-12-05T13:00-05:00,DET,MIN,False,2.0,-4.498067966235835,-4.796399181589022,-3.9194033910933035
2021_13_NYG_MIA,2021,13,2021-12-05T13:00-05:00,MIA,NYG,False,11.0,4.623555662047178,3.5496976075023983,4.339665905955547
2021_13_PHI_NYJ,2021,13,2021-12-05T13:00-05:00,NYJ,PHI,False,-15.0,-7.931976848353781,-6.521117368955999,-9.058151600741581
2021_13_TB_ATL,2021,13,2021-12-05T13:00-05:00,ATL,TB,False,-13.0,-8.061863260219088,-9.184996655887366,-8.686891210643081
2021_13_JAX_LA,2021,13,2021-12-05T16:05-05:00,LAR,JAX,False,30.0,12.019050409523306,10.457222176943661,12.318948042419589
2021_13_WAS_LV,2021,13,2021-12-05T16:05-05:00,LV,WAS,False,-2.0,1.5090315867228128,1.0487911769866076,1.5699484966101207
2021_13_BAL_PIT,2021,13,2021-12-05T16:25-05:00,PIT,BAL,False,1.0,-0.9204257387722908,-0.4348924838289825,-1.2460090664406045
2021_13_SF_SEA,2021,13,2021-12-05T16:25-05:00,SEA,SF,False,7.0,-0.42635595571416696,-1.209783196973171,0.031155671057534917
2021_13_DEN_KC,2021,13,2021-12-05T20:20-05:00,KC,DEN,False,13.0,7.390059660639957,6.9096342211174875,7.625487275983199
2021_13_NE_BUF,2021,13,2021-12-06T20:15-05:00,BUF,NE,False,-4.0,3.6720475542179365,2.7256357464296657,3.324270485432936
2021_14_PIT_MIN,2021,14,2021-12-09T20:20-05:00,MIN,PIT,False,8.0,4.408104319902691,3.8807112652686406,4.011139023371742
2021_14_ATL_CAR,2021,14,2021-12-12T13:00-05:00,CAR,ATL,False,-8.0,3.149717362507955,3.3206608889725744,3.325878897676857
2021_14_BAL_CLE,2021,14,2021-12-12T13:00-05:00,CLE,BAL,False,2.0,2.380510486772571,2.2025700704114595,2.198840963991146
2021_14_DAL_WAS,2021,14,2021-12-12T13:00-05:00,WAS,DAL,False,-7.0,-1.952480341698569,-1.2768834701558889,-2.3975992389365515
2021_14_JAX_TEN,2021,14,2021-12-12T13:00-05:00,TEN,JAX,False,20.0,12.458552074594973,11.940276496105497,12.79008730281344
2021_14_LV_KC,2021,14,2021-12-12T13:00-05:00,KC,LV,False,39.0,9.455233994714753,8.248974714671325,9.689680464035952
2021_14_NO_NYJ,2021,14,2021-12-12T13:00-05:00,NYJ,NO,False,-21.0,-5.127807989859113,-3.2515139843861767,-6.081028133699103
2021_14_SEA_HOU,2021,14,2021-12-12T13:00-05:00,HOU,SEA,False,-20.0,-8.536500467294974,-7.190543400945902,-8.8393943557743
2021_14_DET_DEN,2021,14,2021-12-12T16:05-05:00,DEN,DET,False,28.0,6.760228446502954,6.076691345542202,6.418343259684137
2021_14_NYG_LAC,2021,14,2021-12-12T16:05-05:00,LAC,NYG,False,16.0,7.088364993126614,5.992287125761144,7.000145865599494
2021_14_BUF_TB,2021,14,2021-12-12T16:25-05:00,TB,BUF,False,6.0,1.9233328229959945,2.107440512014103,1.8218331663853486
2021_14_SF_CIN,2021,14,2021-12-12T16:25-05:00,CIN,SF,False,-3.0,-0.610786198738217,-0.9085798990447196,-0.11971214999094582
2021_14_CHI_GB,2021,14,2021-12-12T20:20-05:00,GB,CHI,False,15.0,14.025855207239207,12.8799830828148,14.87928720081068
2021_14_LA_ARI,2021,14,2021-12-13T20:15-05:00,ARI,LAR,False,-7.0,2.2703011124371377,3.4628569744236235,2.8301102920944077
2021_15_KC_LAC,2021,15,2021-12-16T20:20-05:00,LAC,KC,False,-6.0,-3.3513963902013413,-2.8039602444618428,-3.7881685811179735
2021_15_NE_IND,2021,15,2021-12-18T20:20-05:00,IND,NE,False,10.0,1.8398274004685349,1.441527504072531,0.8894664074822396
2021_15_ARI_DET,2021,15,2021-12-19T13:00-05:00,DET,ARI,False,18.0,-8.915097555540218,-9.609540375253708,-9.372971017169228
2021_15_CAR_BUF,2021,15,2021-12-19T13:00-05:00,BUF,CAR,False,17.0,10.495613034999693,11.506012450621009,11.243620168960167
2021_15_DAL_NYG,2021,15,2021-12-19T13:00-05:00,NYG,DAL,False,-15.0,-5.617902630076667,-4.080872505587693,-6.158805067872882
2021_15_HOU_JAX,2021,15,2021-12-19T13:00-05:00,JAX,HOU,False,-14.0,2.0099393526226184,2.2388560620895013,1.8838274241575115
2021_15_NYJ_MIA,2021,15,2021-12-19T13:00-05:00,MIA,NYJ,False,7.0,11.963829489601956,10.912894992077902,12.983294844443687
2021_15_TEN_PIT,2021,15,2021-12-19T13:00-05:00,PIT,TEN,False,6.0,-3.609621931889636,-3.147348243674264,-3.2041290730740983
2021_15_ATL_SF,2021,15,2021-12-19T16:05-05:00,SF,ATL,False,18.0,5.009322125497803,5.970629781163001,5.636590382298111
2021_15_CIN_DEN,2021,15,2021-12-19T16:05-05:00,DEN,CIN,False,-5.0,4.4917416851846745,3.4898340002318013,3.6587091154041635
2021_15_GB_BAL,2021,15,2021-12-19T16:25-05:00,BAL,GB,False,-1.0,-5.685697042811698,-6.297014708253154,-4.518355992686656
2021_15_NO_TB,2021,15,2021-12-19T20:20-05:00,TB,NO,False,-9.0,10.4259587471069,11.236088899187013,10.883085261025235
2021_15_LV_CLE,2021,15,2021-12-20T17:00-05:00,CLE,LV,False,-2.0,2.9218674978144126,4.434324837654576,3.3167987365642504
2021_15_MIN_CHI,2021,15,2021-12-20T20:15-05:00,CHI,MIN,False,-8.0,-6.773396343289552,-5.0343433709407925,-7.469240877433528
2021_15_SEA_LA,2021,15,2021-12-21T19:00-05:00,LAR,SEA,False,10.0,5.28714810174856,5.43718937617099,5.279988254819674
2021_15_WAS_PHI,2021,15,2021-12-21T19:00-05:00,PHI,WAS,False,10.0,5.632225385890119,6.495788886456154,5.634008593429705
2021_16_SF_TEN,2021,16,2021-12-23T20:20-05:00,TEN,SF,False,3.0,0.9763141495166296,0.7615882894169497,1.1512398017344414
2021_16_CLE_GB,2021,16,2021-12-25T16:30-05:00,GB,CLE,False,2.0,4.382308438554222,7.238004639304505,4.355033327819068
2021_16_IND_ARI,2021,16,2021-12-25T20:15-05:00,ARI,IND,False,-6.0,-0.7672443730241952,-1.4533440490620881,0.031525243409294745
2021_16_BAL_CIN,2021,16,2021-12-26T13:00-05:00,CIN,BAL,False,20.0,2.5026667772915294,1.8302585033645853,2.1711732120821035
2021_16_BUF_NE,2021,16,2021-12-26T13:00-05:00,NE,BUF,False,-12.0,0.22923282431877512,0.753967042367339,-0.19840590901960603
2021_16_DET_ATL,2021,16,2021-12-26T13:00-05:00,ATL,DET,False,4.0,6.868604909885624,5.078949832856709,6.839314664632758
2021_16_JAX_NYJ,2021,16,2021-12-26T13:00-05:00,NYJ,JAX,False,5.0,1.2711785196294414,1.8063792402095395,0.8781302026540232
2021_16_LAC_HOU,2021,16,2021-12-26T13:00-05:00,HOU,LAC,False,12.0,-9.510092443354445,-8.462226304441415,-9.661036372593026
2021_16_LA_MIN,2021,16,2021-12-26T13:00-05:00,MIN,LAR,False,-7.0,-2.746733983363285,-2.782549940992162,-3.1867411485121537
2021_16_NYG_PHI,2021,16,2021-12-26T13:00-05:00,PHI,NYG,False,24.0,5.993635527146721,8.820168490212314,6.799456420495404
2021_16_TB_CAR,2021,16,2021-12-26T13:00-05:00,CAR,TB,False,-26.0,-8.959727204824828,-8.305019467751558,-9.777350338388592
2021_16_CHI_SEA,2021,16,2021-12-26T16:05-05:00,SEA,CHI,False,-1.0,9.112954630672386,7.780027936386896,8.793640469532164
2021_16_DEN_LV,2021,16,2021-12-26T16:25-05:00,LV,DEN,False,4.0,1.1269847789844787,-1.3213209883641317,0.6958051659319646
2021_16_PIT_KC,2021,16,2021-12-26T16:25-05:00,KC,PIT,False,26.0,10.818878111245306,9.598092375372465,10.563250817767093
2021_16_WAS_DAL,2021,16,2021-12-26T20:20-05:00,DAL,WAS,False,42.0,7.8713046628996794,7.25964893186888,8.188509466864257
2021_16_MIA_NO,2021,16,2021-12-27T20:15-05:00,NO,MIA,False,-17.0,1.0976683810878387,0.4987417875761775,1.259783977730023
2021_17_ATL_BUF,2021,17,2022-01-02T13:00-05:00,BUF,ATL,False,14.0,12.018642548769153,13.140917924354163,12.426695433348986
2021_17_JAX_NE,2021,17,2022-01-02T13:00-05:00,NE,JAX,False,40.0,14.917795849254412,15.191767294911571,15.500397306079103
2021_17_KC_CIN,2021,17,2022-01-02T13:00-05:00,CIN,KC,False,3.0,-5.226864962330571,-4.796337068445274,-5.290930504647375
2021_17_LA_BAL,2021,17,2022-01-02T13:00-05:00,BAL,LAR,False,-1.0,-7.675881544572647,-5.919616764323564,-7.698923910547981
2021_17_LV_IND,2021,17,2022-01-02T13:00-05:00,IND,LV,False,-3.0,9.973396976908072,11.471653406282918,9.921136409222592
2021_17_MIA_TEN,2021,17,2022-01-02T13:00-05:00,TEN,MIA,False,31.0,3.580477748423932,3.443503554163848,3.887470684548415
2021_17_NYG_CHI,2021,17,2022-01-02T13:00-05:00,CHI,NYG,False,26.0,3.740744326715653,2.94596435715102,4.315824738189286
2021_17_PHI_WAS,2021,17,2022-01-02T13:00-05:00,WAS,PHI,False,-4.0,-5.8486736538347035,-5.84891620773939,-5.5053003550224195
2021_17_TB_NYJ,2021,17,2022-01-02T13:00-05:00,NYJ,TB,False,-4.0,-12.018584795741182,-13.000871592341033,-12.590369964999272
2021_17_DEN_LAC,2021,17,2022-01-02T16:05-05:00,LAC,DEN,False,21.0,5.037651426603807,2.623565383028139,4.523838432052912
2021_17_HOU_SF,2021,17,2022-01-02T16:05-05:00,SF,HOU,False,16.0,8.988558891636604,9.35670620514662,9.338554144462229
2021_17_ARI_DAL,2021,17,2022-01-02T16:25-05:00,DAL,ARI,False,-3.0,3.0002859845901795,3.199584809247831,3.4091869311483487
2021_17_CAR_NO,2021,17,2022-01-02T16:25-05:00,NO,CAR,False,8.0,4.722214481342613,3.3734840628851526,5.718446261449452
2021_17_DET_SEA,2021,17,2022-01-02T16:25-05:00,SEA,DET,False,22.0,9.881703051737539,7.981423956724728,10.11627078999393
2021_17_MIN_GB,2021,17,2022-01-02T20:20-05:00,GB,MIN,False,27.0,9.789929167927838,9.183043304481266,9.851789601661993
2021_17_CLE_PIT,2021,17,2022-01-03T20:15-05:00,PIT,CLE,False,12.0,-1.7702815341962483,-1.4319467842989617,-1.5169148097308451
2021_18_KC_DEN,2021,18,2022-01-08T16:30-05:00,DEN,KC,False,-4.0,-10.326099088339333,-8.352553223321236,-10.471587452087912
2021_18_DAL_PHI,2021,18,2022-01-08T20:15-05:00,PHI,DAL,False,-25.0,0.23980500118288717,0.22823489930451546,-0.37329755748698035
2021_18_CHI_MIN,2021,18,2022-01-09T13:00-05:00,MIN,CHI,False,14.0,4.175530792692352,3.438304395526166,3.8355532227627362
2021_18_CIN_CLE,2021,18,2022-01-09T13:00-05:00,CLE,CIN,False,5.0,0.8638519138807917,-1.7571814249499447,0.965407127278813
2021_18_GB_DET,2021,18,2022-01-09T13:00-05:00,DET,GB,False,7.0,-12.600368162278286,-12.564753995761896,-12.916502164125122
2021_18_IND_JAX,2021,18,2022-01-09T13:00-05:00,JAX,IND,False,15.0,-14.797469185607035,-15.064860035245642,-15.004895786591575
2021_18_PIT_BAL,2021,18,2022-01-09T13:00-05:00,BAL,PIT,False,-3.0,0.28208444244295805,1.2698443268859174,0.043560071203269546
2021_18_TEN_HOU,2021,18,2022-01-09T13:00-05:00,HOU,TEN,False,-3.0,-9.563217719991005,-9.162934143045096,-10.225257647685808
2021_18_WAS_NYG,2021,18,2022-01-09T13:00-05:00,NYG,WAS,False,-15.0,-0.47549851112982383,-3.4864667946790138,-1.184403268590632
2021_18_CAR_TB,2021,18,2022-01-09T16:25-05:00,TB,CAR,False,24.0,15.069364228671844,14.52372109015848,14.91690301655894
2021_18_NE_MIA,2021,18,2022-01-09T16:25-05:00,MIA,NE,False,9.0,-5.839807237494336,-6.686917770514508,-5.398665158466945
2021_18_NO_ATL,2021,18,2022-01-09T16:25-05:00,ATL,NO,False,-10.0,1.5399152762161832,1.3805772525807831,0.9562297114295149
2021_18_NYJ_BUF,2021,18,2022-01-09T16:25-05:00,BUF,NYJ,False,17.0,17.903045393765865,17.27255519226228,19.005917696483056
2021_18_SEA_ARI,2021,18,2022-01-09T16:25-05:00,ARI,SEA,False,-8.0,2.966692018542154,3.5539102880990905,3.030220155328289
2021_18_SF_LA,2021,18,2022-01-09T16:25-05:00,LAR,SF,False,-3.0,5.999333075278185,4.5131849963436395,6.357447972462352
2021_18_LAC_LV,2021,18,2022-01-09T20:20-05:00,LV,LAC,False,3.0,-2.7606554213947465,-2.520168224088046,-2.53100328573425
2022_01_BUF_LA,2022,1,2022-09-08T20:20-04:00,LAR,BUF,False,-21.0,-1.3533485609404612,-1.8899419100085888,-1.040845320780086
2022_01_BAL_NYJ,2022,1,2022-09-11T13:00-04:00,NYJ,BAL,False,-15.0,-4.632464790529905,-3.498365533634283,-3.459435399192823
2022_01_CLE_CAR,2022,1,2022-09-11T13:00-04:00,CAR,CLE,False,-2.0,0.30698663451876707,-1.722486236792525,0.39766772068442524
2022_01_IND_HOU,2022,1,2022-09-11T13:00-04:00,HOU,IND,False,0.0,-5.673389457491647,-4.837718663046059,-5.899626757820941
2022_01_JAX_WAS,2022,1,2022-09-11T13:00-04:00,WAS,JAX,False,6.0,6.105369851252805,4.975201266011336,7.031903572030758
2022_01_NE_MIA,2022,1,2022-09-11T13:00-04:00,MIA,NE,False,13.0,-0.5419439159172095,-1.0937571921111071,-0.14351234383135392
2022_01_NO_ATL,2022,1,2022-09-11T13:00-04:00,ATL,NO,False,-1.0,-2.145930885014816,-2.402773335019042,-2.5267619626874174
2022_01_PHI_DET,2022,1,2022-09-11T13:00-04:00,DET,PHI,False,-3.0,-0.6312762049776061,-1.005683398363087,-1.0445009073511173
2022_01_PIT_CIN,2022,1,2022-09-11T13:00-04:00,CIN,PIT,False,-3.0,4.711779570301884,4.468262395190712,5.86315039057762
2022_01_SF_CHI,2022,1,2022-09-11T13:00-04:00,CHI,SF,False,9.0,-3.8743994157394015,-3.332908708727401,-3.8757688916446904
2022_01_GB_MIN,2022,1,2022-09-11T16:25-04:00,MIN,GB,False,16.0,-3.708909470440399,-2.6681096679115974,-3.5507610490991657
2022_01_KC_ARI,2022,1,2022-09-11T16:25-04:00,ARI,KC,False,-23.0,-3.504305604743323,-3.399184675267178,-3.7183196547585116
2022_01_LV_LAC,2022,1,2022-09-11T16:25-04:00,LAC,LV,False,5.0,4.005952802915619,3.5926071601752714,3.5810658349136624
2022_01_NYG_TEN,2022,1,2022-09-11T16:25-04:00,TEN,NYG,False,-1.0,7.381179803751996,9.468173842730256,7.259891486335782
2022_01_TB_DAL,2022,1,2022-09-11T20:20-04:00,DAL,TB,False,-16.0,-0.15802033913665792,0.38627655200972466,-0.1431496003014397
2022_01_DEN_SEA,2022,1,2022-09-12T20:15-04:00,SEA,DEN,False,1.0,0.9225772003398789,2.7601222294492436,1.3663946312541502
2022_02_LAC_KC,2022,2,2022-09-15T20:15-04:00,KC,LAC,False,3.0,6.4208718823736906,6.639294448522526,7.107073658946643
2022_02_CAR_NYG,2022,2,2022-09-18T13:00-04:00,NYG,CAR,False,3.0,0.8977419373102599,0.5201271068579176,0.5176330539167411
2022_02_IND_JAX,2022,2,2022-09-18T13:00-04:00,JAX,IND,False,24.0,-6.4816020537508,-5.294683267631415,-6.671569845770428
2022_02_MIA_BAL,2022,2,2022-09-18T13:00-04:00,BAL,MIA,False,-4.0,1.7653089640634836,1.4248771213378757,1.6046880507381545
2022_02_NE_PIT,2022,2,2022-09-18T13:00-04:00,PIT,NE,False,-3.0,0.7720440240653768,-0.09935070492602027,0.7317217128817652
2022_02_NYJ_CLE,2022,2,2022-09-18T13:00-04:00,CLE,NYJ,False,-1.0,6.626338459272761,6.965489408840521,6.260515753692389
2022_02_TB_NO,2022,2,2022-09-18T13:00-04:00,NO,TB,False,-10.0,-4.707316501821711,-4.283549140938902,-4.39396606869378
2022_02_WAS_DET,2022,2,2022-09-18T13:00-04:00,DET,WAS,False,9.0,0.6352317289379714,1.0078166741485066,-0.18636521464592493
2022_02_ATL_LA,2022,2,2022-09-18T16:05-04:00,LAR,ATL,False,4.0,5.975311631285537,6.223373448832497,6.283910644346381
2022_02_SEA_SF,2022,2,2022-09-18T16:05-04:00,SF,SEA,False,20.0,0.6150957168317408,1.306006741136426,0.8696519674202934
2022_02_ARI_LV,2022,2,2022-09-18T16:25-04:00,LV,ARI,False,-6.0,0.5664749160659197,1.1169465239387704,0.7189432444030649
2022_02_CIN_DAL,2022,2,2022-09-18T16:25-04:00,DAL,CIN,False,3.0,0.4164615603542505,1.8349006459167347,-0.47585128090556245
2022_02_HOU_DEN,2022,2,2022-09-18T16:25-04:00,DEN,HOU,False,7.0,7.443127013876124,5.483867679009209,6.6362032369206965
2022_02_CHI_GB,2022,2,2022-09-18T20:20-04:00,GB,CHI,False,17.0,8.941347639322926,6.2776793030780285,9.287767165505839
2022_02_TEN_BUF,2022,2,2022-09-19T19:15-04:00,BUF,TEN,False,34.0,7.727251021112587,8.087187837157622,7.734422468354946
2022_02_MIN_PHI,2022,2,2022-09-19T20:30-04:00,PHI,MIN,False,17.0,0.26004777477846375,1.3947995184447128,-0.05468178268339763
2022_03_PIT_CLE,2022,3,2022-09-22T20:15-04:00,CLE,PIT,False,12.0,0.5309068269663141,1.4552937585148156,0.9445336289773093
2022_03_BAL_NE,2022,3,2022-09-25T13:00-04:00,NE,BAL,False,-11.0,2.269859002621374,3.0788959250052175,2.008450889969781
2022_03_BUF_MIA,2022,3,2022-09-25T13:00-04:00,MIA,BUF,False,2.0,-6.223456123716964,-6.4712384484493946,-6.016619040298571
2022_03_CIN_NYJ,2022,3,2022-09-25T13:00-04:00,NYJ,CIN,False,-15.0,-4.884651653039096,-3.7731290909204995,-5.139766258432073
2022_03_DET_MIN,2022,3,2022-09-25T13:00-04:00,MIN,DET,False,4.0,4.384859257457767,3.4692343194876685,4.734665626150921
2022_03_HOU_CHI,2022,3,2022-09-25T13:00-04:00,CHI,HOU,False,3.0,1.5976803122313443,2.0565089493816755,1.5946876167363555
2022_03_KC_IND,2022,3,2022-09-25T13:00-04:00,IND,KC,False,3.0,-4.935297635378139,-4.7436477249194215,-4.760621070410536
2022_03_LV_TEN,2022,3,2022-09-25T13:00-04:00,TEN,LV,False,2.0,3.3670321485131054,3.0065205405666435,3.060518522858036
2022_03_NO_CAR,2022,3,2022-09-25T13:00-04:00,CAR,NO,False,8.0,0.5621885181429209,-1.4541484517400762,0.4161610175396553
2022_03_PHI_WAS,2022,3,2022-09-25T13:00-04:00,WAS,PHI,False,-16.0,-2.3203725137718316,-2.8896143821321894,-1.872939457683348
2022_03_JAX_LAC,2022,3,2022-09-25T16:05-04:00,LAC,JAX,False,-28.0,4.4216012066429276,4.371375124235723,3.97820023998282
2022_03_ATL_SEA,2022,3,2022-09-25T16:25-04:00,SEA,ATL,False,-4.0,3.7694430564858097,3.562683185256679,3.2684193226591014
2022_03_GB_TB,2022,3,2022-09-25T16:25-04:00,TB,GB,False,-2.0,3.523808183331447,4.755620807005479,3.525022156591321
2022_03_LA_ARI,2022,3,2022-09-25T16:25-04:00,ARI,LAR,False,-8.0,-1.3905054351065451,-1.269615965536004,-1.5759371439886505
2022_03_SF_DEN,2022,3,2022-09-25T20:20-04:00,DEN,SF,False,1.0,-1.5908999594146844,-2.487882612782243,-2.1443120081739
2022_03_DAL_NYG,2022,3,2022-09-26T20:15-04:00,NYG,DAL,False,-7.0,-2.964949737053362,-4.496249136231652,-2.550360528397572
2022_04_MIA_CIN,2022,4,2022-09-29T20:15-04:00,CIN,MIA,False,12.0,4.454193228002318,2.952975633105786,5.089004273160805
2022_04_MIN_NO,2022,4,2022-10-02T09:30-04:00,NO,MIN,True,-3.0,-3.495476496097107,-1.9846563994611848,-2.9971304127775245
2022_04_BUF_BAL,2022,4,2022-10-02T13:00-04:00,BAL,BUF,False,-3.0,-5.0132657036233645,-5.269670016909683,-4.7114848350708405
2022_04_CHI_NYG,2022,4,2022-10-02T13:00-04:00,NYG,CHI,False,8.0,2.6452406598632474,0.4319551267518829,2.7609825692851877
2022_04_CLE_ATL,2022,4,2022-10-02T13:00-04:00,ATL,CLE,False,3.0,-0.1788429951815927,-1.0735940290043775,-0.18848768404544858
2022_04_JAX_PHI,2022,4,2022-10-02T13:00-04:00,PHI,JAX,False,8.0,5.608681594245523,5.477255279588638,6.183295806656691
2022_04_LAC_HOU,2022,4,2022-10-02T13:00-04:00,HOU,LAC,False,-10.0,-3.9248597801545717,-2.4661336828387026,-3.4556394414390015
2022_04_NYJ_PIT,2022,4,2022-10-02T13:00-04:00,PIT,NYJ,False,-4.0,6.745534870080192,6.664348301098972,6.639808271609121
2022_04_SEA_DET,2022,4,2022-10-02T13:00-04:00,DET,SEA,False,-3.0,0.38602747688975986,1.2542609928269326,0.36703010453956586
2022_04_TEN_IND,2022,4,2022-10-02T13:00-04:00,IND,TEN,False,-7.0,1.880433654951129,1.9511448857802247,2.8495767108011583
2022_04_WAS_DAL,2022,4,2022-10-02T13:00-04:00,DAL,WAS,False,15.0,6.266125001874549,6.385785899955561,5.424683120381559
2022_04_ARI_CAR,2022,4,2022-10-02T16:05-04:00,CAR,ARI,False,-10.0,-0.75608131504955,-1.4191713412602467,-0.010508149563681624
2022_04_DEN_LV,2022,4,2022-10-02T16:25-04:00,LV,DEN,False,9.0,-0.482445017225428,0.9075331735583558,-0.25445970212215596
2022_04_NE_GB,2022,4,2022-10-02T16:25-04:00,GB,NE,False,3.0,7.272482713128165,5.167939856483346,7.977023343991673
2022_04_KC_TB,2022,4,2022-10-02T20:20-04:00,TB,KC,False,-10.0,0.33454621722863875,0.5949909652646359,0.7146553529832419
2022_04_LA_SF,2022,4,2022-10-03T20:15-04:00,SF,LAR,False,15.0,1.0494119023192598,0.9808717581200225,1.0712162352577699
2022_05_IND_DEN,2022,5,2022-10-06T20:15-04:00,DEN,IND,False,-3.0,1.3056293089632147,0.3827875450765982,0.7558227753588609
2022_05_NYG_GB,2022,5,2022-10-09T09:30-04:00,GB,NYG,True,-5.0,7.812552896615729,6.957342461190915,7.615270371304858
2022_05_ATL_TB,2022,5,2022-10-09T13:00-04:00,TB,ATL,False,6.0,8.238427567391206,7.475637506141889,8.203738821859877
2022_05_CHI_MIN,2022,5,2022-10-09T13:00-04:00,MIN,CHI,False,7.0,8.363773072140933,6.647320091496596,7.924596021161123
2022_05_DET_NE,2022,5,2022-10-09T13:00-04:00,NE,DET,False,29.0,1.830058554482978,1.4385233534968487,1.9642244602627814
2022_05_HOU_JAX,2022,5,2022-10-09T13:00-04:00,JAX,HOU,False,-7.0,4.817109803273299,4.8766153179554435,4.526074138741329
2022_05_LAC_CLE,2022,5,2022-10-09T13:00-04:00,CLE,LAC,False,-2.0,0.024805778169655568,1.455343479399705,0.5193091760403394
2022_05_MIA_NYJ,2022,5,2022-10-09T13:00-04:00,NYJ,MIA,False,23.0,-5.029882428602727,-4.099540397316727,-5.191751151523544
2022_05_PIT_BUF,2022,5,2022-10-09T13:00-04:00,BUF,PIT,False,35.0,13.884452762337364,14.319665013290543,14.110756895142377
2022_05_SEA_NO,2022,5,2022-10-09T13:00-04:00,NO,SEA,False,7.0,-1.5162697398157072,-0.004122754421504116,-0.7607654736542464
2022_05_TEN_WAS,2022,5,2022-10-09T13:00-04:00,WAS,TEN,False,-4.0,-3.0562328475751315,-2.9779516918220477,-2.4435578757778784
2022_05_SF_CAR,2022,5,2022-10-09T16:05-04:00,CAR,SF,False,-22.0,-6.1232172580774265,-6.929690699343552,-5.654524857346198
2022_05_DAL_LA,2022,5,2022-10-09T16:25-04:00,LAR,DAL,False,-12.0,1.5269067544980461,0.927859275410706,2.0264991516039514
2022_05_PHI_ARI,2022,5,2022-10-09T16:25-04:00,ARI,PHI,False,-3.0,-0.6796140620588532,-1.621688088776846,-1.0277441140224184
2022_05_CIN_BAL,2022,5,2022-10-09T20:20-04:00,BAL,CIN,False,2.0,-0.04394849131841094,0.4621635551428299,-0.28281942210156097
2022_05_LV_KC,2022,5,2022-10-10T20:15-04:00,KC,LV,False,1.0,9.823243003273046,8.958749005317337,10.058196058100325
2022_06_WAS_CHI,2022,6,2022-10-13T20:15-04:00,CHI,WAS,False,-5.0,0.26854235950524696,1.4504926628021644,0.1811800208359604
2022_06_BAL_NYG,2022,6,2022-10-16T13:00-04:00,NYG,BAL,False,4.0,-2.6255154029695618,-2.9121812523172497,-2.516138681179882
2022_06_CIN_NO,2022,6,2022-10-16T13:00-04:00,NO,CIN,False,-4.0,-3.3602781850527377,-1.5249823588282652,-3.5438634045603963
2022_06_JAX_IND,2022,6,2022-10-16T13:00-04:00,IND,JAX,False,7.0,4.3392157348117015,3.390141233229691,5.334362219082591
2022_06_MIN_MIA,2022,6,2022-10-16T13:00-04:00,MIA,MIN,False,-8.0,-1.8541692583602383,-0.5058899836209247,-2.0670248356301295
2022_06_NE_CLE,2022,6,2022-10-16T13:00-04:00,CLE,NE,False,-23.0,1.082057031225037,1.811101124315266,1.3054446433811648
2022_06_NYJ_GB,2022,6,2022-10-16T13:00-04:00,GB,NYJ,False,-17.0,9.514534343661957,7.113200442335079,10.041460529400286
2022_06_SF_ATL,2022,6,2022-10-16T13:00-04:00,ATL,SF,False,14.0,-5.9064024145577685,-5.638631344667699,-5.417212241486494
2022_06_TB_PIT,2022,6,2022-10-16T13:00-04:00,PIT,TB,False,2.0,-7.931617604777983,-7.845224514398048,-8.201836457857345
2022_06_ARI_SEA,2022,6,2022-10-16T16:05-04:00,SEA,ARI,False,10.0,0.9529987206111997,0.31595080875547565,0.8426306879423109
2022_06_CAR_LA,2022,6,2022-10-16T16:05-04:00,LAR,CAR,False,14.0,9.014605412676406,8.773782234968936,9.083334140563517
2022_06_BUF_KC,2022,6,2022-10-16T16:25-04:00,KC,BUF,False,-4.0,-1.2526336589843012,-2.1337551853482677,-0.9023418909046002
2022_06_DAL_PHI,2022,6,2022-10-16T20:20-04:00,PHI,DAL,False,9.0,2.8079656476680315,3.0346999734021747,2.7836975673308038
2022_06_DEN_LAC,2022,6,2022-10-17T20:15-04:00,LAC,DEN,False,3.0,3.966624384838195,4.743743836181446,3.7121297675210077
2022_07_NO_ARI,2022,7,2022-10-20T20:15-04:00,ARI,NO,False,8.0,3.2838700680390587,1.957807287053444,3.4201121420246143
2022_07_ATL_CIN,2022,7,2022-10-23T13:00-04:00,CIN,ATL,False,18.0,5.59010906100912,4.650469134229254,5.341886382821503
2022_07_CLE_BAL,2022,7,2022-10-23T13:00-04:00,BAL,CLE,False,3.0,6.207799985457246,4.931968016343399,5.899053251852248
2022_07_DET_DAL,2022,7,2022-10-23T13:00-04:00,DAL,DET,False,18.0,8.751271573336286,7.89428354006742,9.04078010387974
2022_07_GB_WAS,2022,7,2022-10-23T13:00-04:00,WAS,GB,False,2.0,-4.404364762682101,-2.7795636220998285,-3.900460906291419
2022_07_IND_TEN,2022,7,2022-10-23T13:00-04:00,TEN,IND,False,9.0,2.2221424656574555,2.101010802044698,2.408926504891707
2022_07_NYG_JAX,2022,7,2022-10-23T13:00-04:00,JAX,NYG,False,-6.0,0.10542414789331966,1.3829984806525,-0.13165822409172434
2022_07_TB_CAR,2022,7,2022-10-23T13:00-04:00,CAR,TB,False,18.0,-10.777910068675768,-10.481480120058357,-10.532756753323614
2022_07_HOU_LV,2022,7,2022-10-23T16:05-04:00,LV,HOU,False,18.0,6.347917848382702,5.669296401360179,6.198495281094019
2022_07_NYJ_DEN,2022,7,2022-10-23T16:05-04:00,DEN,NYJ,False,-7.0,-0.47310384566751407,-1.0617561159768463,0.5798010881861394
2022_07_KC_SF,2022,7,2022-10-23T16:25-04:00,SF,KC,False,-21.0,-0.7560723715174635,-0.3083733502124719,-1.547525140906152
2022_07_SEA_LAC,2022,7,2022-10-23T16:25-04:00,LAC,SEA,False,-14.0,2.55672696313498,2.744545367988617,2.3018666639311323
2022_07_PIT_MIA,2022,7,2022-10-23T20:20-04:00,MIA,PIT,False,6.0,4.600259092529122,3.724389942520774,5.048574953258971
2022_07_CHI_NE,2022,7,2022-10-24T20:15-04:00,NE,CHI,False,-19.0,8.994617487204177,8.43637326097177,8.738426727385214
2022_08_BAL_TB,2022,8,2022-10-27T20:15-04:00,TB,BAL,False,-5.0,1.867047223688103,1.9517974647502212,1.731158106009203
2022_08_DEN_JAX,2022,8,2022-10-30T09:30-04:00,JAX,DEN,True,-4.0,-2.9905721619854546,-0.3146434343936322,-2.9162983952227215
2022_08_ARI_MIN,2022,8,2022-10-30T13:00-04:00,MIN,ARI,False,8.0,2.5206389486019534,2.527491204964983,2.475060234055226
2022_08_CAR_ATL,2022,8,2022-10-30T13:00-04:00,ATL,CAR,False,3.0,6.181650017192495,6.454708535871543,6.4661204975153534
2022_08_CHI_DAL,2022,8,2022-10-30T13:00-04:00,DAL,CHI,False,20.0,10.253620353671582,8.267535525342746,9.768808572777086
2022_08_LV_NO,2022,8,2022-10-30T13:00-04:00,NO,LV,False,24.0,1.0027371067658017,0.5650286360729614,0.38232222800760574
2022_08_MIA_DET,2022,8,2022-10-30T13:00-04:00,DET,MIA,False,-4.0,-2.9809623401403993,-1.941550802623312,-3.099954419769076
2022_08_NE_NYJ,2022,8,2022-10-30T13:00-04:00,NYJ,NE,False,-5.0,-1.0375155249196655,-0.7836486618994591,-1.3414063609911084
2022_08_PIT_PHI,2022,8,2022-10-30T13:00-04:00,PHI,PIT,False,22.0,10.590257218472871,10.499095985211959,11.148575740959986
2022_08_TEN_HOU,2022,8,2022-10-30T16:05-04:00,HOU,TEN,False,-7.0,-1.07921909092474,-0.47899147494903227,-1.785395732146217
2022_08_NYG_SEA,2022,8,2022-10-30T16:25-04:00,SEA,NYG,False,14.0,3.920109939626227,2.9050226789183804,3.834583608721753
2022_08_SF_LA,2022,8,2022-10-30T16:25-04:00,LAR,SF,False,-17.0,0.6061441613200919,0.3671567237353962,1.009966926927632
2022_08_WAS_IND,2022,8,2022-10-30T16:25-04:00,IND,WAS,False,-1.0,2.307437030521016,1.0598277356614854,1.8337832978436222
2022_08_GB_BUF,2022,8,2022-10-30T20:20-04:00,BUF,GB,False,10.0,10.216091557087207,11.738434619219586,10.380345710075886
2022_08_CIN_CLE,2022,8,2022-10-31T20:15-04:00,CLE,CIN,False,19.0,-5.896300288893954,-4.455629107010288,-5.851613937221773
2022_09_PHI_HOU,2022,9,2022-11-03T20:15-04:00,HOU,PHI,False,-12.0,-9.436252388905983,-9.112020855278633,-9.832169755671977
2022_09_BUF_NYJ,2022,9,2022-11-06T13:00-05:00,NYJ,BUF,False,3.0,-9.814312583210405,-9.078363895538367,-10.2887957133898
2022_09_CAR_CIN,2022,9,2022-11-06T13:00-05:00,CIN,CAR,False,21.0,9.961300115976696,9.03926280666261,10.058051056572076
2022_09_GB_DET,2022,9,2022-11-06T13:00-05:00,DET,GB,False,6.0,-4.183507875455294,-2.640534315669259,-4.288675307744672
2022_09_IND_NE,2022,9,2022-11-06T13:00-05:00,NE,IND,False,23.0,5.0424695226373135,6.354030464501454,5.66708414729721
2022_09_LAC_ATL,2022,9,2022-11-06T13:00-05:00,ATL,LAC,False,-3.0,-0.7249950250612474,0.32801971135003505,-0.1330332719259576
2022_09_LV_JAX,2022,9,2022-11-06T13:00-05:00,JAX,LV,False,7.0,-1.1362323734194888,-0.43715805585720496,-1.38183870211997
2022_09_MIA_CHI,2022,9,2022-11-06T13:00-05:00,CHI,MIA,False,-3.0,-3.220541669534482,-1.1924299652765487,-2.7858025796673096
2022_09_MIN_WAS,2022,9,2022-11-06T13:00-05:00,WAS,MIN,False,-3.0,-4.669493848397229,-3.768559671459909,-4.432079483870089
2022_09_SEA_ARI,2022,9,2022-11-06T16:05-05:00,ARI,SEA,False,-10.0,-0.8329335816786714,0.04708815775945563,-0.6112344260943835
2022_09_LA_TB,2022,9,2022-11-06T16:25-05:00,TB,LAR,False,3.0,3.8084760093743784,3.7190085015431817,3.731114894820828
2022_09_TEN_KC,2022,9,2022-11-06T20:20-05:00,KC,TEN,False,3.0,12.828370181055433,11.604623842406102,12.586953533548677
2022_09_BAL_NO,2022,9,2022-11-07T20:15-05:00,NO,BAL,False,-14.0,-0.181908131559005,1.1560021366478281,-0.7401528219038955
2022_10_ATL_CAR,2022,10,2022-11-10T20:15-05:00,CAR,ATL,False,10.0,-4.340868034112294,-3.201403708206485,-4.710714106805564
2022_10_SEA_TB,2022,10,2022-11-13T09:30-05:00,TB,SEA,True,5.0,-1.4716037729293923,-1.1688976563032907,-1.3299415917619717
2022_10_CLE_MIA,2022,10,2022-11-13T13:00-05:00,MIA,CLE,False,22.0,2.995423142069819,1.356173890958032,2.547269482170902
2022_10_DEN_TEN,2022,10,2022-11-13T13:00-05:00,TEN,DEN,False,7.0,-0.42249200907524287,2.54155736371518,0.668498927082323
2022_10_DET_CHI,2022,10,2022-11-13T13:00-05:00,CHI,DET,False,-1.0,1.084558928967705,1.90248586424297,1.4237516888143853
2022_10_HOU_NYG,2022,10,2022-11-13T13:00-05:00,NYG,HOU,False,8.0,7.128692745458298,5.942014085312693,7.105860033661246
2022_10_JAX_KC,2022,10,2022-11-13T13:00-05:00,KC,JAX,False,10.0,11.89586901879001,10.346132623479322,12.738899257926027
2022_10_MIN_BUF,2022,10,2022-11-13T13:00-05:00,BUF,MIN,False,-3.0,4.149418197282357,7.053251809011769,4.2359982261841935
2022_10_NO_PIT,2022,10,2022-11-13T13:00-05:00,PIT,NO,False,10.0,-3.8805942666540933,-4.186646477583994,-3.745801259749892
2022_10_IND_LV,2022,10,2022-11-13T16:05-05:00,LV,IND,False,-5.0,3.065858382054459,3.793041700710016,2.183911350185155
2022_10_ARI_LA,2022,10,2022-11-13T16:25-05:00,LAR,ARI,False,-10.0,0.05553390558330129,0.8845426272516261,0.1494139265513107
2022_10_DAL_GB,2022,10,2022-11-13T16:25-05:00,GB,DAL,False,3.0,-3.640711859787399,-4.785031945905452,-3.871972655985907
2022_10_LAC_SF,2022,10,2022-11-13T20:20-05:00,SF,LAC,False,6.0,4.144440000557024,4.962322692446573,4.455263220814369
2022_10_WAS_PHI,2022,10,2022-11-14T20:15-05:00,PHI,WAS,False,-11.0,10.822238342715446,10.746330344429792,11.103442225281292
2022_11_TEN_GB,2022,11,2022-11-17T20:15-05:00,GB,TEN,False,-10.0,0.9841180363979134,0.0806076118408397,0.296440713173886
2022_11_CAR_BAL,2022,11,2022-11-20T13:00-05:00,BAL,CAR,False,10.0,6.814752716146279,8.338488978303946,7.288959268524711
2022_11_CHI_ATL,2022,11,2022-11-20T13:00-05:00,ATL,CHI,False,3.0,3.908812263109834,2.698715344877358,4.326171754059506
2022_11_CLE_BUF,2022,11,2022-11-20T13:00-05:00,BUF,CLE,True,8.0,8.641359167085515,8.936419275482551,8.86103117882099
2022_11_DET_NYG,2022,11,2022-11-20T13:00-05:00,NYG,DET,False,-13.0,3.5118679829560175,2.9379866524827265,3.910766588378275
2022_11_LA_NO,2022,11,2022-11-20T13:00-05:00,NO,LAR,False,7.0,-0.2601183788981616,1.6243356760923657,-0.9100295970519694
2022_11_NYJ_NE,2022,11,2022-11-20T13:00-05:00,NE,NYJ,False,7.0,4.778503061089119,4.267039135358813,5.770655725878068
2022_11_PHI_IND,2022,11,2022-11-20T13:00-05:00,IND,PHI,False,-1.0,-7.037424899646268,-6.913944088517653,-7.68522400719854
2022_11_WAS_HOU,2022,11,2022-11-20T13:00-05:00,HOU,WAS,False,-13.0,-3.040015516012913,-2.969013203525472,-3.2746824480369816
2022_11_LV_DEN,2022,11,2022-11-20T16:05-05:00,DEN,LV,False,-6.0,2.527019070870968,0.9132982606180038,2.4498275585163487
2022_11_CIN_PIT,2022,11,2022-11-20T16:25-05:00,PIT,CIN,False,-7.0,-8.75675579457236,-7.373864374793631,-9.023859417519343
2022_11_DAL_MIN,2022,11,2022-11-20T16:25-05:00,MIN,DAL,False,-37.0,-0.9391963687352436,-0.7767446699274685,-0.6556644716796765
2022_11_KC_LAC,2022,11,2022-11-20T20:20-05:00,LAC,KC,False,-3.0,-5.837494739385078,-5.669498700329056,-6.069936569480288
2022_11_SF_ARI,2022,11,2022-11-21T20:15-05:00,ARI,SF,True,-28.0,-4.23077164477076,-4.688991242733808,-4.083519114278157
2022_12_BUF_DET,2022,12,2022-11-24T12:30-05:00,DET,BUF,False,-3.0,-6.246417007058442,-6.705994477493404,-7.013413730508434
2022_12_NYG_DAL,2022,12,2022-11-24T16:30-05:00,DAL,NYG,False,8.0,10.894549306125004,11.057430831217227,10.895832400201998
2022_12_NE_MIN,2022,12,2022-11-24T20:20-05:00,MIN,NE,False,7.0,0.7298978192436509,0.09374161894787969,0.35203705973990074
2022_12_ATL_WAS,2022,12,2022-11-27T13:00-05:00,WAS,ATL,False,6.0,2.2159947894156895,3.4852516874911847,2.290869955167319
2022_12_BAL_JAX,2022,12,2022-11-27T13:00-05:00,JAX,BAL,False,1.0,-4.181861711435495,-3.2938961548953913,-4.417460918036298
2022_12_CHI_NYJ,2022,12,2022-11-27T13:00-05:00,NYJ,CHI,False,21.0,3.3596409277657497,2.9848817037063635,2.306631838064257
2022_12_CIN_TEN,2022,12,2022-11-27T13:00-05:00,TEN,CIN,False,-4.0,-1.084247421213833,-0.3296014705064918,-0.6916150867699411
2022_12_DEN_CAR,2022,12,2022-11-27T13:00-05:00,CAR,DEN,False,13.0,-2.7856723279105733,-0.8561081033052256,-2.8159925990991863
2022_12_HOU_MIA,2022,12,2022-11-27T13:00-05:00,MIA,HOU,False,15.0,11.32499032920207,11.28517544592205,10.853615421347559
2022_12_TB_CLE,2022,12,2022-11-27T13:00-05:00,CLE,TB,False,6.0,-3.615416406358544,-2.316755534621463,-3.4989543245035835
2022_12_LAC_ARI,2022,12,2022-11-27T16:05-05:00,ARI,LAC,False,-1.0,0.777120886991189,0.8136064369084675,0.6935360279975983
2022_12_LV_SEA,2022,12,2022-11-27T16:05-05:00,SEA,LV,False,-6.0,5.960416452733903,4.723946066211694,6.005341912119091
2022_12_LA_KC,2022,12,2022-11-27T16:25-05:00,KC,LAR,False,16.0,13.374050131286356,13.112715708127785,13.601041849275807
2022_12_NO_SF,2022,12,2022-11-27T16:25-05:00,SF,NO,False,13.0,9.49399681225195,8.402646599086324,9.299804288503113
2022_12_GB_PHI,2022,12,2022-11-27T20:20-05:00,PHI,GB,False,7.0,3.8435258764241067,5.58626976561491,4.42094246530086
2022_12_PIT_IND,2022,12,2022-11-28T20:15-05:00,IND,PIT,False,-7.0,4.703471784108084,3.8908503374862837,5.4887705545567735
2022_13_BUF_NE,2022,13,2022-12-01T20:15-05:00,NE,BUF,False,-14.0,-4.365914253684775,-3.9906640266234614,-4.076946915010949
2022_13_CLE_HOU,2022,13,2022-12-04T13:00-05:00,HOU,CLE,False,-13.0,-6.118866420063916,-4.458023411720227,-5.468025487230464
2022_13_DEN_BAL,2022,13,2022-12-04T13:00-05:00,BAL,DEN,False,1.0,7.595774006198086,8.918933466876885,7.650840221522432
2022_13_GB_CHI,2022,13,2022-12-04T13:00-05:00,CHI,GB,False,-9.0,-3.8118444472300266,-2.1792630677956266,-3.972019494525313
2022_13_JAX_DET,2022,13,2022-12-04T13:00-05:00,DET,JAX,False,26.0,2.729851296074989,2.37338322134455,2.4211972708281597
2022_13_NYJ_MIN,2022,13,2022-12-04T13:00-05:00,MIN,NYJ,False,5.0,3.1159108535913407,3.2332842775521193,2.745410089426781
2022_13_PIT_ATL,2022,13,2022-12-04T13:00-05:00,ATL,PIT,False,-3.0,2.843648278417665,2.2239689305749675,2.926524473336654
2022_13_TEN_PHI,2022,13,2022-12-04T13:00-05:00,PHI,TEN,False,25.0,3.9036345547045204,3.8321907586896704,4.068165064232689
2022_13_WAS_NYG,2022,13,2022-12-04T13:00-05:00,NYG,WAS,False,0.0,0.17595351515614735,-1.0822357453698017,0.01581235686993754
2022_13_MIA_SF,2022,13,2022-12-04T16:05-05:00,SF,MIA,False,16.0,4.724355872538412,5.4079934231099385,4.066434282906602
2022_13_SEA_LA,2022,13,2022-12-04T16:05-05:00,LAR,SEA,False,-4.0,-5.790904367014674,-3.806806714677528,-5.370944521567188
2022_13_KC_CIN,2022,13,2022-12-04T16:25-05:00,CIN,KC,False,3.0,-2.4717892263579184,-2.245649696031411,-2.554585782720531
2022_13_LAC_LV,2022,13,2022-12-04T16:25-05:00,LV,LAC,False,7.0,0.588566590416546,1.3277648301355793,0.04152883055636769
2022_13_IND_DAL,2022,13,2022-12-04T20:20-05:00,DAL,IND,False,35.0,10.33826735548611,10.845152860493071,9.378324027073688
2022_13_NO_TB,2022,13,2022-12-05T20:15-05:00,TB,NO,False,1.0,5.893922032415905,4.180373902959881,6.1589008798883285
2022_14_LV_LA,2022,14,2022-12-08T20:15-05:00,LAR,LV,False,1.0,-1.698565120956499,-1.803833929665393,-0.8238892608493437
2022_14_BAL_PIT,2022,14,2022-12-11T13:00-05:00,PIT,BAL,False,-2.0,-1.0932250157618395,-1.6774475939706557,-1.3554136075536585
2022_14_CLE_CIN,2022,14,2022-12-11T13:00-05:00,CIN,CLE,False,13.0,6.571679612863524,7.780509067787939,6.766962888937796
2022_14_HOU_DAL,2022,14,2022-12-11T13:00-05:00,DAL,HOU,False,4.0,17.90788153461379,18.23716676105805,17.836391015703775
2022_14_JAX_TEN,2022,14,2022-12-11T13:00-05:00,TEN,JAX,False,-14.0,5.560062152962472,4.93047591997687,6.475347630606722
2022_14_MIN_DET,2022,14,2022-12-11T13:00-05:00,DET,MIN,False,11.0,0.47177181141516356,1.0079608434536378,-0.24240049954208986
2022_14_NYJ_BUF,2022,14,2022-12-11T13:00-05:00,BUF,NYJ,False,8.0,10.21674295952296,9.76727053490082,10.07537639463111
2022_14_PHI_NYG,2022,14,2022-12-11T13:00-05:00,NYG,PHI,False,-26.0,-6.53858340379305,-6.836893475671575,-6.684220700250422
2022_14_KC_DEN,2022,14,2022-12-11T16:05-05:00,DEN,KC,False,-6.0,-8.873332533695207,-9.178915793708203,-8.985603793945925
2022_14_CAR_SEA,2022,14,2022-12-11T16:25-05:00,SEA,CAR,False,-6.0,7.073535575790934,5.466033671553068,7.3384338894647545
2022_14_TB_SF,2022,14,2022-12-11T16:25-05:00,SF,TB,False,28.0,3.038272081109935,5.2289525623514965,2.88300886318539
2022_14_MIA_LAC,2022,14,2022-12-11T20:20-05:00,LAC,MIA,False,6.0,0.2160303443865561,0.9057140150038188,0.4229170920146186
2022_14_NE_ARI,2022,14,2022-12-12T20:15-05:00,ARI,NE,False,-14.0,0.16275319085568438,-0.4683413485041624,-0.3428141219797629
2022_15_SF_SEA,2022,15,2022-12-15T20:15-05:00,SEA,SF,False,-8.0,-3.301624074796936,-4.939696060190054,-3.148267370804598
2022_15_IND_MIN,2022,15,2022-12-17T13:00-05:00,MIN,IND,False,3.0,5.120955205544022,5.759554227979309,5.1237853873894075
2022_15_BAL_CLE,2022,15,2022-12-17T16:30-05:00,CLE,BAL,False,10.0,1.4729721097030133,-0.7283981494692627,1.0225705647201173
2022_15_MIA_BUF,2022,15,2022-12-17T20:15-05:00,BUF,MIA,False,3.0,7.597097703647552,8.852213305243929,7.951909326109794
2022_15_ATL_NO,2022,15,2022-12-18T13:00-05:00,NO,ATL,False,3.0,5.133917883805594,6.935054774711931,4.886286165134082
2022_15_DAL_JAX,2022,15,2022-12-18T13:00-05:00,JAX,DAL,False,6.0,-8.440605892183815,-7.531101157513238,-8.591044295868652
2022_15_DET_NYJ,2022,15,2022-12-18T13:00-05:00,NYJ,DET,False,-3.0,-0.6984243979517042,-0.002323158268174863,-0.7679670280843572
2022_15_KC_HOU,2022,15,2022-12-18T13:00-05:00,HOU,KC,False,-6.0,-14.87632760145581,-13.775612638501832,-15.257059827430353
2022_15_PHI_CHI,2022,15,2022-12-18T13:00-05:00,CHI,PHI,False,-5.0,-10.800906343028345,-10.168765701532173,-11.806410669663611
2022_15_PIT_CAR,2022,15,2022-12-18T13:00-05:00,CAR,PIT,False,-8.0,1.7868533596019702,0.9861855224062682,1.8927667614719086
2022_15_ARI_DEN,2022,15,2022-12-18T16:05-05:00,DEN,ARI,False,9.0,-0.9794597524377118,0.4844320024100244,0.3747010241118451
2022_15_NE_LV,2022,15,2022-12-18T16:05-05:00,LV,NE,False,6.0,0.5670596331103531,0.38928045060836025,-0.3147278131704332
2022_15_CIN_TB,2022,15,2022-12-18T16:25-05:00,TB,CIN,False,-11.0,-3.1793484218578123,-3.607908870742278,-3.297188842261975
2022_15_TEN_LAC,2022,15,2022-12-18T16:25-05:00,LAC,TEN,False,3.0,3.39474737659975,3.4107866509630784,3.344973391268087
2022_15_NYG_WAS,2022,15,2022-12-18T20:20-05:00,WAS,NYG,False,-8.0,4.763018501495546,6.042574215909336,4.483419889365578
2022_15_LA_GB,2022,15,2022-12-19T20:15-05:00,GB,LAR,False,12.0,6.3409478397001,5.04850185273283,5.6667112366353445
2022_16_JAX_NYJ,2022,16,2022-12-22T20:15-05:00,NYJ,JAX,False,-16.0,1.749067240484481,2.2515647446496865,1.8932254844876444
2022_16_ATL_BAL,2022,16,2022-12-24T13:00-05:00,BAL,ATL,False,8.0,5.340253723144485,5.329899682389139,5.45531718016421
2022_16_BUF_CHI,2022,16,2022-12-24T13:00-05:00,CHI,BUF,False,-22.0,-10.78232954159511,-10.339025910175152,-11.514563399592255
2022_16_CIN_NE,2022,16,2022-12-24T13:00-05:00,NE,CIN,False,-4.0,-3.9212524097383286,-2.902088395190108,-3.4931645192336815
2022_16_DET_CAR,2022,16,2022-12-24T13:00-05:00,CAR,DET,False,14.0,-3.3422297069418967,-3.0654668339408264,-2.780341670361139
2022_16_NO_CLE,2022,16,2022-12-24T13:00-05:00,CLE,NO,False,-7.0,4.540997994175779,1.9746498663153518,4.434185363280301
2022_16_NYG_MIN,2022,16,2022-12-24T13:00-05:00,MIN,NYG,False,3.0,3.2507141812572753,3.499834944968075,3.785814819916257
2022_16_SEA_KC,2022,16,2022-12-24T13:00-05:00,KC,SEA,False,14.0,10.078375790077914,9.840148541651157,10.116613075093309
2022_16_HOU_TEN,2022,16,2022-12-24T14:00-05:00,TEN,HOU,False,-5.0,3.297969316197427,3.94157653287465,4.3033455863501775
2022_16_WAS_SF,2022,16,2022-12-24T16:05-05:00,SF,WAS,False,17.0,9.616256348622805,9.282083219663031,9.349384596624073
2022_16_PHI_DAL,2022,16,2022-12-24T16:25-05:00,DAL,PHI,False,6.0,4.588192225248327,2.522813771737323,4.57664854519277
2022_16_LV_PIT,2022,16,2022-12-24T20:15-05:00,PIT,LV,False,3.0,-0.636701849538877,-0.266280492975542,-0.9438410675548778
2022_16_GB_MIA,2022,16,2022-12-25T13:00-05:00,MIA,GB,False,-6.0,1.110115080490116,1.2857285341046796,1.4795263615145933
2022_16_DEN_LA,2022,16,2022-12-25T16:30-05:00,LAR,DEN,False,37.0,-0.008258905845646591,1.4129656978435245,0.2385877212981909
2022_16_TB_ARI,2022,16,2022-12-25T20:20-05:00,ARI,TB,False,-3.0,-4.513261932456815,-2.615856163286436,-3.923274755878059
2022_16_LAC_IND,2022,16,2022-12-26T20:15-05:00,IND,LAC,False,-17.0,-3.796933257330837,-3.6720564161906912,-3.7104164141322595
2022_17_DAL_TEN,2022,17,2022-12-29T20:15-05:00,TEN,DAL,False,-14.0,-10.255667030637445,-10.834471249022997,-9.500115340131174
2022_17_ARI_ATL,2022,17,2023-01-01T13:00-05:00,ATL,ARI,False,1.0,3.0468132270568367,2.9294614465517155,3.3534907953901554
2022_17_CAR_TB,2022,17,2023-01-01T13:00-05:00,TB,CAR,False,6.0,4.127150609240203,1.7699713956397416,3.8632950405655215
2022_17_CHI_DET,2022,17,2023-01-01T13:00-05:00,DET,CHI,False,31.0,7.9419864225995935,8.026385720845036,7.75802931010267
2022_17_CLE_WAS,2022,17,2023-01-01T13:00-05:00,WAS,CLE,False,-14.0,0.2399486751865213,1.9592220057747056,0.47615949051948714
2022_17_DEN_KC,2022,17,2023-01-01T13:00-05:00,KC,DEN,False,3.0,13.88499866656245,14.087076296027146,13.298851657268951
2022_17_IND_NYG,2022,17,2023-01-01T13:00-05:00,NYG,IND,False,28.0,6.887385363978003,6.340774909238558,6.188770643537516
2022_17_JAX_HOU,2022,17,2023-01-01T13:00-05:00,HOU,JAX,False,-28.0,-4.04019427790724,-4.691933367820171,-3.9858484489314434
2022_17_MIA_NE,2022,17,2023-01-01T13:00-05:00,NE,MIA,False,2.0,2.0355101295915436,2.5690276921648745,2.521365562042713
2022_17_NO_PHI,2022,17,2023-01-01T13:00-05:00,PHI,NO,False,-10.0,6.885213443137339,6.390340282437901,7.14041327142339
2022_17_NYJ_SEA,2022,17,2023-01-01T16:05-05:00,SEA,NYJ,False,17.0,3.819197337143211,2.6347587755061386,2.933386866960146
2022_17_SF_LV,2022,17,2023-01-01T16:05-05:00,LV,SF,False,-3.0,-7.167963599320001,-7.449786271142605,-7.775884595949993
2022_17_LA_LAC,2022,17,2023-01-01T16:25-05:00,LAC,LAR,False,21.0,4.534938911667657,3.8775230488688255,4.804634406085688
2022_17_MIN_GB,2022,17,2023-01-01T16:25-05:00,GB,MIN,False,24.0,4.376421959508045,3.399866478754628,3.8585702094871
2022_17_PIT_BAL,2022,17,2023-01-01T20:20-05:00,BAL,PIT,False,-3.0,1.9070859549697143,2.2136879552106854,2.6249056688807224
2022_18_KC_LV,2022,18,2023-01-07T16:30-05:00,LV,KC,False,-18.0,-9.177964440268811,-6.97524483493587,-9.423806571061315
2022_18_TEN_JAX,2022,18,2023-01-07T20:15-05:00,JAX,TEN,False,4.0,7.418706841353986,8.150089985189242,6.031461742288915
2022_18_BAL_CIN,2022,18,2023-01-08T13:00-05:00,CIN,BAL,False,11.0,9.979223812798208,9.515388448805725,9.715942394735412
2022_18_CAR_NO,2022,18,2023-01-08T13:00-05:00,NO,CAR,False,-3.0,3.310541814872897,3.6180175965450325,4.224208474203619
2022_18_CLE_PIT,2022,18,2023-01-08T13:00-05:00,PIT,CLE,False,14.0,0.47622888718477596,2.041084127859013,-0.25342629988668874
2022_18_HOU_IND,2022,18,2023-01-08T13:00-05:00,IND,HOU,False,-1.0,1.4429064543220291,0.30643879130796603,1.7847469941574334
2022_18_MIN_CHI,2022,18,2023-01-08T13:00-05:00,CHI,MIN,False,-16.0,-7.584633567839526,-7.287548471641519,-5.776602880063861
2022_18_NE_BUF,2022,18,2023-01-08T13:00-05:00,BUF,NE,False,12.0,8.61447648110193,8.598439042355915,8.672680967068823
2022_18_NYJ_MIA,2022,18,2023-01-08T13:00-05:00,MIA,NYJ,False,5.0,2.3359095745059073,3.0549020219147276,1.661729893143066
2022_18_TB_ATL,2022,18,2023-01-08T13:00-05:00,ATL,TB,False,13.0,0.11932257580270167,-0.9924235555828118,1.4514646315206485
2022_18_ARI_SF,2022,18,2023-01-08T16:25-05:00,SF,ARI,False,25.0,11.040979393779761,12.60025840316073,11.376330507341445
2022_18_DAL_WAS,2022,18,2023-01-08T16:25-05:00,WAS,DAL,False,20.0,-10.156781220120639,-11.612908632628688,-10.388389600058396
2022_18_LAC_DEN,2022,18,2023-01-08T16:25-05:00,DEN,LAC,False,3.0,-4.642145807986704,-5.5353385123616246,-4.494689404010857
2022_18_LA_SEA,2022,18,2023-01-08T16:25-05:00,SEA,LAR,False,3.0,4.353278700454949,3.2935816316144635,3.867406143565579
2022_18_NYG_PHI,2022,18,2023-01-08T16:25-05:00,PHI,NYG,False,6.0,9.283880867614112,9.447646375746107,9.61996671719546
2022_18_DET_GB,2022,18,2023-01-08T20:20-05:00,GB,DET,False,-4.0,4.644191634362588,3.113174463914628,4.91839787897775
2023_01_DET_KC,2023,1,2023-09-07T20:20-04:00,KC,DET,False,-1.0,7.013785946658539,5.48275406667557,7.1120894926050084
2023_01_ARI_WAS,2023,1,2023-09-10T13:00-04:00,WAS,ARI,False,4.0,2.588998384131963,2.6178617747366335,3.0916479182979906
2023_01_CAR_ATL,2023,1,2023-09-10T13:00-04:00,ATL,CAR,False,14.0,3.6818063217015844,3.8600873830964244,3.3888543515763345
2023_01_CIN_CLE,2023,1,2023-09-10T13:00-04:00,CLE,CIN,False,21.0,-4.580884158822325,-4.143835455849333,-3.697436733034469
2023_01_HOU_BAL,2023,1,2023-09-10T13:00-04:00,BAL,HOU,False,16.0,7.7569235368122875,9.046448966233843,8.12453441179489
2023_01_JAX_IND,2023,1,2023-09-10T13:00-04:00,IND,JAX,False,-10.0,-6.1161526223279035,-8.215096779684977,-5.02155445017077
2023_01_SF_PIT,2023,1,2023-09-10T13:00-04:00,PIT,SF,False,-23.0,-0.809992447562265,-0.08186080344119684,-1.6828194147744462
2023_01_TB_MIN,2023,1,2023-09-10T13:00-04:00,MIN,TB,False,-3.0,1.4047380215494196,1.6655587226603754,3.3023025054313
2023_01_TEN_NO,2023,1,2023-09-10T13:00-04:00,NO,TEN,False,1.0,2.3677803444597822,4.030441453431086,2.4943141322928537
2023_01_GB_CHI,2023,1,2023-09-10T16:25-04:00,CHI,GB,False,-18.0,-4.31802858411913,-4.482714785698891,-3.713687764209993
2023_01_LA_SEA,2023,1,2023-09-10T16:25-04:00,SEA,LAR,False,-17.0,2.04021076741523,2.2605558296189256,0.5588434802972683
2023_01_LV_DEN,2023,1,2023-09-10T16:25-04:00,DEN,LV,False,-1.0,-0.24622423360547918,0.4806777223567017,0.4151981016117938
2023_01_MIA_LAC,2023,1,2023-09-10T16:25-04:00,LAC,MIA,False,-2.0,3.010646778904002,4.148079178374055,2.949215749680337
2023_01_PHI_NE,2023,1,2023-09-10T16:25-04:00,NE,PHI,False,-5.0,-3.261401813369795,-2.8362356076967647,-2.965244981215458
2023_01_DAL_NYG,2023,1,2023-09-10T20:20-04:00,NYG,DAL,False,-40.0,-1.5492788358596596,-1.4715376876110982,-1.1574772644867641
2023_01_BUF_NYJ,2023,1,2023-09-11T20:15-04:00,NYJ,BUF,False,6.0,-3.3818096052107296,-4.803296800990298,-3.639333868451081
2023_02_MIN_PHI,2023,2,2023-09-14T20:15-04:00,PHI,MIN,False,6.0,7.941984128780669,7.647804431085596,8.303861219027842
2023_02_BAL_CIN,2023,2,2023-09-17T13:00-04:00,CIN,BAL,False,-3.0,4.965812964846667,4.271243313692715,4.712542229146067
2023_02_CHI_TB,2023,2,2023-09-17T13:00-04:00,TB,CHI,False,10.0,8.674906906984393,8.014169911799941,6.545189270097543
2023_02_GB_ATL,2023,2,2023-09-17T13:00-04:00,ATL,GB,False,1.0,-1.2330975294263287,-1.7776725380159486,-0.957518273074103
2023_02_IND_HOU,2023,2,2023-09-17T13:00-04:00,HOU,IND,False,-11.0,0.9146016783173475,2.792499713396761,-0.08926169949196122
2023_02_KC_JAX,2023,2,2023-09-17T13:00-04:00,JAX,KC,False,-8.0,-3.2574095936111735,-2.0327378805880647,-3.06683481935319
2023_02_LAC_TEN,2023,2,2023-09-17T13:00-04:00,TEN,LAC,False,3.0,-2.3978824349995063,-3.1948306178187185,-2.17780056123119
2023_02_LV_BUF,2023,2,2023-09-17T13:00-04:00,BUF,LV,False,28.0,4.059167050059864,5.044854936754266,4.876214318622406
2023_02_SEA_DET,2023,2,2023-09-17T13:00-04:00,DET,SEA,False,-6.0,5.727602854175619,6.256586505164714,5.161400424683465
2023_02_NYG_ARI,2023,2,2023-09-17T16:05-04:00,ARI,NYG,False,-3.0,-0.5376809619094032,-0.7765654838319289,-1.2234295557824875
2023_02_SF_LA,2023,2,2023-09-17T16:05-04:00,LAR,SF,False,-7.0,-2.7702956206447755,-2.7900033324363904,-2.0472056748018503
2023_02_NYJ_DAL,2023,2,2023-09-17T16:25-04:00,DAL,NYJ,False,20.0,8.98239531375441,8.258265110558806,9.06376091221297
2023_02_WAS_DEN,2023,2,2023-09-17T16:25-04:00,DEN,WAS,False,-2.0,3.191263087721218,2.5446434473881356,3.4970318878986024
2023_02_MIA_NE,2023,2,2023-09-17T20:20-04:00,NE,MIA,False,-7.0,0.4297452102944215,1.480782595620251,0.14845270612639622
2023_02_NO_CAR,2023,2,2023-09-18T19:15-04:00,CAR,NO,False,-3.0,-0.929596691067486,-1.4085768351818697,-1.7563153999249048
2023_02_CLE_PIT,2023,2,2023-09-18T20:15-04:00,PIT,CLE,False,4.0,0.30765845481250537,1.1969078387295164,-0.6858895564336253
2023_03_NYG_SF,2023,3,2023-09-21T20:15-04:00,SF,NYG,False,18.0,8.999745268575548,8.682106441964176,8.97835062013483
2023_03_ATL_DET,2023,3,2023-09-24T13:00-04:00,DET,ATL,False,14.0,2.784358742159452,3.337348586421577,2.554549106754185
2023_03_BUF_WAS,2023,3,2023-09-24T13:00-04:00,WAS,BUF,False,-34.0,-4.86506017550416,-5.117221916838522,-5.270257048008416
2023_03_DEN_MIA,2023,3,2023-09-24T13:00-04:00,MIA,DEN,False,50.0,6.26922723846216,5.499165874102642,5.512620836066699
2023_03_HOU_JAX,2023,3,2023-09-24T13:00-04:00,JAX,HOU,False,-20.0,7.044806135428468,8.635703856863802,7.618383075083223
2023_03_IND_BAL,2023,3,2023-09-24T13:00-04:00,BAL,IND,False,-3.0,7.166385936949407,8.43095185125159,6.506372905302401
2023_03_LAC_MIN,2023,3,2023-09-24T13:00-04:00,MIN,LAC,False,-4.0,-1.4136928915453217,-1.3913474847254077,-2.185191918648261
2023_03_NE_NYJ,2023,3,2023-09-24T13:00-04:00,NYJ,NE,False,-5.0,-2.381947328292864,-1.3485844907711675,-2.591411659949914
2023_03_NO_GB,2023,3,2023-09-24T13:00-04:00,GB,NO,False,1.0,4.564453095650345,3.9545659169856697,3.413082617393706
2023_03_TEN_CLE,2023,3,2023-09-24T13:00-04:00,CLE,TEN,False,24.0,2.615904213734688,3.0106658151390135,2.46248129530751
2023_03_CAR_SEA,2023,3,2023-09-24T16:05-04:00,SEA,CAR,False,10.0,3.959365125617695,3.592067502282276,3.4000444223420123
2023_03_CHI_KC,2023,3,2023-09-24T16:25-04:00,KC,CHI,False,31.0,16.81456340252383,14.78932466103644,16.016116004900905
2023_03_DAL_ARI,2023,3,2023-09-24T16:25-04:00,ARI,DAL,False,12.0,-8.065400886000102,-8.278833788264034,-7.887461711754355
2023_03_PIT_LV,2023,3,2023-09-24T20:20-04:00,LV,PIT,False,-5.0,1.7660139547693232,0.032361829088478955,1.6598709705217778
2023_03_PHI_TB,2023,3,2023-09-25T19:15-04:00,TB,PHI,False,-14.0,-3.0522408619499273,-3.03121419766436,-5.320926800008943
2023_03_LA_CIN,2023,3,2023-09-25T20:15-04:00,CIN,LAR,False,3.0,1.9800161531939862,2.3643319805777723,0.9289111731850985
2023_04_DET_GB,2023,4,2023-09-28T20:15-04:00,GB,DET,False,-14.0,1.70874315331339,1.8892465285441669,1.9977172331569384
2023_04_ATL_JAX,2023,4,2023-10-01T09:30-04:00,JAX,ATL,True,16.0,1.873255625580234,2.0402350366547872,1.4587641138996994
2023_04_BAL_CLE,2023,4,2023-10-01T13:00-04:00,CLE,BAL,False,-25.0,-2.625214896808706,-2.6357181998455728,-1.239354434421079
2023_04_CIN_TEN,2023,4,2023-10-01T13:00-04:00,TEN,CIN,False,24.0,-5.300541323222497,-4.796449842790477,-3.8383061734803445
2023_04_DEN_CHI,2023,4,2023-10-01T13:00-04:00,CHI,DEN,False,-3.0,-3.670290271916544,-2.8100216465920154,-3.857634781010459
2023_04_LA_IND,2023,4,2023-10-01T13:00-04:00,IND,LAR,False,-6.0,-1.816166902186355,-2.8944454322859805,-2.2882211566262374
2023_04_MIA_BUF,2023,4,2023-10-01T13:00-04:00,BUF,MIA,False,28.0,3.758188406112555,4.602629867263039,4.4064177758203025
2023_04_MIN_CAR,2023,4,2023-10-01T13:00-04:00,CAR,MIN,False,-8.0,-0.9759450401990941,-0.21410509745318107,-0.8246210521029946
2023_04_PIT_HOU,2023,4,2023-10-01T13:00-04:00,HOU,PIT,False,24.0,-0.50500571727148,-2.748076885133706,-0.6083125363657529
2023_04_TB_NO,2023,4,2023-10-01T13:00-04:00,NO,TB,False,-17.0,0.7357108958772747,1.8629480621605374,3.4578015822515935
2023_04_WAS_PHI,2023,4,2023-10-01T13:00-04:00,PHI,WAS,False,3.0,12.512912501820423,11.612951206813895,12.177766715745332
2023_04_LV_LAC,2023,4,2023-10-01T16:05-04:00,LAC,LV,False,7.0,9.377778799023783,10.258774798893146,10.38810531218937
2023_04_ARI_SF,2023,4,2023-10-01T16:25-04:00,SF,ARI,False,19.0,10.650602714137788,10.37961731641115,10.790479691835554
2023_04_NE_DAL,2023,4,2023-10-01T16:25-04:00,DAL,NE,False,35.0,5.549860038909552,5.401836133113984,5.609284739027437
2023_04_KC_NYJ,2023,4,2023-10-01T20:20-04:00,NYJ,KC,False,-3.0,-11.838958644419918,-9.419499036716875,-11.60360261831017
2023_04_SEA_NYG,2023,4,2023-10-02T20:15-04:00,NYG,SEA,False,-21.0,-0.3485986526614908,-0.04348363852416476,0.012177386979567495
2023_05_CHI_WAS,2023,5,2023-10-05T20:15-04:00,WAS,CHI,False,-20.0,6.971620850154395,6.45033540187973,7.221484874003644
2023_05_JAX_BUF,2023,5,2023-10-08T09:30-04:00,BUF,JAX,True,-5.0,6.944645741954133,7.233247657567574,7.548595913780425
2023_05_BAL_PIT,2023,5,2023-10-08T13:00-04:00,PIT,BAL,False,7.0,-3.256891879522928,-2.3433878297070905,-3.475284518745486
2023_05_CAR_DET,2023,5,2023-10-08T13:00-04:00,DET,CAR,False,18.0,8.538921186638381,7.8463189645390585,8.294255264228454
2023_05_HOU_ATL,2023,5,2023-10-08T13:00-04:00,ATL,HOU,False,2.0,-1.7267783004577972,0.09561960039691317,-1.015020185493898
2023_05_NO_NE,2023,5,2023-10-08T13:00-04:00,NE,NO,False,-34.0,2.0882268745662538,1.8197932134243153,1.0368062039978136
2023_05_NYG_MIA,2023,5,2023-10-08T13:00-04:00,MIA,NYG,False,15.0,9.542736424920054,8.575567290664313,8.746837857544866
2023_05_TEN_IND,2023,5,2023-10-08T13:00-04:00,IND,TEN,False,7.0,0.15182337260250756,-0.8305303994515383,-0.3302815963513255
2023_05_CIN_ARI,2023,5,2023-10-08T16:05-04:00,ARI,CIN,False,-14.0,-2.3975674259764688,-1.320412274002451,-2.2551362366297067
2023_05_PHI_LA,2023,5,2023-10-08T16:05-04:00,LAR,PHI,False,-9.0,-3.2132703992336187,-2.9584027554383128,-2.595033368017765
2023_05_KC_MIN,2023,5,2023-10-08T16:25-04:00,MIN,KC,False,-7.0,-7.5392991026388225,-6.494496631156281,-7.336902860000746
2023_05_NYJ_DEN,2023,5,2023-10-08T16:25-04:00,DEN,NYJ,False,-10.0,2.7014685676122068,1.5136710782903222,3.1289413203556484
2023_05_DAL_SF,2023,5,2023-10-08T20:20-04:00,SF,DAL,False,32.0,3.541307635048277,2.8551409233246376,3.498726451128639
2023_05_GB_LV,2023,5,2023-10-09T20:15-04:00,LV,GB,False,4.0,-0.999850525712294,-2.5074038441754145,-0.5602883798236307
2023_06_DEN_KC,2023,6,2023-10-12T20:15-04:00,KC,DEN,False,11.0,13.857872674798822,13.169515809183986,13.298545027355644
2023_06_BAL_TEN,2023,6,2023-10-15T09:30-04:00,TEN,BAL,True,-8.0,-3.3726078453951978,-3.2697989064513933,-3.045924263168797
2023_06_CAR_MIA,2023,6,2023-10-15T13:00-04:00,MIA,CAR,False,21.0,10.032968218496917,8.280590860566836,10.268023910597279
2023_06_IND_JAX,2023,6,2023-10-15T13:00-04:00,JAX,IND,False,17.0,5.619563620523042,6.952091563310009,5.68643500874836
2023_06_MIN_CHI,2023,6,2023-10-15T13:00-04:00,CHI,MIN,False,-6.0,-4.807122671018229,-3.670732310978516,-4.684081418192662
2023_06_NO_HOU,2023,6,2023-10-15T13:00-04:00,HOU,NO,False,7.0,1.5382956382812225,-0.13841617970094822,0.2799880979910767
2023_06_SEA_CIN,2023,6,2023-10-15T13:00-04:00,CIN,SEA,False,4.0,2.844639389969074,1.9027043382482849,2.5922235661203388
2023_06_SF_CLE,2023,6,2023-10-15T13:00-04:00,CLE,SF,False,2.0,-11.8613285315357,-10.196648423128142,-10.40482039660047
2023_06_WAS_ATL,2023,6,2023-10-15T13:00-04:00,ATL,WAS,False,-8.0,2.694619373863305,2.5375751211229534,2.3507176225972435
2023_06_NE_LV,2023,6,2023-10-15T16:05-04:00,LV,NE,False,4.0,3.4847693028154034,2.8147749618681157,4.413965817320283
2023_06_ARI_LA,2023,6,2023-10-15T16:25-04:00,LAR,ARI,False,17.0,5.637732202475357,5.484247507710123,6.672299571183425
2023_06_DET_TB,2023,6,2023-10-15T16:25-04:00,TB,DET,False,-14.0,-1.0602429790601602,-1.3270967716703428,-2.705992033411511
2023_06_PHI_NYJ,2023,6,2023-10-15T16:25-04:00,NYJ,PHI,False,6.0,-7.851837635830562,-6.808845269813573,-7.903382546127784
2023_06_NYG_BUF,2023,6,2023-10-15T20:20-04:00,BUF,NYG,False,5.0,17.016059052597846,16.756233354883367,15.403270340872018
2023_06_DAL_LAC,2023,6,2023-10-16T20:15-04:00,LAC,DAL,False,-3.0,1.0229697963077455,0.7899064901151865,0.8974107301046332
2023_07_JAX_NO,2023,7,2023-10-19T20:15-04:00,NO,JAX,False,-7.0,0.7347913346049507,-0.12851529671030193,0.8111692723684305
2023_07_ATL_TB,2023,7,2023-10-22T13:00-04:00,TB,ATL,False,-3.0,5.462378991564775,5.073721379801346,4.28107241774146
2023_07_BUF_NE,2023,7,2023-10-22T13:00-04:00,NE,BUF,False,4.0,-10.019592659351115,-10.088449584601573,-9.998317681461504
2023_07_CLE_IND,2023,7,2023-10-22T13:00-04:00,IND,CLE,False,-1.0,0.19935804068187002,-1.3337749619991521,-0.2138580995532675
2023_07_DET_BAL,2023,7,2023-10-22T13:00-04:00,BAL,DET,False,32.0,-1.047730846584706,-1.5664485438857425,-1.2880678940717458
2023_07_LV_CHI,2023,7,2023-10-22T13:00-04:00,CHI,LV,False,18.0,-4.676222405405322,-3.780534799892788,-2.596178154507839
2023_07_WAS_NYG,2023,7,2023-10-22T13:00-04:00,NYG,WAS,False,7.0,-1.631542915508091,-1.0869321775510965,-0.15147539851437397
2023_07_ARI_SEA,2023,7,2023-10-22T16:05-04:00,SEA,ARI,False,10.0,7.7398861485095685,6.780609038548342,7.86855559844834
2023_07_PIT_LA,2023,7,2023-10-22T16:05-04:00,LAR,PIT,False,-7.0,4.186090496526043,3.7779316857788947,5.1197090807892245
2023_07_GB_DEN,2023,7,2023-10-22T16:25-04:00,DEN,GB,False,2.0,-1.0896863823582401,-2.5883962937357863,-0.6860266241375759
2023_07_LAC_KC,2023,7,2023-10-22T16:25-04:00,KC,LAC,False,14.0,7.5621786185819015,6.787678416840527,7.3492133330165865
2023_07_MIA_PHI,2023,7,2023-10-22T20:20-04:00,PHI,MIA,False,14.0,2.4974029135622593,3.4095350899235544,2.3447132500437973
2023_07_SF_MIN,2023,7,2023-10-23T20:15-04:00,MIN,SF,False,5.0,-6.9631834722136645,-6.465612446477653,-7.3884840257362265
2023_08_TB_BUF,2023,8,2023-10-26T20:15-04:00,BUF,TB,False,6.0,9.770457415933329,9.985629568278501,10.846261619713623
2023_08_ATL_TEN,2023,8,2023-10-29T13:00-04:00,TEN,ATL,False,5.0,-1.4616297154827178,-1.7256327123462196,0.6735335088838486
2023_08_HOU_CAR,2023,8,2023-10-29T13:00-04:00,CAR,HOU,False,2.0,-4.248309795478736,-2.447350374246912,-4.0677611520289325
2023_08_JAX_PIT,2023,8,2023-10-29T13:00-04:00,PIT,JAX,False,-10.0,-1.1023534137814348,-1.5941463257003239,-0.9863225311840671
2023_08_LA_DAL,2023,8,2023-10-29T13:00-04:00,DAL,LAR,False,23.0,4.888346067421155,5.045321870234423,4.785737390906188
2023_08_MIN_GB,2023,8,2023-10-29T13:00-04:00,GB,MIN,False,-14.0,-0.798353772179627,0.3452964276635071,-0.6195310548453677
2023_08_NE_MIA,2023,8,2023-10-29T13:00-04:00,MIA,NE,False,14.0,7.012467748857653,5.604985143417153,7.432115280688113
2023_08_NO_IND,2023,8,2023-10-29T13:00-04:00,IND,NO,False,-11.0,-2.4375504000885817,-2.226319900265702,-2.1062894393943106
2023_08_NYJ_NYG,2023,8,2023-10-29T13:00-04:00,NYG,NYJ,False,-3.0,-1.5545663746927283,-2.656575779375205,-0.410771721344354
2023_08_PHI_WAS,2023,8,2023-10-29T13:00-04:00,WAS,PHI,False,-7.0,-7.621623868373442,-7.6933379571284295,-7.519552614023828
2023_08_CLE_SEA,2023,8,2023-10-29T16:05-04:00,SEA,CLE,False,4.0,6.1629654709498745,4.6347546586890696,5.064501992729882
2023_08_BAL_ARI,2023,8,2023-10-29T16:25-04:00,ARI,BAL,False,-7.0,-7.17961577014162,-6.372028544017322,-6.822413341357734
2023_08_CIN_SF,2023,8,2023-10-29T16:25-04:00,SF,CIN,False,-14.0,1.4297351932946216,6.462087277043835,1.2058844784434632
2023_08_KC_DEN,2023,8,2023-10-29T16:25-04:00,DEN,KC,False,15.0,-10.148103762423881,-9.621232864156987,-9.991819055628564
2023_08_CHI_LAC,2023,8,2023-10-29T20:20-04:00,LAC,CHI,False,17.0,9.138595109771163,8.511917458135647,7.939667508803657
2023_08_LV_DET,2023,8,2023-10-30T20:15-04:00,DET,LV,False,12.0,6.20536086841246,7.402072452573024,6.988114510862834
2023_09_TEN_PIT,2023,9,2023-11-02T20:15-04:00,PIT,TEN,False,4.0,3.8658105424558755,4.7672272478308795,2.521469465360245
2023_09_MIA_KC,2023,9,2023-11-05T09:30-05:00,KC,MIA,True,7.0,4.117622594257359,4.033258841464061,3.9830999216233107
2023_09_ARI_CLE,2023,9,2023-11-05T13:00-05:00,CLE,ARI,False,27.0,7.011121247476439,7.653801835950233,7.505875161883219
2023_09_CHI_NO,2023,9,2023-11-05T13:00-05:00,NO,CHI,False,7.0,9.089507266603578,8.471939552655458,7.8219462520225225
2023_09_LA_GB,2023,9,2023-11-05T13:00-05:00,GB,LAR,False,17.0,4.054502393708105,3.2269422821301226,3.6786950450163607
2023_09_MIN_ATL,2023,9,2023-11-05T13:00-05:00,ATL,MIN,False,-3.0,-1.6626253455397237,-1.3932219468778826,-0.37394492456835904
2023_09_SEA_BAL,2023,9,2023-11-05T13:00-05:00,BAL,SEA,False,34.0,4.413797118138452,4.545031993882871,4.6020314697253095
2023_09_TB_HOU,2023,9,2023-11-05T13:00-05:00,HOU,TB,False,2.0,2.4573578216341803,1.2118017169992688,3.087277242821674
2023_09_WAS_NE,2023,9,2023-11-05T13:00-05:00,NE,WAS,False,-3.0,1.0367683755850856,1.2976735418402745,1.2764569657716187
2023_09_IND_CAR,2023,9,2023-11-05T16:05-05:00,CAR,IND,False,-14.0,0.8803207200177487,1.1173422716422698,0.866559249723187
2023_09_DAL_PHI,2023,9,2023-11-05T16:25-05:00,PHI,DAL,False,5.0,3.25945849134386,2.87792656121187,2.35508185970956
2023_09_NYG_LV,2023,9,2023-11-05T16:25-05:00,LV,NYG,False,24.0,1.433138988685101,0.9792947485489674,-0.05684586248824619
2023_09_BUF_CIN,2023,9,2023-11-05T20:20-05:00,CIN,BUF,False,6.0,-1.1368922360642935,-1.8574852147454115,-0.8195396039855491
2023_09_LAC_NYJ,2023,9,2023-11-06T20:15-05:00,NYJ,LAC,False,-21.0,-4.037891006459599,-2.938110429742406,-3.974517975048835
2023_10_CAR_CHI,2023,10,2023-11-09T20:15-05:00,CHI,CAR,False,3.0,1.0977861943202982,1.9120151193849138,1.960775968377039
2023_10_IND_NE,2023,10,2023-11-12T09:30-05:00,NE,IND,True,-4.0,0.12012983054703003,0.106560282302192,-0.27543502007155496
2023_10_CLE_BAL,2023,10,2023-11-12T13:00-05:00,BAL,CLE,False,-2.0,5.249380570730342,6.191534144924403,4.986841669584038
2023_10_GB_PIT,2023,10,2023-11-12T13:00-05:00,PIT,GB,False,4.0,1.821914601590195,1.4087106424766915,1.5935449845996017
2023_10_HOU_CIN,2023,10,2023-11-12T13:00-05:00,CIN,HOU,False,-3.0,5.124661026250303,6.080728980225051,5.4357708533544224
2023_10_NO_MIN,2023,10,2023-11-12T13:00-05:00,MIN,NO,False,8.0,-1.0145185628836448,1.9341677709804979,-1.0894525372398056
2023_10_SF_JAX,2023,10,2023-11-12T13:00-05:00,JAX,SF,False,-31.0,-1.0592259180534163,-0.01703752231914596,-0.9118664472651491
2023_10_TEN_TB,2023,10,2023-11-12T13:00-05:00,TB,TEN,False,14.0,4.72714389493714,5.002058273556905,2.512393145604455
2023_10_ATL_ARI,2023,10,2023-11-12T16:05-05:00,ARI,ATL,False,2.0,1.1083903386921201,-1.5593911845126214,1.9905242919048236
2023_10_DET_LAC,2023,10,2023-11-12T16:05-05:00,LAC,DET,False,-3.0,1.873549573782227,1.865099188140575,2.005909285080063
2023_10_NYG_DAL,2023,10,2023-11-12T16:25-05:00,DAL,NYG,False,32.0,14.363508333367946,14.599796144462879,13.728595373938441
2023_10_WAS_SEA,2023,10,2023-11-12T16:25-05:00,SEA,WAS,False,3.0,2.963408684625072,3.0455123432226383,3.589073583459621
2023_10_NYJ_LV,2023,10,2023-11-12T20:20-05:00,LV,NYJ,False,4.0,3.0981053755423424,1.7076678388313922,2.4112241949569992
2023_10_DEN_BUF,2023,10,2023-11-13T20:15-05:00,BUF,DEN,False,-2.0,9.663303139814811,9.562833324187737,8.569349350637488
2023_11_CIN_BAL,2023,11,2023-11-16T20:15-05:00,BAL,CIN,False,14.0,2.150336996080235,2.862306668677121,2.0756487825796444
2023_11_ARI_HOU,2023,11,2023-11-19T13:00-05:00,HOU,ARI,False,5.0,7.071380688674848,7.145364584532864,5.868499651988635
2023_11_CHI_DET,2023,11,2023-11-19T13:00-05:00,DET,CHI,False,5.0,9.058156170353481,9.263210132567936,11.587397641852924
2023_11_DAL_CAR,2023,11,2023-11-19T13:00-05:00,CAR,DAL,False,-23.0,-9.563796934341235,-9.347529286587218,-10.383107719811337
2023_11_LAC_GB,2023,11,2023-11-19T13:00-05:00,GB,LAC,False,3.0,-3.065873050589314,-2.192147953278031,-3.3931602820799305
2023_11_LV_MIA,2023,11,2023-11-19T13:00-05:00,MIA,LV,False,7.0,8.312373515477857,7.366643797535018,8.883164022355372
2023_11_NYG_WAS,2023,11,2023-11-19T13:00-05:00,WAS,NYG,False,-12.0,10.361218670461353,9.568294102432548,8.313482992561259
2023_11_PIT_CLE,2023,11,2023-11-19T13:00-05:00,CLE,PIT,False,3.0,1.2986754588030394,2.2084960256127713,2.0013810361655713
2023_11_TEN_JAX,2023,11,2023-11-19T13:00-05:00,JAX,TEN,False,20.0,6.613284361679665,7.216842869694391,6.399921723656524
2023_11_TB_SF,2023,11,2023-11-19T16:05-05:00,SF,TB,False,13.0,8.966418728999198,8.34762681068622,10.030283028801094
2023_11_NYJ_BUF,2023,11,2023-11-19T16:25-05:00,BUF,NYJ,False,26.0,11.868919475684521,10.509016300633196,11.190508119973172
2023_11_SEA_LA,2023,11,2023-11-19T16:25-05:00,LAR,SEA,False,1.0,0.24523508890164925,-0.26628149305298504,1.0223072663442476
2023_11_MIN_DEN,2023,11,2023-11-19T20:20-05:00,DEN,MIN,False,1.0,0.7408827801063977,-2.188103493514242,1.7617612980515052
2023_11_PHI_KC,2023,11,2023-11-20T20:15-05:00,KC,PHI,False,-4.0,3.457673564084848,2.1735679485703088,3.5519689130198957
2023_12_GB_DET,2023,12,2023-11-23T12:30-05:00,DET,GB,False,-7.0,6.6151224326879206,5.722360435653558,6.7324372327565865
2023_12_WAS_DAL,2023,12,2023-11-23T16:30-05:00,DAL,WAS,False,35.0,11.854357132597821,12.684776347485487,12.895905868160527
2023_12_SF_SEA,2023,12,2023-11-23T20:20-05:00,SEA,SF,False,-18.0,-7.645179644948004,-6.128000833176163,-8.491418497300463
2023_12_MIA_NYJ,2023,12,2023-11-24T15:00-05:00,NYJ,MIA,False,-21.0,-8.431136127336892,-5.970587835008001,-6.946694616961298
2023_12_CAR_TEN,2023,12,2023-11-26T13:00-05:00,TEN,CAR,False,7.0,3.891669632843965,2.408357415931439,4.646329077331072
2023_12_JAX_HOU,2023,12,2023-11-26T13:00-05:00,HOU,JAX,False,-3.0,0.4238289299398885,-1.4066610994174773,-0.25533019576094906
2023_12_NE_NYG,2023,12,2023-11-26T13:00-05:00,NYG,NE,False,3.0,-3.8442261332075804,-4.293931845171266,-2.303558218293335
2023_12_NO_ATL,2023,12,2023-11-26T13:00-05:00,ATL,NO,False,9.0,-2.7905705440088546,-2.693123102721779,-2.9860242860627797
2023_12_PIT_CIN,2023,12,2023-11-26T13:00-05:00,CIN,PIT,False,-6.0,0.9553052548927572,1.6557967212010618,0.9238500938988845
2023_12_TB_IND,2023,12,2023-11-26T13:00-05:00,IND,TB,False,7.0,-0.3295340491794728,-0.04275915772509009,0.05065743784095811
2023_12_CLE_DEN,2023,12,2023-11-26T16:05-05:00,DEN,CLE,False,17.0,2.204164181792426,0.5202686277774069,2.09627887999062
2023_12_LA_ARI,2023,12,2023-11-26T16:05-05:00,ARI,LAR,False,-23.0,-0.8115069513286387,-1.645674681771254,-0.3746627431785272
2023_12_BUF_PHI,2023,12,2023-11-26T16:25-05:00,PHI,BUF,False,3.0,-0.7645395303815758,-0.30497493620582267,0.34282224963994307
2023_12_KC_LV,2023,12,2023-11-26T16:25-05:00,LV,KC,False,-14.0,-9.764509430739272,-8.013093887041665,-10.147915210906508
2023_12_BAL_LAC,2023,12,2023-11-26T20:20-05:00,LAC,BAL,False,-10.0,-0.2473388375165273,-0.7204444937153966,-0.24331375981978987
2023_12_CHI_MIN,2023,12,2023-11-27T20:15-05:00,MIN,CHI,False,-2.0,3.7184636028036264,6.506141652387582,5.437766005494451
2023_13_SEA_DAL,2023,13,2023-11-30T20:15-05:00,DAL,SEA,False,6.0,11.56724654569662,12.416051984931674,11.613319458072446
2023_13_ARI_PIT,2023,13,2023-12-03T13:00-05:00,PIT,ARI,False,-14.0,6.2828449330903755,7.800279267768392,5.550504081207256
2023_13_ATL_NYJ,2023,13,2023-12-03T13:00-05:00,NYJ,ATL,False,-5.0,-3.6628481614122497,-2.8935255197327487,-2.0651006281282998
2023_13_DEN_HOU,2023,13,2023-12-03T13:00-05:00,HOU,DEN,False,5.0,1.099757267513369,-0.07558729488712142,1.029419549506514
2023_13_DET_NO,2023,13,2023-12-03T13:00-05:00,NO,DET,False,-5.0,-0.6738459029668831,-0.4488340685161847,-1.3068799895728294
2023_13_IND_TEN,2023,13,2023-12-03T13:00-05:00,TEN,IND,False,-3.0,-0.8373623657441512,-1.8769933163297026,-0.08769024291391547
2023_13_LAC_NE,2023,13,2023-12-03T13:00-05:00,NE,LAC,False,-6.0,-4.453460448269639,-4.154620513187716,-5.066038922451754
2023_13_MIA_WAS,2023,13,2023-12-03T13:00-05:00,WAS,MIA,False,-30.0,-7.4629722247544805,-6.3857005606455175,-8.237508595954662
2023_13_CAR_TB,2023,13,2023-12-03T16:05-05:00,TB,CAR,False,3.0,8.138676924590243,7.231323517316437,8.024110860335806
2023_13_CLE_LA,2023,13,2023-12-03T16:25-05:00,LAR,CLE,False,17.0,2.9766988143794197,2.212627988503666,2.2850838017586597
2023_13_SF_PHI,2023,13,2023-12-03T16:25-05:00,PHI,SF,False,-23.0,-2.306812525422675,-1.359474356554677,-2.196816690867644
2023_13_KC_GB,2023,13,2023-12-03T20:20-05:00,GB,KC,False,8.0,-6.08042828276322,-4.383579323970819,-6.247192929020397
2023_13_CIN_JAX,2023,13,2023-12-04T20:15-05:00,JAX,CIN,False,-3.0,5.480290903370127,5.335097705753627,5.864988199218553
2023_14_NE_PIT,2023,14,2023-12-07T20:15-05:00,PIT,NE,False,-3.0,4.887793513907219,5.095132600946428,4.853614792849342
2023_14_CAR_NO,2023,14,2023-12-10T13:00-05:00,NO,CAR,False,22.0,7.107785359069284,6.884806363725652,6.7001180242538725
2023_14_DET_CHI,2023,14,2023-12-10T13:00-05:00,CHI,DET,False,15.0,-2.8749412677633654,-2.8364093093560507,-5.141931542529042
2023_14_HOU_NYJ,2023,14,2023-12-10T13:00-05:00,NYJ,HOU,False,24.0,-5.931092703117078,-4.430296592917467,-6.089715874949174
2023_14_IND_CIN,2023,14,2023-12-10T13:00-05:00,CIN,IND,False,20.0,3.112784306574175,2.6829894723139036,3.239930209880204
2023_14_JAX_CLE,2023,14,2023-12-10T13:00-05:00,CLE,JAX,False,4.0,-0.5066531701464891,-1.7412963984007899,-0.155286999058033
2023_14_LA_BAL,2023,14,2023-12-10T13:00-05:00,BAL,LAR,False,6.0,5.794578794461976,6.31526434229983,6.296022757848465
2023_14_TB_ATL,2023,14,2023-12-10T13:00-05:00,ATL,TB,False,-4.0,-0.22426477648990262,0.028997194401655157,-0.4172515633808211
2023_14_MIN_LV,2023,14,2023-12-10T16:05-05:00,LV,MIN,False,-3.0,-0.6369383465026116,-3.0423027705028405,-0.6986090402012786
2023_14_SEA_SF,2023,14,2023-12-10T16:05-05:00,SF,SEA,False,12.0,14.990945167904407,13.088526376532322,15.173217863354012
2023_14_BUF_KC,2023,14,2023-12-10T16:25-05:00,KC,BUF,False,-3.0,0.45245832981859413,-0.4281689497545951,1.2478410704256402
2023_14_DEN_LAC,2023,14,2023-12-10T16:25-05:00,LAC,DEN,False,-17.0,3.6010089477811045,3.3084308478133875,3.477894094092336
2023_14_PHI_DAL,2023,14,2023-12-10T20:20-05:00,DAL,PHI,False,20.0,5.733341306146933,6.098907681824326,5.581904296596681
2023_14_GB_NYG,2023,14,2023-12-11T20:15-05:00,NYG,GB,False,2.0,-7.208151152345616,-8.355712553473287,-5.862323634180443
2023_14_TEN_MIA,2023,14,2023-12-11T20:15-05:00,MIA,TEN,False,-1.0,11.65063075477576,11.397022451566173,11.185166809814069
2023_15_LAC_LV,2023,15,2023-12-14T20:15-05:00,LV,LAC,False,42.0,0.1754028568589856,0.0056279471847471285,0.07225940257479357
2023_15_MIN_CIN,2023,15,2023-12-16T13:00-05:00,CIN,MIN,False,3.0,3.4244749501272183,3.4648984792872284,2.9667749245043797
2023_15_PIT_IND,2023,15,2023-12-16T16:30-05:00,IND,PIT,False,17.0,1.5020965112466476,1.2744923499422975,1.3464769193132096
2023_15_DEN_DET,2023,15,2023-12-16T20:15-05:00,DET,DEN,False,25.0,1.335590926883411,0.9601873712649878,1.6889905394353464
2023_15_ATL_CAR,2023,15,2023-12-17T13:00-05:00,CAR,ATL,False,2.0,-3.1874303099116936,-2.5026169504575324,-2.751560408307577
2023_15_CHI_CLE,2023,15,2023-12-17T13:00-05:00,CLE,CHI,False,3.0,0.8146209935120172,1.8622605103377603,2.9830407673152144
2023_15_HOU_TEN,2023,15,2023-12-17T13:00-05:00,TEN,HOU,False,-3.0,3.5411359070242967,1.581736612371052,2.772034535332731
2023_15_KC_NE,2023,15,2023-12-17T13:00-05:00,NE,KC,False,-10.0,-9.404947468990253,-8.254675353981394,-9.874177132616257
2023_15_NYG_NO,2023,15,2023-12-17T13:00-05:00,NO,NYG,False,18.0,8.050972690135191,8.901870992107506,6.986645625118745
2023_15_NYJ_MIA,2023,15,2023-12-17T13:00-05:00,MIA,NYJ,False,30.0,11.858353886792754,10.32440300274856,12.107396259637177
2023_15_TB_GB,2023,15,2023-12-17T13:00-05:00,GB,TB,False,-14.0,2.980993110928538,3.163027342618672,3.148623474827715
2023_15_SF_ARI,2023,15,2023-12-17T16:05-05:00,ARI,SF,False,-16.0,-11.710060280388099,-12.042190519923887,-11.689995588519125
2023_15_WAS_LA,2023,15,2023-12-17T16:05-05:00,LAR,WAS,False,8.0,9.239332353412786,9.411688721465103,9.655568259923527
2023_15_DAL_BUF,2023,15,2023-12-17T16:25-05:00,BUF,DAL,False,21.0,0.3329335541275704,-0.20436294051491932,-0.35905410138294847
2023_15_BAL_JAX,2023,15,2023-12-17T20:20-05:00,JAX,BAL,False,-16.0,-2.661859153006328,-2.5328507071466673,-2.2003927150193245
2023_15_PHI_SEA,2023,15,2023-12-18T20:15-05:00,SEA,PHI,False,3.0,-3.889789047076057,-3.9769647209066843,-3.286439874885871
2023_16_NO_LA,2023,16,2023-12-21T20:15-05:00,LAR,NO,False,8.0,2.0170936353398883,1.9015850265132312,2.3113338656445905
2023_16_CIN_PIT,2023,16,2023-12-23T16:30-05:00,PIT,CIN,False,23.0,-5.341038408395319,-5.133396693201399,-5.596716433503902
2023_16_BUF_LAC,2023,16,2023-12-23T20:00-05:00,LAC,BUF,False,-2.0,-13.025551244983362,-11.931514905726925,-13.212148403599494
2023_16_CLE_HOU,2023,16,2023-12-24T13:00-05:00,HOU,CLE,False,-14.0,-0.5784557592598601,-0.9385298312013547,-0.10586901797601955
2023_16_DET_MIN,2023,16,2023-12-24T13:00-05:00,MIN,DET,False,-6.0,-1.2697812780509987,-1.2724564230939341,-1.4872671166895064
2023_16_GB_CAR,2023,16,2023-12-24T13:00-05:00,CAR,GB,False,-3.0,-5.150263352840622,-4.407543834927274,-5.020996142689098
2023_16_IND_ATL,2023,16,2023-12-24T13:00-05:00,ATL,IND,False,19.0,-0.9851650851296017,-0.5590897472696309,-1.2545422429180948
2023_16_SEA_TEN,2023,16,2023-12-24T13:00-05:00,TEN,SEA,False,-3.0,-0.9872892637636212,-1.3325719622886107,-0.5283750448932383
2023_16_WAS_NYJ,2023,16,2023-12-24T13:00-05:00,NYJ,WAS,False,2.0,-1.3347741577176007,-0.732110193185979,0.6824974141623199
2023_16_JAX_TB,2023,16,2023-12-24T16:05-05:00,TB,JAX,False,18.0,2.1924364420025393,1.7508916336786589,2.365900541863109
2023_16_ARI_CHI,2023,16,2023-12-24T16:25-05:00,CHI,ARI,False,11.0,4.558939540343552,5.1209659314733,2.3611009913014995
2023_16_DAL_MIA,2023,16,2023-12-24T16:25-05:00,MIA,DAL,False,2.0,0.3931678686295018,-1.239316420487925,0.3086933242461276
2023_16_NE_DEN,2023,16,2023-12-24T20:15-05:00,DEN,NE,False,-3.0,6.231116950300597,5.897932654913804,6.346028576107011
2023_16_LV_KC,2023,16,2023-12-25T13:00-05:00,KC,LV,False,-6.0,9.689839147743964,8.467694600299986,10.493513118361358
2023_16_NYG_PHI,2023,16,2023-12-25T16:30-05:00,PHI,NYG,False,8.0,11.805831977808538,12.4980381291204,10.88993404766796
2023_16_BAL_SF,2023,16,2023-12-25T20:15-05:00,SF,BAL,False,-14.0,6.240683841795924,5.016970716807193,6.275993309740082
2023_17_NYJ_CLE,2023,17,2023-12-28T20:15-05:00,CLE,NYJ,False,17.0,9.102950291922992,9.497016088892218,8.555225227739122
2023_17_DET_DAL,2023,17,2023-12-30T20:15-05:00,DAL,DET,False,1.0,4.949690285378571,5.616456360232061,5.488666787031112
2023_17_ARI_PHI,2023,17,2023-12-31T13:00-05:00,PHI,ARI,False,-4.0,12.56441604764713,10.983519945466565,12.116572035964772
2023_17_ATL_CHI,2023,17,2023-12-31T13:00-05:00,CHI,ATL,False,20.0,2.4144535846002477,1.8931585614314168,1.2907685935101556
2023_17_CAR_JAX,2023,17,2023-12-31T13:00-05:00,JAX,CAR,False,26.0,6.164635921796108,5.1507360981418335,5.829555701390408
2023_17_LA_NYG,2023,17,2023-12-31T13:00-05:00,NYG,LAR,False,-1.0,-7.287724200627931,-7.043514492812093,-5.144124145691677
2023_17_LV_IND,2023,17,2023-12-31T13:00-05:00,IND,LV,False,3.0,0.37853916154482675,0.21497314593937822,0.6812443831308497
2023_17_MIA_BAL,2023,17,2023-12-31T13:00-05:00,BAL,MIA,False,37.0,2.256634942909638,4.101636664186275,2.326334108919724
2023_17_NE_BUF,2023,17,2023-12-31T13:00-05:00,BUF,NE,False,6.0,13.978801136469146,13.885700626458547,14.104296735816863
2023_17_NO_TB,2023,17,2023-12-31T13:00-05:00,TB,NO,False,-10.0,2.5365328347449854,2.9170439329579114,2.9206314878987496
2023_17_SF_WAS,2023,17,2023-12-31T13:00-05:00,WAS,SF,False,-17.0,-11.71232794295057,-10.681738344245359,-13.487466162050078
2023_17_TEN_HOU,2023,17,2023-12-31T13:00-05:00,HOU,TEN,False,23.0,4.209972399821247,2.868754482484337,3.7686486123350225
2023_17_PIT_SEA,2023,17,2023-12-31T16:05-05:00,SEA,PIT,False,-7.0,3.132266226409671,3.7085964923902504,3.4311123794975993
2023_17_CIN_KC,2023,17,2023-12-31T16:25-05:00,KC,CIN,False,8.0,6.469118776222169,5.219567856734955,6.97474606793452
2023_17_LAC_DEN,2023,17,2023-12-31T16:25-05:00,DEN,LAC,False,7.0,2.606150509266658,2.383643495708058,3.3460279245378146
2023_17_GB_MIN,2023,17,2023-12-31T20:20-05:00,MIN,GB,False,-23.0,-0.46945345645107084,-0.8111473083660181,-0.20902449207577067
2023_18_PIT_BAL,2023,18,2024-01-06T16:30-05:00,BAL,PIT,False,-7.0,8.586192419287132,11.486496993147611,9.097895797078001
2023_18_HOU_IND,2023,18,2024-01-06T20:15-05:00,IND,HOU,False,-4.0,-1.533044375548247,0.6443433272978366,-1.8403794273576581
2023_18_ATL_NO,2023,18,2024-01-07T13:00-05:00,NO,ATL,False,31.0,6.417135707832409,6.389185383348531,6.933377245834977
2023_18_CLE_CIN,2023,18,2024-01-07T13:00-05:00,CIN,CLE,False,17.0,1.2707104969324017,1.9001270994818409,2.21590152982772
2023_18_JAX_TEN,2023,18,2024-01-07T13:00-05:00,TEN,JAX,False,8.0,-3.4169059357603366,-4.268275846246401,-2.5420963590572607
2023_18_MIN_DET,2023,18,2024-01-07T13:00-05:00,DET,MIN,False,10.0,7.896785312349351,7.724680295454266,7.494336312162864
2023_18_NYJ_NE,2023,18,2024-01-07T13:00-05:00,NE,NYJ,False,-14.0,5.4705842773847255,5.098497650957456,4.502388082648689
2023_18_TB_CAR,2023,18,2024-01-07T13:00-05:00,CAR,TB,False,-9.0,-4.580621888180494,-5.115267098626602,-4.424208832760659
2023_18_CHI_GB,2023,18,2024-01-07T16:25-05:00,GB,CHI,False,8.0,3.0575167416842204,2.6794138164956416,3.9251436004605864
2023_18_DAL_WAS,2023,18,2024-01-07T16:25-05:00,WAS,DAL,False,-28.0,-10.354477983777496,-10.414388727263386,-12.233694099488538
2023_18_DEN_LV,2023,18,2024-01-07T16:25-05:00,LV,DEN,False,13.0,2.9309322863552696,2.8939925522671355,2.1269370265231986
2023_18_KC_LAC,2023,18,2024-01-07T16:25-05:00,LAC,KC,False,-1.0,-2.0943203223288624,-2.8403931081385982,-1.859527238730128
2023_18_LA_SF,2023,18,2024-01-07T16:25-05:00,SF,LAR,False,-1.0,6.167459846580753,7.621880673709056,6.637103371662508
2023_18_PHI_NYG,2023,18,2024-01-07T16:25-05:00,NYG,PHI,False,17.0,-8.364880923671933,-7.583753832197527,-6.142251079163634
2023_18_SEA_ARI,2023,18,2024-01-07T16:25-05:00,ARI,SEA,False,-1.0,-0.22289934590900606,-0.8714061474286887,-0.07103772030138844
2023_18_BUF_MIA,2023,18,2024-01-07T20:20-05:00,MIA,BUF,False,-7.0,-1.7882645515142133,-2.9256318430022366,-1.1423731223134475
2024_01_BAL_KC,2024,1,2024-09-05T20:20-04:00,KC,BAL,False,7.0,2.00949902716724,1.2136540114015975,1.880259186896061
2024_01_GB_PHI,2024,1,2024-09-06T20:15-04:00,PHI,GB,True,5.0,-2.5167321154053495,-3.1277773951061656,-1.9526759262061704
2024_01_ARI_BUF,2024,1,2024-09-08T13:00-04:00,BUF,ARI,False,6.0,9.066776104787216,8.89089684178174,8.640428427286501
2024_01_CAR_NO,2024,1,2024-09-08T13:00-04:00,NO,CAR,False,37.0,10.201017105511736,9.448192376528844,9.581473072253129
2024_01_HOU_IND,2024,1,2024-09-08T13:00-04:00,IND,HOU,False,-2.0,-1.266882090719632,-0.5911357048230179,-1.2450409178679465
2024_01_JAX_MIA,2024,1,2024-09-08T13:00-04:00,MIA,JAX,False,3.0,4.164980928248175,2.2758111266007406,4.259057640570418
2024_01_MIN_NYG,2024,1,2024-09-08T13:00-04:00,NYG,MIN,False,-22.0,1.6873695058487832,1.859505663154161,2.403388872391419
2024_01_NE_CIN,2024,1,2024-09-08T13:00-04:00,CIN,NE,False,-6.0,5.182066861852448,6.448174568377409,4.869109340733145
2024_01_PIT_ATL,2024,1,2024-09-08T13:00-04:00,ATL,PIT,False,-8.0,0.2632368266916626,-1.5941971580898922,1.632087787203714
2024_01_TEN_CHI,2024,1,2024-09-08T13:00-04:00,CHI,TEN,False,7.0,2.404192656844815,1.6676602128839901,1.9415047943486128
2024_01_DEN_SEA,2024,1,2024-09-08T16:05-04:00,SEA,DEN,False,6.0,5.426676751638981,6.210313829257434,4.605481686277852
2024_01_LV_LAC,2024,1,2024-09-08T16:05-04:00,LAC,LV,False,12.0,0.8352207606109541,-0.33442644900391527,1.5082769159400697
2024_01_DAL_CLE,2024,1,2024-09-08T16:25-04:00,CLE,DAL,False,-16.0,-3.8247825422624535,-4.868340395769429,-4.5082565998181
2024_01_WAS_TB,2024,1,2024-09-08T16:25-04:00,TB,WAS,False,17.0,8.802090516158227,10.790434972816387,9.083969836117486
2024_01_LA_DET,2024,1,2024-09-08T20:20-04:00,DET,LAR,False,6.0,2.134437534434878,1.860080680302284,2.471718309156823
2024_01_NYJ_SF,2024,1,2024-09-09T20:15-04:00,SF,NYJ,False,13.0,8.256364628481375,9.56547554408342,7.470867990370758
2024_02_BUF_MIA,2024,2,2024-09-12T20:15-04:00,MIA,BUF,False,-21.0,-1.530775903285007,-3.061669889228641,-1.1059637274937404
2024_02_CLE_JAX,2024,2,2024-09-15T13:00-04:00,JAX,CLE,False,-5.0,2.9247632852070735,4.150251460813254,3.708808020734859
2024_02_IND_GB,2024,2,2024-09-15T13:00-04:00,GB,IND,False,6.0,3.4463049712637845,4.973547945908874,1.5287717448500262
2024_02_LAC_CAR,2024,2,2024-09-15T13:00-04:00,CAR,LAC,False,-23.0,-7.022694882823388,-4.656801013156404,-7.097862821638934
2024_02_LV_BAL,2024,2,2024-09-15T13:00-04:00,BAL,LV,False,-3.0,7.896849991766982,7.855442983384446,7.947232407482808
2024_02_NO_DAL,2024,2,2024-09-15T13:00-04:00,DAL,NO,False,-25.0,3.2483289604046037,2.7840514516455275,3.75195029504947
2024_02_NYG_WAS,2024,2,2024-09-15T13:00-04:00,WAS,NYG,False,3.0,0.6927345211269866,-1.4021689643863582,-0.15903538576281773
2024_02_NYJ_TEN,2024,2,2024-09-15T13:00-04:00,TEN,NYJ,False,-7.0,-1.2099791808604388,1.7028464972644142,-0.7153681173288979
2024_02_SEA_NE,2024,2,2024-09-15T13:00-04:00,NE,SEA,False,-3.0,1.031958110928814,-0.9231673528314657,2.0727570918155296
2024_02_SF_MIN,2024,2,2024-09-15T13:00-04:00,MIN,SF,False,6.0,-5.16558407213517,-3.5939431594754963,-5.182162773091941
2024_02_TB_DET,2024,2,2024-09-15T13:00-04:00,DET,TB,False,-4.0,3.0192950016160243,2.4765358276499425,3.207639808297016
2024_02_LA_ARI,2024,2,2024-09-15T16:05-04:00,ARI,LAR,False,31.0,-1.4933054381592537,-1.2242305995171958,-1.0608952408478678
2024_02_CIN_KC,2024,2,2024-09-15T16:25-04:00,KC,CIN,False,1.0,5.989416236858826,6.325194260924766,5.700072616493097
2024_02_PIT_DEN,2024,2,2024-09-15T16:25-04:00,DEN,PIT,False,-7.0,-3.459275010301517,-2.830385099227148,-1.2430177331557
2024_02_CHI_HOU,2024,2,2024-09-15T20:20-04:00,HOU,CHI,False,6.0,4.481711795758252,3.2161829391060555,3.722052789171941
2024_02_ATL_PHI,2024,2,2024-09-16T20:15-04:00,PHI,ATL,False,-1.0,4.375287169204914,5.207021159318619,4.560078889349781
2024_03_NE_NYJ,2024,3,2024-09-19T20:15-04:00,NYJ,NE,False,21.0,2.158791242120723,1.4285866292462999,1.8100752026896072
2024_03_CHI_IND,2024,3,2024-09-22T13:00-04:00,IND,CHI,False,5.0,1.1699659920197796,1.0088048076013185,0.27862248908571585
2024_03_DEN_TB,2024,3,2024-09-22T13:00-04:00,TB,DEN,False,-19.0,7.948501178645431,6.808279739593739,7.945122386480972
2024_03_GB_TEN,2024,3,2024-09-22T13:00-04:00,TEN,GB,False,-16.0,-4.1368815665552345,-4.041229213819506,-1.3683087045682258
2024_03_HOU_MIN,2024,3,2024-09-22T13:00-04:00,MIN,HOU,False,27.0,-0.27940366885364254,1.7719097787188813,0.07178746755690835
2024_03_LAC_PIT,2024,3,2024-09-22T13:00-04:00,PIT,LAC,False,10.0,2.944005687691961,2.700892181480137,1.4122025246700276
2024_03_NYG_CLE,2024,3,2024-09-22T13:00-04:00,CLE,NYG,False,-6.0,3.559257236199551,2.5724959074059432,2.6247674273645156
2024_03_PHI_NO,2024,3,2024-09-22T13:00-04:00,NO,PHI,False,-3.0,7.082213164460939,8.100689839473329,7.130552680100838
2024_03_CAR_LV,2024,3,2024-09-22T16:05-04:00,LV,CAR,False,-14.0,6.861392762873745,8.721100592124355,5.927756494378347
2024_03_MIA_SEA,2024,3,2024-09-22T16:05-04:00,SEA,MIA,False,21.0,3.8652000194794423,3.5470232443180088,4.045305893136467
2024_03_BAL_DAL,2024,3,2024-09-22T16:25-04:00,DAL,BAL,False,-3.0,1.8640431375023803,1.7948610025401124,2.198608932202092
2024_03_DET_ARI,2024,3,2024-09-22T16:25-04:00,ARI,DET,False,-7.0,-1.039994956497598,-0.29345814133077097,-0.799033863818752
2024_03_SF_LA,2024,3,2024-09-22T16:25-04:00,LAR,SF,False,3.0,-3.7485401487417724,-2.4599854249249846,-3.917293485173494
2024_03_KC_ATL,2024,3,2024-09-22T20:20-04:00,ATL,KC,False,-5.0,-4.746606956016439,-5.202261695415025,-5.517577004608504
2024_03_JAX_BUF,2024,3,2024-09-23T19:30-04:00,BUF,JAX,False,37.0,10.459635640938242,10.208118579853098,9.67590379125836
2024_03_WAS_CIN,2024,3,2024-09-23T20:15-04:00,CIN,WAS,False,-5.0,6.768534531551552,7.960697192879332,7.362481897549681
2024_04_DAL_NYG,2024,4,2024-09-26T20:15-04:00,NYG,DAL,False,-5.0,-4.4985434086732266,-4.131184491419185,-4.534384717858624
2024_04_CIN_CAR,2024,4,2024-09-29T13:00-04:00,CAR,CIN,False,-10.0,-5.06713304026834,-5.897680616776574,-4.496653453777203
2024_04_DEN_NYJ,2024,4,2024-09-29T13:00-04:00,NYJ,DEN,False,-1.0,5.848881903745469,2.467161684019805,5.657645983498387
2024_04_JAX_HOU,2024,4,2024-09-29T13:00-04:00,HOU,JAX,False,4.0,4.156444002045951,2.4069173212483967,3.6182718785987693
2024_04_LA_CHI,2024,4,2024-09-29T13:00-04:00,CHI,LAR,False,6.0,-1.177083414834454,-0.3813836055203832,-1.120946919562444
2024_04_MIN_GB,2024,4,2024-09-29T13:00-04:00,GB,MIN,False,-2.0,1.2020530777480716,3.1502650639697514,0.14283310905699664
2024_04_NO_ATL,2024,4,2024-09-29T13:00-04:00,ATL,NO,False,2.0,-4.330927764414542,-5.634731813089705,-4.502028823748699
2024_04_PHI_TB,2024,4,2024-09-29T13:00-04:00,TB,PHI,False,17.0,0.4966088280392885,0.8513338182590485,1.3630498896557524
2024_04_PIT_IND,2024,4,2024-09-29T13:00-04:00,IND,PIT,False,3.0,-2.4506640116583593,-2.0771737685359515,-1.1920161581769153
2024_04_NE_SF,2024,4,2024-09-29T16:05-04:00,SF,NE,False,17.0,9.32036731846057,9.314168611474127,8.44978773075384
2024_04_WAS_ARI,2024,4,2024-09-29T16:05-04:00,ARI,WAS,False,-28.0,2.521560149254965,5.2224305506676325,2.7079515082931005
2024_04_CLE_LV,2024,4,2024-09-29T16:25-04:00,LV,CLE,False,4.0,1.4383374949720626,2.2095095896918053,1.674787883656558
2024_04_KC_LAC,2024,4,2024-09-29T16:25-04:00,LAC,KC,False,-7.0,-5.155986434870038,-3.3754598778394964,-4.625259762005358
2024_04_BUF_BAL,2024,4,2024-09-29T20:20-04:00,BAL,BUF,False,25.0,-2.603548949912268,-3.16326476524606,-2.4450759648134928
2024_04_TEN_MIA,2024,4,2024-09-30T19:30-04:00,MIA,TEN,False,-19.0,6.272467108585474,4.819229078662793,5.309269902139992
2024_04_SEA_DET,2024,4,2024-09-30T20:15-04:00,DET,SEA,False,13.0,4.160178735457946,3.42048134636881,4.333542521508295
2024_05_TB_ATL,2024,5,2024-10-03T20:15-04:00,ATL,TB,False,6.0,-0.7609611421731792,-1.4935749592111136,-1.7494817124579318
2024_05_NYJ_MIN,2024,5,2024-10-06T09:30-04:00,MIN,NYJ,True,6.0,1.0800327259208626,3.1332735008381345,1.0613073467298504
2024_05_BAL_CIN,2024,5,2024-10-06T13:00-04:00,CIN,BAL,False,-3.0,-1.5211978399619017,-2.28030337119102,-1.374929617184757
2024_05_BUF_HOU,2024,5,2024-10-06T13:00-04:00,HOU,BUF,False,3.0,-4.968591585956103,-6.860530874116053,-4.954509628522429
2024_05_CAR_CHI,2024,5,2024-10-06T13:00-04:00,CHI,CAR,False,26.0,4.431059255468928,6.447010245770847,4.527012138738451
2024_05_CLE_WAS,2024,5,2024-10-06T13:00-04:00,WAS,CLE,False,21.0,5.521833926088332,3.448480263948248,5.375097208246226
2024_05_IND_JAX,2024,5,2024-10-06T13:00-04:00,JAX,IND,False,3.0,1.3599577717477485,0.3240450021706157,1.692198032284711
2024_05_MIA_NE,2024,5,2024-10-06T13:00-04:00,NE,MIA,False,-5.0,1.0718069260604333,0.5371459730969644,2.283407105217924
2024_05_ARI_SF,2024,5,2024-10-06T16:05-04:00,SF,ARI,False,-1.0,9.197624743726015,7.678155385046285,9.071475276611732
2024_05_LV_DEN,2024,5,2024-10-06T16:05-04:00,DEN,LV,False,16.0,1.7963894440158872,3.267017015894613,2.1193884053365557
2024_05_GB_LA,2024,5,2024-10-06T16:25-04:00,LAR,GB,False,-5.0,-1.521673986997634,-1.5661510079559111,-0.9628395703663655
2024_05_NYG_SEA,2024,5,2024-10-06T16:25-04:00,SEA,NYG,False,-9.0,4.26527282017616,4.449220195637952,4.178902448879416
2024_05_DAL_PIT,2024,5,2024-10-06T20:20-04:00,PIT,DAL,False,-3.0,-1.5784112118285087,-0.8189222103645544,-2.7929573275813553
2024_05_NO_KC,2024,5,2024-10-07T20:15-04:00,KC,NO,False,13.0,2.779063710632016,1.8918490581257374,3.380908655990654
2024_06_SF_SEA,2024,6,2024-10-10T20:15-04:00,SEA,SF,False,-12.0,-3.6798858683799454,-2.0772481527365447,-3.656494317645867
2024_06_JAX_CHI,2024,6,2024-10-13T09:30-04:00,CHI,JAX,True,19.0,2.0388067137900947,2.171903711919131,2.305765031877615
2024_06_ARI_GB,2024,6,2024-10-13T13:00-04:00,GB,ARI,False,21.0,5.308847824317432,5.134250467779268,5.110106124418847
2024_06_CLE_PHI,2024,6,2024-10-13T13:00-04:00,PHI,CLE,False,4.0,6.347813210353766,6.201285617675856,6.562570782604223
2024_06_HOU_NE,2024,6,2024-10-13T13:00-04:00,NE,HOU,False,-20.0,-4.4185171888173045,-4.764000471042957,-3.3253654839759
2024_06_IND_TEN,2024,6,2024-10-13T13:00-04:00,TEN,IND,False,-3.0,-1.8180622770166492,-1.9604771994942678,-1.2281175312159256
2024_06_TB_NO,2024,6,2024-10-13T13:00-04:00,NO,TB,False,-24.0,-0.26519140452733003,-0.3355292514808177,-1.8156810677276587
2024_06_WAS_BAL,2024,6,2024-10-13T13:00-04:00,BAL,WAS,False,7.0,5.645218326509149,7.940872479271668,5.372272846697837
2024_06_LAC_DEN,2024,6,2024-10-13T16:05-04:00,DEN,LAC,False,-7.0,-0.8688104140492712,1.3410637840768782,-1.1635746344938522
2024_06_PIT_LV,2024,6,2024-10-13T16:05-04:00,LV,PIT,False,-19.0,-3.1611870814498326,-3.862551206151536,-1.9035086214027352
2024_06_ATL_CAR,2024,6,2024-10-13T16:25-04:00,CAR,ATL,False,-18.0,-4.448119264190779,-5.273973557479705,-3.7248323777756944
2024_06_DET_DAL,2024,6,2024-10-13T16:25-04:00,DAL,DET,False,-38.0,1.8590704915286826,1.5551159298464223,1.477065476822705
2024_06_CIN_NYG,2024,6,2024-10-13T20:20-04:00,NYG,CIN,False,-10.0,-2.73712179283838,-1.864428612004581,-2.7039265698270194
2024_06_BUF_NYJ,2024,6,2024-10-14T20:15-04:00,NYJ,BUF,False,-3.0,-5.301107667172362,-6.815807554577171,-4.947104482490582
2024_07_DEN_NO,2024,7,2024-10-17T20:15-04:00,NO,DEN,False,-23.0,2.8117774832705393,1.9590701985774857,1.5975340173990848
2024_07_NE_JAX,2024,7,2024-10-20T09:30-04:00,JAX,NE,True,16.0,4.729076116076333,5.730265330320394,4.198026159297835
2024_07_CIN_CLE,2024,7,2024-10-20T13:00-04:00,CLE,CIN,False,-7.0,-6.236465829220604,-5.915488386512644,-6.203895933184194
2024_07_DET_MIN,2024,7,2024-10-20T13:00-04:00,MIN,DET,False,-2.0,-1.9664021391972872,-1.8565600818111472,-2.056067480553094
2024_07_HOU_GB,2024,7,2024-10-20T13:00-04:00,GB,HOU,False,2.0,4.592284308658181,5.98730481354882,4.446732000628683
2024_07_MIA_IND,2024,7,2024-10-20T13:00-04:00,IND,MIA,False,6.0,4.6596337681539595,4.848160815956769,4.197299651133306
2024_07_PHI_NYG,2024,7,2024-10-20T13:00-04:00,NYG,PHI,False,-25.0,-0.6588893509434517,-0.17917021281528656,-1.0285823256325544
2024_07_SEA_ATL,2024,7,2024-10-20T13:00-04:00,ATL,SEA,False,-20.0,3.7692900913023637,3.1634101854381,3.3508421848331063
2024_07_TEN_BUF,2024,7,2024-10-20T13:00-04:00,BUF,TEN,False,24.0,12.071112776306267,13.20312648334693,10.81591119191879
2024_07_CAR_WAS,2024,7,2024-10-20T16:05-04:00,WAS,CAR,False,33.0,10.856406331530447,9.439457902663342,10.684781397477117
2024_07_LV_LA,2024,7,2024-10-20T16:05-04:00,LAR,LV,False,5.0,6.923234545547782,6.9561479015783325,7.1902487831897774
2024_07_KC_SF,2024,7,2024-10-20T16:25-04:00,SF,KC,False,-10.0,1.999946942502637,1.1806014757680747,1.6228363291928463
2024_07_NYJ_PIT,2024,7,2024-10-20T20:20-04:00,PIT,NYJ,False,22.0,4.512247382974184,6.295837644073304,3.944105129666435
2024_07_BAL_TB,2024,7,2024-10-21T20:15-04:00,TB,BAL,False,-10.0,-1.0151859765167544,-1.192343891613091,-0.5608213314333554
2024_07_LAC_ARI,2024,7,2024-10-21T21:00-04:00,ARI,LAC,False,2.0,-0.1289088220168873,0.3971542913119397,-1.2427210380129434
2024_08_MIN_LA,2024,8,2024-10-24T20:15-04:00,LAR,MIN,False,10.0,0.45015999823017067,-0.3874029584820482,0.07106351020184354
2024_08_ARI_MIA,2024,8,2024-10-27T13:00-04:00,MIA,ARI,False,-1.0,-4.05958069718251,-2.808235110968639,-3.5235029444518817
2024_08_ATL_TB,2024,8,2024-10-27T13:00-04:00,TB,ATL,False,-5.0,4.5778577103222835,5.050587632355483,5.097793544176706
2024_08_BAL_CLE,2024,8,2024-10-27T13:00-04:00,CLE,BAL,False,5.0,-9.472078853702808,-10.622075960982173,-8.058891617319201
2024_08_GB_JAX,2024,8,2024-10-27T13:00-04:00,JAX,GB,False,-3.0,-3.747872478165287,-3.4482722915122626,-3.6687130901093608
2024_08_IND_HOU,2024,8,2024-10-27T13:00-04:00,HOU,IND,False,3.0,4.790613081784942,2.6088449958879303,5.296426295253417
2024_08_NYJ_NE,2024,8,2024-10-27T13:00-04:00,NE,NYJ,False,3.0,-3.784425309431994,-3.822252683671704,-3.3888066107497803
2024_08_PHI_CIN,2024,8,2024-10-27T13:00-04:00,CIN,PHI,False,-20.0,3.651250658990456,3.2800795031352394,3.3662683225666115
2024_08_TEN_DET,2024,8,2024-10-27T13:00-04:00,DET,TEN,False,38.0,12.08406295725809,13.25448393882203,12.013248953516737
2024_08_BUF_SEA,2024,8,2024-10-27T16:05-04:00,SEA,BUF,False,-21.0,-5.54320601361796,-5.544845937617488,-5.690185284643199
2024_08_NO_LAC,2024,8,2024-10-27T16:05-04:00,LAC,NO,False,18.0,6.36314450395638,4.176851015140818,7.558326122143921
2024_08_CAR_DEN,2024,8,2024-10-27T16:25-04:00,DEN,CAR,False,14.0,11.250771193708982,11.914100152936374,12.866297539390256
2024_08_CHI_WAS,2024,8,2024-10-27T16:25-04:00,WAS,CHI,False,3.0,0.1142054931331149,0.5173230837484994,-0.6852395015260968
2024_08_KC_LV,2024,8,2024-10-27T16:25-04:00,LV,KC,False,-7.0,-6.503205378546058,-8.500589201560274,-6.503983946775555
2024_08_DAL_SF,2024,8,2024-10-27T20:20-04:00,SF,DAL,False,6.0,4.326512114083432,3.3582986068377187,3.9717060813923535
2024_08_NYG_PIT,2024,8,2024-10-28T20:15-04:00,PIT,NYG,False,8.0,9.72547586504245,10.50697393883526,9.094438156981907
2024_09_HOU_NYJ,2024,9,2024-10-31T20:15-04:00,NYJ,HOU,False,8.0,-1.850021400785853,-1.3733612868936276,-2.0604522625090755
2024_09_DAL_ATL,2024,9,2024-11-03T13:00-05:00,ATL,DAL,False,6.0,1.0139123674323114,1.0521818577922502,0.497203775582832
2024_09_DEN_BAL,2024,9,2024-11-03T13:00-05:00,BAL,DEN,False,31.0,6.860907242908511,5.887183688048729,6.5224097686775355
2024_09_LAC_CLE,2024,9,2024-11-03T13:00-05:00,CLE,LAC,False,-17.0,-3.577519002756483,-4.07591506948231,-3.4164969370355314
2024_09_LV_CIN,2024,9,2024-11-03T13:00-05:00,CIN,LV,False,17.0,8.561250662832785,7.7389618714863335,8.919384602235578
2024_09_MIA_BUF,2024,9,2024-11-03T13:00-05:00,BUF,MIA,False,3.0,12.307703264728477,14.35179202897179,11.891833786968311
2024_09_NE_TEN,2024,9,2024-11-03T13:00-05:00,TEN,NE,False,3.0,1.2232830781189226,1.3125159946723381,1.5843787562318026
2024_09_NO_CAR,2024,9,2024-11-03T13:00-05:00,CAR,NO,False,1.0,-5.459020614027523,-4.333901805544601,-7.619871088536243
2024_09_WAS_NYG,2024,9,2024-11-03T13:00-05:00,NYG,WAS,False,-5.0,-3.5741437454535285,-4.191431035141495,-3.045607185486051
2024_09_CHI_ARI,2024,9,2024-11-03T16:05-05:00,ARI,CHI,False,20.0,1.1160187028195216,0.8739214857709712,-0.06465794444349182
2024_09_JAX_PHI,2024,9,2024-11-03T16:05-05:00,PHI,JAX,False,5.0,5.973834126250391,5.598822147557129,6.363077289195349
2024_09_DET_GB,2024,9,2024-11-03T16:25-05:00,GB,DET,False,-10.0,-2.779894472031433,-1.696486892598076,-4.6179225696165505
2024_09_LA_SEA,2024,9,2024-11-03T16:25-05:00,SEA,LAR,False,-6.0,-0.5608418419350167,-0.19127989735713047,-0.7280367284456606
2024_09_IND_MIN,2024,9,2024-11-03T20:20-05:00,MIN,IND,False,8.0,4.133578515846881,3.5585613902275766,4.36210390944582
2024_09_TB_KC,2024,9,2024-11-04T20:15-05:00,KC,TB,False,6.0,6.65061109485072,6.607783900586979,7.2877928401585965
2024_10_CIN_BAL,2024,10,2024-11-07T20:15-05:00,BAL,CIN,False,1.0,5.619692731277029,6.730371406794886,5.725495729534755
2024_10_NYG_CAR,2024,10,2024-11-10T09:30-05:00,CAR,NYG,True,3.0,-4.24178065731215,-4.971061084527557,-4.568133075491513
2024_10_ATL_NO,2024,10,2024-11-10T13:00-05:00,NO,ATL,False,3.0,-0.5636004876986525,-1.0875819615434863,0.42640421152622765
2024_10_BUF_IND,2024,10,2024-11-10T13:00-05:00,IND,BUF,False,-10.0,-8.938892925689174,-8.470513797677725,-8.37514076243177
2024_10_DEN_KC,2024,10,2024-11-10T13:00-05:00,KC,DEN,False,2.0,10.12574674302974,8.806222812397836,10.037055537485317
2024_10_MIN_JAX,2024,10,2024-11-10T13:00-05:00,JAX,MIN,False,-5.0,-3.356563713890803,-2.436496432737438,-4.253597458793609
2024_10_NE_CHI,2024,10,2024-11-10T13:00-05:00,CHI,NE,False,-16.0,8.059747316086707,8.14665945747215,8.490118615192172
2024_10_PIT_WAS,2024,10,2024-11-10T13:00-05:00,WAS,PIT,False,-1.0,-0.8937713885396096,-0.9162778501293126,-1.4178802452638368
2024_10_SF_TB,2024,10,2024-11-10T13:00-05:00,TB,SF,False,-3.0,-2.5855570855307337,-1.0561782661273555,-3.0489163633424243
2024_10_TEN_LAC,2024,10,2024-11-10T16:05-05:00,LAC,TEN,False,10.0,9.869668537477782,9.930719457568415,10.758299799245478
2024_10_NYJ_ARI,2024,10,2024-11-10T16:25-05:00,ARI,NYJ,False,25.0,3.8015198191487913,4.686740098622819,3.4779346969029596
2024_10_PHI_DAL,2024,10,2024-11-10T16:25-05:00,DAL,PHI,False,-28.0,-3.029701036140665,-1.8099828333509662,-3.3131397354511347
2024_10_DET_HOU,2024,10,2024-11-10T20:20-05:00,HOU,DET,False,-3.0,-3.4849174315192997,-5.247850390712579,-4.044415170108199
2024_10_MIA_LA,2024,10,2024-11-11T20:15-05:00,LAR,MIA,False,-8.0,3.6585295522751564,4.791422265733134,3.1986123285381978
2024_11_WAS_PHI,2024,11,2024-11-14T20:15-05:00,PHI,WAS,False,8.0,4.7719002322198625,4.384985778849796,6.118993020589414
2024_11_BAL_PIT,2024,11,2024-11-17T13:00-05:00,PIT,BAL,False,2.0,-2.9203281020272347,-2.2747097684131807,-2.487811227248768
2024_11_CLE_NO,2024,11,2024-11-17T13:00-05:00,NO,CLE,False,21.0,4.890420900611362,4.51259555864347,4.522931828624525
2024_11_GB_CHI,2024,11,2024-11-17T13:00-05:00,CHI,GB,False,-1.0,-4.053592945639384,-4.290085753558138,-3.09999462807171
2024_11_IND_NYJ,2024,11,2024-11-17T13:00-05:00,NYJ,IND,False,-1.0,2.8733693470585604,0.9096786315235409,2.2361177961678287
2024_11_JAX_DET,2024,11,2024-11-17T13:00-05:00,DET,JAX,False,46.0,12.58859324524489,11.270045986528704,13.625119887177927
2024_11_LA_NE,2024,11,2024-11-17T13:00-05:00,NE,LAR,False,-6.0,-4.254275838874477,-3.544992394730767,-4.0925303743700345
2024_11_LV_MIA,2024,11,2024-11-17T13:00-05:00,MIA,LV,False,15.0,7.053763745750073,5.6034828380292225,7.258951076903587
2024_11_MIN_TEN,2024,11,2024-11-17T13:00-05:00,TEN,MIN,False,-10.0,-6.6784265118436394,-6.905567372107436,-5.696078888939516
2024_11_ATL_DEN,2024,11,2024-11-17T16:05-05:00,DEN,ATL,False,32.0,0.12506118613890482,1.4763204611633058,0.6495808366911531
2024_11_SEA_SF,2024,11,2024-11-17T16:05-05:00,SF,SEA,False,-3.0,9.486260526855034,8.043629223245464,9.120498978950781
2024_11_KC_BUF,2024,11,2024-11-17T16:25-05:00,BUF,KC,False,9.0,4.353338117480974,4.483857369792664,3.8419117412601578
2024_11_CIN_LAC,2024,11,2024-11-17T20:20-05:00,LAC,CIN,False,7.0,1.0090607778707303,1.6225990060566244,2.170422902059132
2024_11_HOU_DAL,2024,11,2024-11-18T20:15-05:00,DAL,HOU,False,-24.0,-3.847966837454928,-1.135233376994667,-4.222113954016422
2024_12_PIT_CLE,2024,12,2024-11-21T20:15-05:00,CLE,PIT,False,5.0,-6.482758167257637,-7.5010306117022285,-5.973111857093139
2024_12_DAL_WAS,2024,12,2024-11-24T13:00-05:00,WAS,DAL,False,-8.0,7.481208002703919,6.658692763976985,6.893648589542385
2024_12_DET_IND,2024,12,2024-11-24T13:00-05:00,IND,DET,False,-18.0,-10.147640628858943,-9.372841277687296,-10.172118134011097
2024_12_KC_CAR,2024,12,2024-11-24T13:00-05:00,CAR,KC,False,-3.0,-10.409224016553662,-10.855136533768215,-11.179488176377202
2024_12_MIN_CHI,2024,12,2024-11-24T13:00-05:00,CHI,MIN,False,-3.0,-1.9209353809885465,-2.4920191955924733,-1.3132595347535856
2024_12_NE_MIA,2024,12,2024-11-24T13:00-05:00,MIA,NE,False,19.0,7.879610611270067,6.596401430997014,8.15985587067322
2024_12_TB_NYG,2024,12,2024-11-24T13:00-05:00,NYG,TB,False,-23.0,-5.45953724139781,-6.555723095148583,-6.0850340363808275
2024_12_TEN_HOU,2024,12,2024-11-24T13:00-05:00,HOU,TEN,False,-5.0,11.578806420267167,9.78576756372517,10.691336930469458
2024_12_DEN_LV,2024,12,2024-11-24T16:05-05:00,LV,DEN,False,-10.0,-5.614643200868283,-6.5055321828962285,-5.97063252771345
2024_12_ARI_SEA,2024,12,2024-11-24T16:25-05:00,SEA,ARI,False,10.0,-3.6836193641463986,-3.5547360203419087,-2.8319718209691636
2024_12_SF_GB,2024,12,2024-11-24T16:25-05:00,GB,SF,False,28.0,3.7221808794238562,2.918511135272123,4.201790603111433
2024_12_PHI_LA,2024,12,2024-11-24T20:20-05:00,LAR,PHI,False,-17.0,-1.6328765608508893,-2.0111186235880876,-2.7701254863290954
2024_12_BAL_LAC,2024,12,2024-11-25T20:15-05:00,LAC,BAL,False,-7.0,-3.1401547990453924,-2.8887015223281134,-1.798051482375535
2024_13_CHI_DET,2024,13,2024-11-28T12:30-05:00,DET,CHI,False,3.0,11.011717504065505,11.726208945265435,11.201276245419045
2024_13_NYG_DAL,2024,13,2024-11-28T16:30-05:00,DAL,NYG,False,7.0,4.906006075505814,6.080780732149945,4.665179194676499
2024_13_MIA_GB,2024,13,2024-11-28T20:20-05:00,GB,MIA,False,13.0,4.028340948314171,5.582667647223332,4.015356400190259
2024_13_LV_KC,2024,13,2024-11-29T15:00-05:00,KC,LV,False,2.0,9.740920210958057,12.072448818297337,9.618338425933047
2024_13_ARI_MIN,2024,13,2024-12-01T13:00-05:00,MIN,ARI,False,1.0,1.7792094651268084,2.271496473867285,1.891864679339067
2024_13_HOU_JAX,2024,13,2024-12-01T13:00-05:00,JAX,HOU,False,-3.0,-6.576411056231527,-2.78484212118208,-7.004558696929324
2024_13_IND_NE,2024,13,2024-12-01T13:00-05:00,NE,IND,False,-1.0,-0.5218281439850994,-1.6351979760161703,-0.7797891032576116
2024_13_LAC_ATL,2024,13,2024-12-01T13:00-05:00,ATL,LAC,False,-4.0,-1.2657788678208317,-1.2990274743110257,-2.158263575968877
2024_13_PIT_CIN,2024,13,2024-12-01T13:00-05:00,CIN,PIT,False,-6.0,2.624986549156482,1.1618477670393053,2.2151612672491554
2024_13_SEA_NYJ,2024,13,2024-12-01T13:00-05:00,NYJ,SEA,False,-5.0,1.4319565057865362,0.29335546344699864,0.866085824487751
2024_13_TEN_WAS,2024,13,2024-12-01T13:00-05:00,WAS,TEN,False,23.0,8.303615035888823,7.476449804503899,6.0213417835335035
2024_13_LA_NO,2024,13,2024-12-01T16:05-05:00,NO,LAR,False,-7.0,2.1077075811316237,2.0132476774907424,2.535054240291014
2024_13_TB_CAR,2024,13,2024-12-01T16:05-05:00,CAR,TB,False,-3.0,-8.948852335624657,-8.660660890477605,-8.705355437865881
2024_13_PHI_BAL,2024,13,2024-12-01T16:25-05:00,BAL,PHI,False,-5.0,3.4433650267268243,2.9905493175684454,2.430386356561251
2024_13_SF_BUF,2024,13,2024-12-01T20:20-05:00,BUF,SF,False,25.0,14.304274758377197,9.747386460371361,14.571597633129889
2024_13_CLE_DEN,2024,13,2024-12-02T20:15-05:00,DEN,CLE,False,9.0,8.064807814963913,8.971312788625607,7.5854968456222185
2024_14_GB_DET,2024,14,2024-12-05T20:15-05:00,DET,GB,False,3.0,4.669512194772312,4.505751099345411,5.2605915278555155
2024_14_ATL_MIN,2024,14,2024-12-08T13:00-05:00,MIN,ATL,False,21.0,5.11296915647369,5.969631775761947,5.504171417569237
2024_14_CAR_PHI,2024,14,2024-12-08T13:00-05:00,PHI,CAR,False,6.0,13.926033326875906,14.033393861755556,15.240749771215954
2024_14_CLE_PIT,2024,14,2024-12-08T13:00-05:00,PIT,CLE,False,13.0,8.783857997623379,9.480304462996623,8.611833075657312
2024_14_JAX_TEN,2024,14,2024-12-08T13:00-05:00,TEN,JAX,False,-4.0,-0.24585900280503364,-0.645344625410241,1.9163490552592721
2024_14_LV_TB,2024,14,2024-12-08T13:00-05:00,TB,LV,False,15.0,8.115536840457338,9.503168508863766,7.583723495311066
2024_14_NO_NYG,2024,14,2024-12-08T13:00-05:00,NYG,NO,False,-3.0,-3.9057484502357247,-5.173259748197852,-4.627270325330061
2024_14_NYJ_MIA,2024,14,2024-12-08T13:00-05:00,MIA,NYJ,False,6.0,5.699023275101332,5.478897821991824,6.005665285804509
2024_14_SEA_ARI,2024,14,2024-12-08T16:05-05:00,ARI,SEA,False,-12.0,4.816261174578962,4.571913928551837,3.9657287699635564
2024_14_BUF_LA,2024,14,2024-12-08T16:25-05:00,LAR,BUF,False,2.0,-8.40356209324748,-8.95301375639576,-8.26716990193663
2024_14_CHI_SF,2024,14,2024-12-08T16:25-05:00,SF,CHI,False,25.0,4.2369257176247785,2.565089930635613,3.8474776935722916
2024_14_LAC_KC,2024,14,2024-12-08T20:20-05:00,KC,LAC,False,2.0,3.507201105239277,3.9553917127596456,3.138542174656936
2024_14_CIN_DAL,2024,14,2024-12-09T20:15-05:00,DAL,CIN,False,-7.0,-3.4134961525717835,-1.6541464785339595,-3.2655571835849475
2024_15_LA_SF,2024,15,2024-12-12T20:15-05:00,SF,LAR,False,-6.0,4.816791224305771,3.201064059195136,4.9617655689707805
2024_15_BAL_NYG,2024,15,2024-12-15T13:00-05:00,NYG,BAL,False,-21.0,-11.447369090497038,-12.984947162376582,-12.35747106769133
2024_15_CIN_TEN,2024,15,2024-12-15T13:00-05:00,TEN,CIN,False,-10.0,-6.960873613697784,-6.443939282443193,-7.429273827862449
2024_15_DAL_CAR,2024,15,2024-12-15T13:00-05:00,CAR,DAL,False,-16.0,-0.48352160801739075,-0.3281420869108598,-2.1134433042649183
2024_15_KC_CLE,2024,15,2024-12-15T13:00-05:00,CLE,KC,False,-14.0,-6.563648493004631,-6.315659104121619,-7.228764153702183
2024_15_MIA_HOU,2024,15,2024-12-15T13:00-05:00,HOU,MIA,False,8.0,2.65989601203259,2.657284189766702,3.1389793558018413
2024_15_NYJ_JAX,2024,15,2024-12-15T13:00-05:00,JAX,NYJ,False,-7.0,-1.3497367045965818,0.6262013949954466,-1.8624780689729876
2024_15_WAS_NO,2024,15,2024-12-15T13:00-05:00,NO,WAS,False,-1.0,-5.159955973248213,-3.944517944347341,-5.949739792864984
2024_15_BUF_DET,2024,15,2024-12-15T16:25-05:00,DET,BUF,False,-6.0,-0.5105366361534087,-0.6577820805938577,0.1895326812246656
2024_15_IND_DEN,2024,15,2024-12-15T16:25-05:00,DEN,IND,False,18.0,6.935742816660473,6.725848184229755,6.980793288709504
2024_15_NE_ARI,2024,15,2024-12-15T16:25-05:00,ARI,NE,False,13.0,7.098349899406658,6.820109674140562,6.909758761969734
2024_15_PIT_PHI,2024,15,2024-12-15T16:25-05:00,PHI,PIT,False,14.0,3.766237802513257,3.301056356991472,4.588115609879917
2024_15_TB_LAC,2024,15,2024-12-15T16:25-05:00,LAC,TB,False,-23.0,0.7072452131060005,0.7220271011101618,1.9716535114626668
2024_15_GB_SEA,2024,15,2024-12-15T20:20-05:00,SEA,GB,False,-17.0,-3.28205176307348,-3.527733335331254,-3.022106561216602
2024_15_CHI_MIN,2024,15,2024-12-16T20:00-05:00,MIN,CHI,False,18.0,6.785423743034733,7.62532477878117,6.546639929372412
2024_15_ATL_LV,2024,15,2024-12-16T20:30-05:00,LV,ATL,False,-6.0,-0.6887066617062767,-1.0141787273587828,0.1091015788733134
2024_16_DEN_LAC,2024,16,2024-12-19T20:15-05:00,LAC,DEN,False,7.0,-0.25348554752217584,-1.6374850530022347,0.8516998263952589
2024_16_HOU_KC,2024,16,2024-12-21T13:00-05:00,KC,HOU,False,8.0,4.370708426506872,5.365078073822453,4.4585844495247
2024_16_PIT_BAL,2024,16,2024-12-21T16:30-05:00,BAL,PIT,False,17.0,7.229552236948853,6.472331255964434,7.087581697771659
2024_16_ARI_CAR,2024,16,2024-12-22T13:00-05:00,CAR,ARI,False,6.0,-7.411841143757436,-6.25702781152898,-7.878065025773134
2024_16_CLE_CIN,2024,16,2024-12-22T13:00-05:00,CIN,CLE,False,18.0,7.62582184459351,9.99709170943628,6.955785845000674
2024_16_DET_CHI,2024,16,2024-12-22T13:00-05:00,CHI,DET,False,-17.0,-7.993685079178061,-8.67331171165076,-8.072007463811474
2024_16_LA_NYJ,2024,16,2024-12-22T13:00-05:00,NYJ,LAR,False,-10.0,-1.5644176781703103,-1.8761275497687118,-1.3918830708144747
2024_16_NYG_ATL,2024,16,2024-12-22T13:00-05:00,ATL,NYG,False,27.0,3.866938767638538,4.408029147261818,4.422743621857497
2024_16_PHI_WAS,2024,16,2024-12-22T13:00-05:00,WAS,PHI,False,3.0,-0.9042416338966546,-2.895574210242974,-1.3142876521801632
2024_16_TEN_IND,2024,16,2024-12-22T13:00-05:00,IND,TEN,False,8.0,4.48112039254741,5.046414165405663,3.164833611841595
2024_16_MIN_SEA,2024,16,2024-12-22T16:05-05:00,SEA,MIN,False,-3.0,-2.713216277208872,-3.1781912839902056,-2.1374466280824933
2024_16_JAX_LV,2024,16,2024-12-22T16:25-05:00,LV,JAX,False,5.0,0.9002353353405568,-1.0140147850293386,1.9432633225596843
2024_16_NE_BUF,2024,16,2024-12-22T16:25-05:00,BUF,NE,False,3.0,17.69091760024339,18.291959259381414,17.58251947874975
2024_16_SF_MIA,2024,16,2024-12-22T16:25-05:00,MIA,SF,False,12.0,-0.8104310757304114,-0.46927657870136863,-1.0044416560543894
2024_16_TB_DAL,2024,16,2024-12-22T20:20-05:00,DAL,TB,False,2.0,-4.5597383093297985,-3.9534647003280714,-4.345747338081653
2024_16_NO_GB,2024,16,2024-12-23T20:15-05:00,GB,NO,False,34.0,11.362294847330318,11.72011536059303,12.225012028864349
2024_17_KC_PIT,2024,17,2024-12-25T13:00-05:00,PIT,KC,False,-19.0,-2.592073879050187,-2.078511299552008,-2.9941657778172
2024_17_BAL_HOU,2024,17,2024-12-25T16:30-05:00,HOU,BAL,False,-29.0,-4.935485217819378,-5.605634306632176,-4.543446756870645
2024_17_SEA_CHI,2024,17,2024-12-26T20:15-05:00,CHI,SEA,False,-3.0,-1.1176870691966074,-1.5340415796726399,-1.4813742494053104
2024_17_LAC_NE,2024,17,2024-12-28T13:00-05:00,NE,LAC,False,-33.0,-4.704669354078245,-4.209880955413794,-5.896894575207699
2024_17_DEN_CIN,2024,17,2024-12-28T16:30-05:00,CIN,DEN,False,6.0,2.23067889475721,1.2170894470895846,2.2299426853808533
2024_17_ARI_LA,2024,17,2024-12-28T20:15-05:00,LAR,ARI,False,4.0,4.342192581213078,4.281681387319844,4.119870078632831
2024_17_CAR_TB,2024,17,2024-12-29T13:00-05:00,TB,CAR,False,34.0,12.549775792052674,11.11543673205892,13.199920573012921
2024_17_DAL_PHI,2024,17,2024-12-29T13:00-05:00,PHI,DAL,False,34.0,5.4716945465649305,7.23702247439102,7.338517671275219
2024_17_IND_NYG,2024,17,2024-12-29T13:00-05:00,NYG,IND,False,12.0,-2.220409783333643,-5.448721354529914,-3.3017244421244225
2024_17_LV_NO,2024,17,2024-12-29T13:00-05:00,NO,LV,False,-15.0,2.173026843027335,2.4584797452388925,1.0758583991431445
2024_17_NYJ_BUF,2024,17,2024-12-29T13:00-05:00,BUF,NYJ,False,26.0,12.732228488658198,13.834993173258137,12.911822773749325
2024_17_TEN_JAX,2024,17,2024-12-29T13:00-05:00,JAX,TEN,False,7.0,2.627182131718069,3.565983338182531,1.1754319240939024
2024_17_MIA_CLE,2024,17,2024-12-29T16:05-05:00,CLE,MIA,False,-17.0,-3.4546639235290453,-5.856189260210854,-2.121425963300236
2024_17_GB_MIN,2024,17,2024-12-29T16:25-05:00,MIN,GB,False,2.0,-2.2065775765854765,-2.3857223751003778,-1.862679026065366
2024_17_ATL_WAS,2024,17,2024-12-29T20:20-05:00,WAS,ATL,False,6.0,6.283312831963478,6.130713251876923,6.89208425196349
2024_17_DET_SF,2024,17,2024-12-30T20:15-05:00,SF,DET,False,-6.0,-4.40587069427136,-6.320320967636751,-4.695897067238064
2024_18_CLE_BAL,2024,18,2025-01-04T16:30-05:00,BAL,CLE,False,25.0,20.036740096699525,20.23691569906242,20.528992585882364
2024_18_CIN_PIT,2024,18,2025-01-04T20:00-05:00,PIT,CIN,False,-2.0,-2.6830634769596884,-1.876204572027607,-2.794446462171828
2024_18_BUF_NE,2024,18,2025-01-05T13:00-05:00,NE,BUF,False,7.0,-14.71660983609226,-18.315447706946088,-13.327698111000812
2024_18_CAR_ATL,2024,18,2025-01-05T13:00-05:00,ATL,CAR,False,-6.0,8.701950479993931,6.410418378739884,8.675954877827213
2024_18_CHI_GB,2024,18,2025-01-05T13:00-05:00,GB,CHI,False,-2.0,12.165560477208485,13.060367555069242,11.929897781010197
2024_18_HOU_TEN,2024,18,2025-01-05T13:00-05:00,TEN,HOU,False,-9.0,-1.8083604579379478,-2.9080556007288547,-2.2683670209702225
2024_18_JAX_IND,2024,18,2025-01-05T13:00-05:00,IND,JAX,False,3.0,2.6637819196629624,2.3504198220202124,2.9063948212147435
2024_18_NO_TB,2024,18,2025-01-05T13:00-05:00,TB,NO,False,8.0,14.626188390252567,12.907180452797215,15.144159849432663
2024_18_NYG_PHI,2024,18,2025-01-05T13:00-05:00,PHI,NYG,False,7.0,12.951879092078045,12.971981727319918,13.726532134856015
2024_18_WAS_DAL,2024,18,2025-01-05T13:00-05:00,DAL,WAS,False,-4.0,-5.235869199751059,-4.107925570486003,-6.36675087643053
2024_18_KC_DEN,2024,18,2025-01-05T16:25-05:00,DEN,KC,False,38.0,0.6981572276350381,-0.16505519429378532,1.2277542683154967
2024_18_LAC_LV,2024,18,2025-01-05T16:25-05:00,LV,LAC,False,-14.0,-6.1565848738259366,-6.5404343605937445,-6.367437238176107
2024_18_MIA_NYJ,2024,18,2025-01-05T16:25-05:00,NYJ,MIA,False,12.0,-1.8535773778501627,-3.09111135259958,-1.969739509915849
2024_18_SEA_LA,2024,18,2025-01-05T16:25-05:00,LAR,SEA,False,-5.0,4.6737897523325564,3.6841782506178427,3.121424630415979
2024_18_SF_ARI,2024,18,2025-01-05T16:25-05:00,ARI,SF,False,23.0,5.1993723954315545,2.211098089992319,5.408187428446043
2024_18_MIN_DET,2024,18,2025-01-05T20:20-05:00,DET,MIN,False,22.0,5.235848437876849,5.329700896676849,5.746279219725912
2025_01_DAL_PHI,2025,1,2025-09-04T20:20-04:00,PHI,DAL,False,4.0,8.158701064096132,9.25319292685375,8.977915621738676
2025_01_KC_LAC,2025,1,2025-09-05T20:00-04:00,LAC,KC,True,6.0,0.42638070011878704,0.02501155026520735,-0.5626463051525712
2025_01_ARI_NO,2025,1,2025-09-07T13:00-04:00,NO,ARI,False,-7.0,-5.246781473480751,-3.7567139856488017,-5.267845801344912
2025_01_CAR_JAX,2025,1,2025-09-07T13:00-04:00,JAX,CAR,False,16.0,3.633835693369644,2.3865013784507587,3.6516853695018026
2025_01_CIN_CLE,2025,1,2025-09-07T13:00-04:00,CLE,CIN,False,-1.0,-8.261231927313748,-8.07497097079922,-7.918553311360923
2025_01_LV_NE,2025,1,2025-09-07T13:00-04:00,NE,LV,False,-7.0,-0.3693814188081346,0.9718903783323092,-0.0035503536143028924
2025_01_MIA_IND,2025,1,2025-09-07T13:00-04:00,IND,MIA,False,25.0,-1.0768891131393927,0.4785955965085684,-2.1770704747525373
2025_01_NYG_WAS,2025,1,2025-09-07T13:00-04:00,WAS,NYG,False,15.0,7.015299710773537,7.255687837455355,7.701235863334108
2025_01_PIT_NYJ,2025,1,2025-09-07T13:00-04:00,NYJ,PIT,False,-2.0,1.721270736902818,1.4860618891617152,-0.7068504896367069
2025_01_TB_ATL,2025,1,2025-09-07T13:00-04:00,ATL,TB,False,-3.0,-2.7802112565850137,-3.650466815894051,-2.7872497763137836
2025_01_SF_SEA,2025,1,2025-09-07T16:05-04:00,SEA,SF,False,-4.0,0.9727559050455823,2.406214302214947,1.1781159185115948
2025_01_TEN_DEN,2025,1,2025-09-07T16:05-04:00,DEN,TEN,False,8.0,10.511261942033451,12.301908211187863,10.093214560879515
2025_01_DET_GB,2025,1,2025-09-07T16:25-04:00,GB,DET,False,14.0,0.12298075768815736,0.2778539099235471,0.2144281504638711
2025_01_HOU_LA,2025,1,2025-09-07T16:25-04:00,LAR,HOU,False,5.0,1.3334638438793909,2.1042801250658587,0.796899582162629
2025_01_BAL_BUF,2025,1,2025-09-07T20:20-04:00,BUF,BAL,False,1.0,1.699565945565792,2.3344697983561447,1.9650182489962218
2025_01_MIN_CHI,2025,1,2025-09-08T20:15-04:00,CHI,MIN,False,-3.0,3.0573750356482927,3.3304090103768016,2.658548848878121
2025_02_WAS_GB,2025,2,2025-09-11T20:15-04:00,GB,WAS,False,9.0,2.5687590019640165,3.4620967755787397,2.7283363288283464
2025_02_BUF_NYJ,2025,2,2025-09-14T13:00-04:00,NYJ,BUF,False,-20.0,-6.0871390950403645,-6.116898959449365,-7.158305997065371
2025_02_CHI_DET,2025,2,2025-09-14T13:00-04:00,DET,CHI,False,31.0,7.20797100999866,7.089620680334001,7.335892876564377
2025_02_CLE_BAL,2025,2,2025-09-14T13:00-04:00,BAL,CLE,False,24.0,14.164702928732224,13.93448502922086,13.687099144999221
2025_02_JAX_CIN,2025,2,2025-09-14T13:00-04:00,CIN,JAX,False,4.0,5.935639152559677,4.559813999851799,6.573830128601934
2025_02_LA_TEN,2025,2,2025-09-14T13:00-04:00,TEN,LAR,False,-14.0,-4.574350089915099,-5.160272150210378,-4.729356507430467
2025_02_NE_MIA,2025,2,2025-09-14T13:00-04:00,MIA,NE,False,-6.0,5.616342056180896,4.055095991652077,6.003453457458901
2025_02_NYG_DAL,2025,2,2025-09-14T13:00-04:00,DAL,NYG,False,3.0,5.0102320762561865,5.285844194477597,5.363224233132968
2025_02_SEA_PIT,2025,2,2025-09-14T13:00-04:00,PIT,SEA,False,-14.0,1.1543890645864763,1.5282072124705683,2.4936850177830006
2025_02_SF_NO,2025,2,2025-09-14T13:00-04:00,NO,SF,False,-5.0,-1.1488479824429345,-1.748973254515205,-1.310102958631381
2025_02_CAR_ARI,2025,2,2025-09-14T16:05-04:00,ARI,CAR,False,5.0,8.52477806510884,7.11184883892703,9.026230461360587
2025_02_DEN_IND,2025,2,2025-09-14T16:05-04:00,IND,DEN,False,1.0,0.16122289871235967,0.05364131536444511,-0.35821917981339413
2025_02_PHI_KC,2025,2,2025-09-14T16:25-04:00,KC,PHI,False,-3.0,-2.6024492477816197,-3.0489155621364845,-2.028526858756607
2025_02_ATL_MIN,2025,2,2025-09-14T20:20-04:00,MIN,ATL,False,-16.0,0.10050813066617126,0.8716333968109744,1.2875308524209443
2025_02_TB_HOU,2025,2,2025-09-15T19:00-04:00,HOU,TB,False,-1.0,-1.59552899206382,-2.455796908571494,-0.4555802547214634
2025_02_LAC_LV,2025,2,2025-09-15T22:00-04:00,LV,LAC,False,-11.0,-2.6085631158571116,-2.6902854496725386,-3.135321247132116
2025_03_MIA_BUF,2025,3,2025-09-18T20:15-04:00,BUF,MIA,False,10.0,10.866535763198346,11.92473916342537,10.420847385448932
2025_03_ATL_CAR,2025,3,2025-09-21T13:00-04:00,CAR,ATL,False,30.0,-4.592586089375679,-2.093112304658865,-4.768971032856733
2025_03_CIN_MIN,2025,3,2025-09-21T13:00-04:00,MIN,CIN,False,38.0,-0.7432411593454578,-2.010531855655917,0.3572774764399318
2025_03_GB_CLE,2025,3,2025-09-21T13:00-04:00,CLE,GB,False,3.0,-10.15560078139389,-9.653119489221552,-10.080233158805012
2025_03_HOU_JAX,2025,3,2025-09-21T13:00-04:00,JAX,HOU,False,7.0,1.1704510530719061,2.193760749504511,-0.10386886215261315
2025_03_IND_TEN,2025,3,2025-09-21T13:00-04:00,TEN,IND,False,-21.0,-5.079881566994064,-5.890472491726442,-3.9127688261301694
2025_03_LA_PHI,2025,3,2025-09-21T13:00-04:00,PHI,LAR,False,7.0,5.212610334876428,5.165515999553898,5.396898700998648
2025_03_LV_WAS,2025,3,2025-09-21T13:00-04:00,WAS,LV,False,17.0,4.44629299672529,5.128714888434287,4.792936112161629
2025_03_NYJ_TB,2025,3,2025-09-21T13:00-04:00,TB,NYJ,False,2.0,8.490322009685691,9.096433780360579,8.54733570579855
2025_03_PIT_NE,2025,3,2025-09-21T13:00-04:00,NE,PIT,False,-7.0,0.6975944493639124,0.5968979831652932,-0.586106993156738
2025_03_DEN_LAC,2025,3,2025-09-21T16:05-04:00,LAC,DEN,False,3.0,2.428750317694431,1.327999006887085,3.128153421652013
2025_03_NO_SEA,2025,3,2025-09-21T16:05-04:00,SEA,NO,False,31.0,6.641889218685796,5.730719702095062,7.028794021290155
2025_03_ARI_SF,2025,3,2025-09-21T16:25-04:00,SF,ARI,False,1.0,-2.111311681038444,-0.34563234172105384,-2.2317281911201707
2025_03_DAL_CHI,2025,3,2025-09-21T16:25-04:00,CHI,DAL,False,17.0,-1.7865715711346197,-1.6009646366287622,-1.32323996221453
2025_03_KC_NYG,2025,3,2025-09-21T20:20-04:00,NYG,KC,False,-13.0,-2.7015282317027407,-2.961659086364464,-4.299152542306207
2025_03_DET_BAL,2025,3,2025-09-22T20:15-04:00,BAL,DET,False,-8.0,3.455714584921573,3.394879253690868,3.412286553527437
2025_04_SEA_ARI,2025,4,2025-09-25T20:15-04:00,ARI,SEA,False,-3.0,1.8316900622310506,1.4482013715454303,1.906404091399787
2025_04_MIN_PIT,2025,4,2025-09-28T09:30-04:00,PIT,MIN,True,3.0,-0.5989320574164065,0.22152907496141494,-0.8656490518312698
2025_04_CAR_NE,2025,4,2025-09-28T13:00-04:00,NE,CAR,False,29.0,1.2204139141176742,-0.2008067678612021,1.5699229136875936
2025_04_CLE_DET,2025,4,2025-09-28T13:00-04:00,DET,CLE,False,24.0,14.475973451626219,13.395526506781206,14.295793891268103
2025_04_LAC_NYG,2025,4,2025-09-28T13:00-04:00,NYG,LAC,False,3.0,-8.060058279987228,-9.11837193200076,-8.859812178624857
2025_04_NO_BUF,2025,4,2025-09-28T13:00-04:00,BUF,NO,False,12.0,15.222213890760528,14.306197618288586,15.795923635064712
2025_04_PHI_TB,2025,4,2025-09-28T13:00-04:00,TB,PHI,False,-6.0,-2.9824090128810643,-1.0058420460160313,-3.9282833245464177
2025_04_TEN_HOU,2025,4,2025-09-28T13:00-04:00,HOU,TEN,False,26.0,8.64401251041853,8.146009436266334,8.915027844335473
2025_04_WAS_ATL,2025,4,2025-09-28T13:00-04:00,ATL,WAS,False,7.0,0.847062964332523,-1.0342077534632586,-0.19033251389173178
2025_04_IND_LA,2025,4,2025-09-28T16:05-04:00,LAR,IND,False,7.0,1.1882143760407584,0.4427332003321147,2.2434629845648404
2025_04_JAX_SF,2025,4,2025-09-28T16:05-04:00,SF,JAX,False,-5.0,2.57032365160954,0.724951129730663,2.545853253012271
2025_04_BAL_KC,2025,4,2025-09-28T16:25-04:00,KC,BAL,False,17.0,-1.1110940345048284,-0.9458755842994914,-1.0885299604829601
2025_04_CHI_LV,2025,4,2025-09-28T16:25-04:00,LV,CHI,False,-1.0,-0.18725673423219424,-0.07963467097016574,-0.16835019809251017
2025_04_GB_DAL,2025,4,2025-09-28T20:20-04:00,DAL,GB,False,0.0,-3.5031736066806953,-4.036397529371692,-4.365349979047124
2025_04_NYJ_MIA,2025,4,2025-09-29T19:15-04:00,MIA,NYJ,False,6.0,4.0595663835629505,3.034390798722148,4.803386393910288
2025_04_CIN_DEN,2025,4,2025-09-29T20:15-04:00,DEN,CIN,False,25.0,6.749248066244745,5.691066117985649,6.2307339103004935
2025_05_SF_LA,2025,5,2025-10-02T20:15-04:00,LAR,SF,False,-3.0,6.29409370878355,4.65337205491398,6.882235232711
2025_05_MIN_CLE,2025,5,2025-10-05T09:30-04:00,CLE,MIN,True,-4.0,-6.167774571579564,-9.155474140073718,-7.418617803550648
2025_05_DAL_NYJ,2025,5,2025-10-05T13:00-04:00,NYJ,DAL,False,-15.0,-0.9380166326652066,-0.45058772080921994,-1.1477197272943862
2025_05_DEN_PHI,2025,5,2025-10-05T13:00-04:00,PHI,DEN,False,-4.0,3.963163865095029,3.257351447859528,4.842797507542555
2025_05_HOU_BAL,2025,5,2025-10-05T13:00-04:00,BAL,HOU,False,-34.0,-0.3713833085129705,3.31618729744173,0.6267080799510202
2025_05_LV_IND,2025,5,2025-10-05T13:00-04:00,IND,LV,False,34.0,6.541471567146316,7.347646171557532,5.776903971671555
2025_05_MIA_CAR,2025,5,2025-10-05T13:00-04:00,CAR,MIA,False,3.0,-2.539545926808888,0.03607193172724668,-3.1354862316290992
2025_05_NYG_NO,2025,5,2025-10-05T13:00-04:00,NO,NYG,False,12.0,1.4754748310564256,3.7333742310801226,1.1648034898129471
2025_05_TB_SEA,2025,5,2025-10-05T16:05-04:00,SEA,TB,False,-3.0,1.0786248942916359,1.9065231483278848,1.3133807071833978
2025_05_TEN_ARI,2025,5,2025-10-05T16:05-04:00,ARI,TEN,False,-1.0,11.82779377964384,11.55498387088846,11.90658624854722
2025_05_DET_CIN,2025,5,2025-10-05T16:25-04:00,CIN,DET,False,-13.0,-10.723147843628276,-8.696437693973266,-10.460343625646605
2025_05_WAS_LAC,2025,5,2025-10-05T16:25-04:00,LAC,WAS,False,-17.0,0.6190282985120386,0.7690847217421495,0.9807281759740684
2025_05_NE_BUF,2025,5,2025-10-05T20:20-04:00,BUF,NE,False,-3.0,11.306755663824102,11.26613355363747,11.664863113814196
2025_05_KC_JAX,2025,5,2025-10-06T20:15-04:00,JAX,KC,False,3.0,-1.3402565673836568,-0.6872617976992916,-2.2705142889553644
2025_06_PHI_NYG,2025,6,2025-10-09T20:15-04:00,NYG,PHI,False,17.0,-9.398641124465856,-9.595769861960596,-10.406367156646576
2025_06_DEN_NYJ,2025,6,2025-10-12T09:30-04:00,NYJ,DEN,True,-2.0,-7.649614526236855,-8.441790835005442,-8.003175492346733
2025_06_ARI_IND,2025,6,2025-10-12T13:00-04:00,IND,ARI,False,4.0,7.153131492027329,6.794463561103594,6.335456168792577
2025_06_CLE_PIT,2025,6,2025-10-12T13:00-04:00,PIT,CLE,False,14.0,6.47878705626521,9.735103761357589,7.429338187961763
2025_06_DAL_CAR,2025,6,2025-10-12T13:00-04:00,CAR,DAL,False,3.0,-3.5130712565569358,-1.4119180614544384,-3.479538179291869
2025_06_LAC_MIA,2025,6,2025-10-12T13:00-04:00,MIA,LAC,False,-2.0,-0.17156111546003716,-0.2125591204797046,-0.49199124250982873
2025_06_LA_BAL,2025,6,2025-10-12T13:00-04:00,BAL,LAR,False,-14.0,-3.679622775932499,-0.015399231189844653,-2.4095658934100777
2025_06_NE_NO,2025,6,2025-10-12T13:00-04:00,NO,NE,False,-6.0,-1.014036868320896,-0.2381556470768128,-1.6601907089782937
2025_06_SEA_JAX,2025,6,2025-10-12T13:00-04:00,JAX,SEA,False,-8.0,-0.3032657275512478,-0.17083772496106697,0.004758029973313094
2025_06_TEN_LV,2025,6,2025-10-12T16:05-04:00,LV,TEN,False,10.0,4.299934959313953,3.8552927451235344,4.153102777714713
2025_06_CIN_GB,2025,6,2025-10-12T16:25-04:00,GB,CIN,False,9.0,11.940397207901302,9.100628107854039,11.527715377955769
2025_06_SF_TB,2025,6,2025-10-12T16:25-04:00,TB,SF,False,11.0,6.779908121537238,6.264311485848372,7.183400355902487
2025_06_DET_KC,2025,6,2025-10-12T20:20-04:00,KC,DET,False,13.0,-1.777239974328582,-1.716864628395201,-1.8139092929110097
2025_06_BUF_ATL,2025,6,2025-10-13T19:15-04:00,ATL,BUF,False,10.0,-4.699952044172944,-4.996388505386296,-5.184697322224668
2025_06_CHI_WAS,2025,6,2025-10-13T20:15-04:00,WAS,CHI,False,-1.0,6.485256906289101,6.0821504214096676,6.536324805841131
2025_07_PIT_CIN,2025,7,2025-10-16T20:15-04:00,CIN,PIT,False,2.0,-4.482105163102359,-2.1454152337437327,-4.53680633436841
2025_07_LA_JAX,2025,7,2025-10-19T09:30-04:00,JAX,LAR,True,-28.0,-3.4395416089538666,-2.5124716827430857,-3.1336458016932207
2025_07_CAR_NYJ,2025,7,2025-10-19T13:00-04:00,NYJ,CAR,False,-7.0,0.6794088383182565,-1.1491328107082257,1.2547512917401982
2025_07_LV_KC,2025,7,2025-10-19T13:00-04:00,KC,LV,False,31.0,10.955659212751497,11.232129841032572,11.50758511040656
2025_07_MIA_CLE,2025,7,2025-10-19T13:00-04:00,CLE,MIA,False,25.0,-2.555038782978312,-4.077645601159346,-2.864486081659842
2025_07_NE_TEN,2025,7,2025-10-19T13:00-04:00,TEN,NE,False,-18.0,-6.6039908851503295,-5.932393105238371,-6.47581674428478
2025_07_NO_CHI,2025,7,2025-10-19T13:00-04:00,CHI,NO,False,12.0,5.521745133582324,4.295560732458199,5.910348439989877
2025_07_PHI_MIN,2025,7,2025-10-19T13:00-04:00,MIN,PHI,False,-6.0,-1.4966962512687638,-1.755355540796153,-1.3294830750704292
2025_07_IND_LAC,2025,7,2025-10-19T16:05-04:00,LAC,IND,False,-14.0,-0.1343870173113858,-1.360669850647612,1.0921830570624396
2025_07_NYG_DEN,2025,7,2025-10-19T16:05-04:00,DEN,NYG,False,1.0,8.656777624575321,9.58192057495895,8.474577850338987
2025_07_GB_ARI,2025,7,2025-10-19T16:25-04:00,ARI,GB,False,-4.0,-4.104895225759335,-3.4208702789942267,-4.472308864098094
2025_07_WAS_DAL,2025,7,2025-10-19T16:25-04:00,DAL,WAS,False,22.0,-0.5429413469195388,0.14097218625004,-1.0366541023084084
2025_07_ATL_SF,2025,7,2025-10-19T20:20-04:00,SF,ATL,False,10.0,-1.1789151869423597,0.5645745110484897,-1.125411029551219
2025_07_TB_DET,2025,7,2025-10-20T19:00-04:00,DET,TB,False,15.0,4.2885136856781445,3.9471483105655603,4.808302039596528
2025_07_HOU_SEA,2025,7,2025-10-20T22:00-04:00,SEA,HOU,False,8.0,0.278887566655455,0.9643254791456167,-0.32367123366362227
2025_08_MIN_LAC,2025,8,2025-10-23T20:15-04:00,LAC,MIN,False,27.0,3.2702642608824695,2.892182699768904,2.771792906919252
2025_08_BUF_CAR,2025,8,2025-10-26T13:00-04:00,CAR,BUF,False,-31.0,-2.860425168439161,-4.610318667782455,-3.1529362491513213
2025_08_CHI_BAL,2025,8,2025-10-26T13:00-04:00,BAL,CHI,False,14.0,-1.8856880334923853,-0.014661356364621014,-1.5770452633397136
2025_08_CLE_NE,2025,8,2025-10-26T13:00-04:00,NE,CLE,False,19.0,6.863001500619107,9.021087291772144,7.044804796879276
2025_08_MIA_ATL,2025,8,2025-10-26T13:00-04:00,ATL,MIA,False,-24.0,4.960247480837238,5.988746348102037,4.1753078817564075
2025_08_NYG_PHI,2025,8,2025-10-26T13:00-04:00,PHI,NYG,False,18.0,8.545646160276737,9.15059895775082,9.248851533471662
2025_08_NYJ_CIN,2025,8,2025-10-26T13:00-04:00,CIN,NYJ,False,-1.0,3.2219818026730644,6.148979516934069,3.3826327048698497
2025_08_SF_HOU,2025,8,2025-10-26T13:00-04:00,HOU,SF,False,11.0,5.598711104251549,3.9474358512041685,5.974460012630634
2025_08_TB_NO,2025,8,2025-10-26T16:05-04:00,NO,TB,False,-20.0,-5.781595116046121,-4.794853650366312,-6.052492206776181
2025_08_DAL_DEN,2025,8,2025-10-26T16:25-04:00,DEN,DAL,False,20.0,2.7315589669033957,3.3427295410532984,3.0346614197888324
2025_08_TEN_IND,2025,8,2025-10-26T16:25-04:00,IND,TEN,False,24.0,15.715735738374633,15.5630797124977,14.72168501766329
2025_08_GB_PIT,2025,8,2025-10-26T20:20-04:00,PIT,GB,False,-10.0,-2.0285449906226694,-1.5740112058299092,-2.066088400820492
2025_08_WAS_KC,2025,8,2025-10-27T20:15-04:00,KC,WAS,False,21.0,6.318455982329528,7.5611537388864365,5.529902189706675
2025_09_BAL_MIA,2025,9,2025-10-30T20:15-04:00,MIA,BAL,False,-22.0,-2.273824483053276,-1.2565997411562437,-2.6968634569463683
2025_09_ATL_NE,2025,9,2025-11-02T13:00-05:00,NE,ATL,False,1.0,4.564726196564643,4.7456859249619825,5.24855056552057
2025_09_CAR_GB,2025,9,2025-11-02T13:00-05:00,GB,CAR,False,-3.0,13.057641321010907,11.73906491700732,12.617407297949386
2025_09_CHI_CIN,2025,9,2025-11-02T13:00-05:00,CIN,CHI,False,-5.0,-3.419236216249642,0.03164058020876359,-3.103177026302529
2025_09_DEN_HOU,2025,9,2025-11-02T13:00-05:00,HOU,DEN,False,-3.0,0.9147686062179422,0.19965260935485318,0.9186190739080169
2025_09_IND_PIT,2025,9,2025-11-02T13:00-05:00,PIT,IND,False,7.0,-3.6791168207956657,-3.944995938824807,-2.8680423865712505
2025_09_LAC_TEN,2025,9,2025-11-02T13:00-05:00,TEN,LAC,False,-7.0,-10.946308628796947,-9.731102007154476,-10.963662450246503
2025_09_MIN_DET,2025,9,2025-11-02T13:00-05:00,DET,MIN,False,-3.0,14.914482843729122,12.940875227346371,15.167454097603292
2025_09_SF_NYG,2025,9,2025-11-02T13:00-05:00,NYG,SF,False,-10.0,-0.7755628065067073,-2.8038497104972695,-0.5757954242359031
2025_09_JAX_LV,2025,9,2025-11-02T16:05-05:00,LV,JAX,False,-1.0,-2.6401799517870916,-3.618942566965699,-3.54086510360385
2025_09_NO_LA,2025,9,2025-11-02T16:05-05:00,LAR,NO,False,24.0,13.306290969840287,13.949451492000666,13.524450417465914
2025_09_KC_BUF,2025,9,2025-11-02T16:25-05:00,BUF,KC,False,7.0,1.0081754459111607,0.7407887569682186,1.276377487185524
2025_09_SEA_WAS,2025,9,2025-11-02T20:20-05:00,WAS,SEA,False,-24.0,-0.22960631770100148,-2.2336782039111265,0.21343917608498852
2025_09_ARI_DAL,2025,9,2025-11-03T20:15-05:00,DAL,ARI,False,-10.0,3.786074512884815,2.855661201044711,3.3783425864426517
2025_10_LV_DEN,2025,10,2025-11-06T20:15-05:00,DEN,LV,False,3.0,11.691641928715196,12.298754692854192,11.917535548269019
2025_10_ATL_IND,2025,10,2025-11-09T09:30-05:00,IND,ATL,True,6.0,4.531726463273854,5.379368478115839,4.396655703422157
2025_10_BAL_MIN,2025,10,2025-11-09T13:00-05:00,MIN,BAL,False,-8.0,-7.694900680598701,-4.335165182162234,-7.9692502432942245
2025_10_BUF_MIA,2025,10,2025-11-09T13:00-05:00,MIA,BUF,False,17.0,-7.142771341651639,-8.22894626662855,-7.926268596299656
2025_10_CLE_NYJ,2025,10,2025-11-09T13:00-05:00,NYJ,CLE,False,7.0,0.9834619592663727,2.9073765721782507,1.573935662875473
2025_10_JAX_HOU,2025,10,2025-11-09T13:00-05:00,HOU,JAX,False,7.0,2.241531693160685,3.3312995719635827,2.1407613349957266
2025_10_NE_TB,2025,10,2025-11-09T13:00-05:00,TB,NE,False,-5.0,5.227236684573688,4.91782241309751,4.781832836943526
2025_10_NO_CAR,2025,10,2025-11-09T13:00-05:00,CAR,NO,False,-10.0,5.4324779906099385,7.479663987379389,5.918921844187642
2025_10_NYG_CHI,2025,10,2025-11-09T13:00-05:00,CHI,NYG,False,4.0,6.737906489016116,7.170979498526912,6.427309048734754
2025_10_ARI_SEA,2025,10,2025-11-09T16:05-05:00,SEA,ARI,False,22.0,6.452290238040884,6.423947360573158,5.906501835707539
2025_10_DET_WAS,2025,10,2025-11-09T16:25-05:00,WAS,DET,False,-22.0,-7.652020812046489,-6.270970653672385,-7.975961450002581
2025_10_LA_SF,2025,10,2025-11-09T16:25-05:00,SF,LAR,False,-16.0,-4.592455627928198,-2.999836321305207,-4.689740385616447
2025_10_PIT_LAC,2025,10,2025-11-09T20:20-05:00,LAC,PIT,False,15.0,2.585266409814848,2.0444830937076843,2.732196926145763
2025_10_PHI_GB,2025,10,2025-11-10T20:15-05:00,GB,PHI,False,-3.0,1.7012440949446224,1.3351904750135288,0.6507179577703264
2025_11_NYJ_NE,2025,11,2025-11-13T20:15-05:00,NE,NYJ,False,13.0,9.581657832098927,8.832910097344444,9.150953848663248
2025_11_WAS_MIA,2025,11,2025-11-16T09:30-05:00,MIA,WAS,True,3.0,2.9404625939738915,1.6585558436454209,2.5323697822506395
2025_11_CAR_ATL,2025,11,2025-11-16T13:00-05:00,ATL,CAR,False,-3.0,5.5971237999828105,4.003973449452293,5.279518624376561
2025_11_CHI_MIN,2025,11,2025-11-16T13:00-05:00,MIN,CHI,False,-2.0,-5.182043480754441,-2.734448012487178,-4.3944717502961534
2025_11_CIN_PIT,2025,11,2025-11-16T13:00-05:00,PIT,CIN,False,22.0,6.597864136974353,2.8882797757692713,6.795159183857054
2025_11_GB_NYG,2025,11,2025-11-16T13:00-05:00,NYG,GB,False,-7.0,-8.377517937300572,-6.146069666835497,-7.796855368271458
2025_11_HOU_TEN,2025,11,2025-11-16T13:00-05:00,TEN,HOU,False,-3.0,-8.603975012798806,-9.225079501611791,-8.661907029506393
2025_11_LAC_JAX,2025,11,2025-11-16T13:00-05:00,JAX,LAC,False,29.0,-2.710758454930734,-1.6448551887311587,-2.5083295504107395
2025_11_TB_BUF,2025,11,2025-11-16T13:00-05:00,BUF,TB,False,12.0,2.5488202938958655,2.9728068138705477,3.3021121036967775
2025_11_SEA_LA,2025,11,2025-11-16T16:05-05:00,LAR,SEA,False,2.0,3.505012717546376,2.9246212613784337,3.782706005290848
2025_11_SF_ARI,2025,11,2025-11-16T16:05-05:00,ARI,SF,False,-19.0,-1.2301599975775845,-0.19127025728199154,-0.6370741777269786
2025_11_BAL_CLE,2025,11,2025-11-16T16:25-05:00,CLE,BAL,False,-7.0,-8.664038296020454,-8.073456873213217,-9.228408195552154
2025_11_KC_DEN,2025,11,2025-11-16T16:25-05:00,DEN,KC,False,3.0,-1.6649089113835682,-1.6335666925032923,-2.3172807444667134
2025_11_DET_PHI,2025,11,2025-11-16T20:20-05:00,PHI,DET,False,7.0,-1.232152785176181,-0.7404536711751999,-1.2555199189954585
2025_11_DAL_LV,2025,11,2025-11-17T20:15-05:00,LV,DAL,False,-17.0,-4.013184826487564,-3.80584989380824,-3.6975135916875064
2025_12_BUF_HOU,2025,12,2025-11-20T20:15-05:00,HOU,BUF,False,4.0,-3.336795443997502,-2.1452479566320033,-3.796166899769113
2025_12_IND_KC,2025,12,2025-11-23T13:00-05:00,KC,IND,False,3.0,3.3175684818705067,2.6310041547115333,3.6843438229584287
2025_12_MIN_GB,2025,12,2025-11-23T13:00-05:00,GB,MIN,False,17.0,12.033307921216243,9.336391045573443,11.990078167610354
2025_12_NE_CIN,2025,12,2025-11-23T13:00-05:00,CIN,NE,False,-6.0,-6.56639697171369,-3.8946638968983707,-6.535757698162773
2025_12_NYG_DET,2025,12,2025-11-23T13:00-05:00,DET,NYG,False,7.0,13.605708346353186,10.900634217791817,13.592915075604985
2025_12_NYJ_BAL,2025,12,2025-11-23T13:00-05:00,BAL,NYJ,False,13.0,12.15748405504815,10.07512544502151,12.400076949028442
2025_12_PIT_CHI,2025,12,2025-11-23T13:00-05:00,CHI,PIT,False,3.0,3.818358219420543,2.9247038583927427,3.0373893033360653
2025_12_SEA_TEN,2025,12,2025-11-23T13:00-05:00,TEN,SEA,False,-6.0,-12.44113120582221,-12.083133105006512,-11.955287479057896
2025_12_CLE_LV,2025,12,2025-11-23T16:05-05:00,LV,CLE,False,-14.0,2.570550353508745,3.817316308105106,2.309325115057779
2025_12_JAX_ARI,2025,12,2025-11-23T16:05-05:00,ARI,JAX,False,-3.0,-0.14083386767433181,-0.4433400789455053,-0.9809690900648995
2025_12_ATL_NO,2025,12,2025-11-23T16:25-05:00,NO,ATL,False,-14.0,-1.0981526306516285,-2.2886098766668503,-0.8858784169980825
2025_12_PHI_DAL,2025,12,2025-11-23T16:25-05:00,DAL,PHI,False,3.0,-2.3895998027975667,-2.2913443606271855,-2.8813946003903523
2025_12_TB_LA,2025,12,2025-11-23T20:20-05:00,LAR,TB,False,27.0,5.44830697902244,5.897840188272101,5.1942480927693175
2025_12_CAR_SF,2025,12,2025-11-24T20:15-05:00,SF,CAR,False,11.0,8.851929932607172,6.825967810948494,8.080230488645764
2025_13_GB_DET,2025,13,2025-11-27T13:00-05:00,DET,GB,False,-7.0,1.8965387517977002,1.268419188560054,2.486520661240996
2025_13_KC_DAL,2025,13,2025-11-27T16:30-05:00,DAL,KC,False,3.0,-2.7055785099150054,-3.0015627197865498,-3.5660782886249884
2025_13_CIN_BAL,2025,13,2025-11-27T20:20-05:00,BAL,CIN,False,-18.0,7.375291870443632,7.594455709686333,8.699556517629894
2025_13_CHI_PHI,2025,13,2025-11-28T15:00-05:00,PHI,CHI,False,-9.0,4.603555780835922,4.501472724452983,5.052833556733246
2025_13_ARI_TB,2025,13,2025-11-30T13:00-05:00,TB,ARI,False,3.0,2.6346579443802813,3.33002892139295,2.947745895706977
2025_13_ATL_NYJ,2025,13,2025-11-30T13:00-05:00,NYJ,ATL,False,3.0,-3.1392174356773412,-3.229236546061981,-2.480287069216917
2025_13_HOU_IND,2025,13,2025-11-30T13:00-05:00,IND,HOU,False,-4.0,1.5651405122255244,2.8357395192388797,1.838699175996165
2025_13_JAX_TEN,2025,13,2025-11-30T13:00-05:00,TEN,JAX,False,-22.0,-6.2140106262960515,-6.3322695246259055,-6.914627371975555
2025_13_LA_CAR,2025,13,2025-11-30T13:00-05:00,CAR,LAR,False,3.0,-11.225502911613827,-9.62411627868319,-10.891452674192703
2025_13_NO_MIA,2025,13,2025-11-30T13:00-05:00,MIA,NO,False,4.0,7.7802247772498685,8.247991350879559,8.303804946842066
2025_13_SF_CLE,2025,13,2025-11-30T13:00-05:00,CLE,SF,False,-18.0,-7.0087416190136835,-7.845230307757323,-6.238348142186839
2025_13_MIN_SEA,2025,13,2025-11-30T16:05-05:00,SEA,MIN,False,26.0,11.583400823178309,13.448746614619365,10.248424235718538
2025_13_BUF_PIT,2025,13,2025-11-30T16:25-05:00,PIT,BUF,False,-19.0,-1.7403921033801173,-1.543305702438935,-3.0460066408532556
2025_13_LV_LAC,2025,13,2025-11-30T16:25-05:00,LAC,LV,False,17.0,11.01842630574957,10.607544390492059,11.167711799419566
2025_13_DEN_WAS,2025,13,2025-11-30T20:20-05:00,WAS,DEN,False,-1.0,-5.641685861548171,-5.676929191591855,-5.6353410884110025
2025_13_NYG_NE,2025,13,2025-12-01T20:15-05:00,NE,NYG,False,18.0,8.493016715352283,8.271042976393407,8.503851558406101
2025_14_DAL_DET,2025,14,2025-12-04T20:15-05:00,DET,DAL,False,14.0,4.977225804878742,4.294589509544946,6.0996695946486374
2025_14_CIN_BUF,2025,14,2025-12-07T13:00-05:00,BUF,CIN,False,5.0,6.430898557152283,8.229403057046902,8.127542121100916
2025_14_IND_JAX,2025,14,2025-12-07T13:00-05:00,JAX,IND,False,17.0,-1.8764723216290067,-1.3716576451488196,-1.0990715339066695
2025_14_MIA_NYJ,2025,14,2025-12-07T13:00-05:00,NYJ,MIA,False,-24.0,-2.8625246485532347,-1.854204201576722,-3.0639744984732973
2025_14_NO_TB,2025,14,2025-12-07T13:00-05:00,TB,NO,False,-4.0,10.63425108917176,10.252596130706586,11.272537587925779
2025_14_PIT_BAL,2025,14,2025-12-07T13:00-05:00,BAL,PIT,False,-5.0,5.775385374125307,3.870978407065529,6.300708353304633
2025_14_SEA_ATL,2025,14,2025-12-07T13:00-05:00,ATL,SEA,False,-28.0,-5.0858413590552125,-5.123795184082247,-5.312130734641274
2025_14_TEN_CLE,2025,14,2025-12-07T13:00-05:00,CLE,TEN,False,-2.0,4.431308194520433,2.609083923668488,4.798805197627967
2025_14_WAS_MIN,2025,14,2025-12-07T13:00-05:00,MIN,WAS,False,31.0,-3.594961938165677,-2.2269968061387875,-3.302594494625568
2025_14_DEN_LV,2025,14,2025-12-07T16:05-05:00,LV,DEN,False,-7.0,-10.769402481354966,-11.394297314600891,-10.130363397972591
2025_14_CHI_GB,2025,14,2025-12-07T16:25-05:00,GB,CHI,False,7.0,4.653689524809261,4.856822109269661,5.016380156703194
2025_14_LA_ARI,2025,14,2025-12-07T16:25-05:00,ARI,LAR,False,-28.0,-8.309584670237534,-7.86194093659802,-8.534191698055828
2025_14_HOU_KC,2025,14,2025-12-07T20:20-05:00,KC,HOU,False,-10.0,3.4247704958333895,4.124197963977571,4.4291555873930175
2025_14_PHI_LAC,2025,14,2025-12-08T20:15-05:00,LAC,PHI,False,3.0,-3.831780983341984,-1.4091076912605387,-2.826614927487466
2025_15_ATL_TB,2025,15,2025-12-11T20:15-05:00,TB,ATL,False,-1.0,6.0997381318509865,4.746496024238448,6.444158786900299
2025_15_ARI_HOU,2025,15,2025-12-14T13:00-05:00,HOU,ARI,False,20.0,10.132757173154806,9.443116576953992,10.207677849191278
2025_15_BAL_CIN,2025,15,2025-12-14T13:00-05:00,CIN,BAL,False,-24.0,-0.4000169901904376,-0.19822495536068707,-1.4513011034640015
2025_15_BUF_NE,2025,15,2025-12-14T13:00-05:00,NE,BUF,False,-4.0,0.034891614049078756,-0.36938689812313796,-1.1222879191552444
2025_15_CLE_CHI,2025,15,2025-12-14T13:00-05:00,CHI,CLE,False,28.0,10.444723032251584,11.531688904707691,10.05172166603361
2025_15_LAC_KC,2025,15,2025-12-14T13:00-05:00,KC,LAC,False,-3.0,5.454017961034644,5.244598771143961,4.932703248817562
2025_15_LV_PHI,2025,15,2025-12-14T13:00-05:00,PHI,LV,False,31.0,14.324274466594852,13.817195069743804,12.509715834623174
2025_15_NYJ_JAX,2025,15,2025-12-14T13:00-05:00,JAX,NYJ,False,28.0,12.395615781563475,13.442495578540141,12.352643684543533
2025_15_WAS_NYG,2025,15,2025-12-14T13:00-05:00,NYG,WAS,False,-8.0,1.9824533662429014,1.625650721999412,1.7944074002076635
2025_15_CAR_NO,2025,15,2025-12-14T16:25-05:00,NO,CAR,False,3.0,-1.641685336137339,-3.7330029803586435,-2.152773011077209
2025_15_DET_LA,2025,15,2025-12-14T16:25-05:00,LAR,DET,False,7.0,4.309662168157109,4.859541813820558,3.487400999730194
2025_15_GB_DEN,2025,15,2025-12-14T16:25-05:00,DEN,GB,False,8.0,-0.6701144702134614,-0.1720000891253986,-0.6034023966483962
2025_15_IND_SEA,2025,15,2025-12-14T16:25-05:00,SEA,IND,False,2.0,8.01226804817702,8.557237954378127,8.269053780565882
2025_15_TEN_SF,2025,15,2025-12-14T16:25-05:00,SF,TEN,False,13.0,14.75489010000543,13.878225400166425,14.685805779086099
2025_15_MIN_DAL,2025,15,2025-12-14T20:20-05:00,DAL,MIN,False,-8.0,7.3296104220702745,5.785988730409965,7.074421812718343
2025_15_MIA_PIT,2025,15,2025-12-15T20:15-05:00,PIT,MIA,False,13.0,1.425489013070313,2.1787155477733005,0.756321588178148
2025_16_LA_SEA,2025,16,2025-12-18T20:15-05:00,SEA,LAR,False,1.0,-0.5712457794965486,-0.11478473502976594,-0.7593061561718949
2025_16_PHI_WAS,2025,16,2025-12-20T17:00-05:00,WAS,PHI,False,-11.0,-7.501737465002795,-6.591632893505729,-6.853142856623316
2025_16_GB_CHI,2025,16,2025-12-20T20:20-05:00,CHI,GB,False,6.0,0.17141252555614273,0.1402907041692545,-0.3260591392317257
2025_16_BUF_CLE,2025,16,2025-12-21T13:00-05:00,CLE,BUF,False,-3.0,-12.871547381567677,-13.387910061398374,-13.87176782852069
2025_16_CIN_MIA,2025,16,2025-12-21T13:00-05:00,MIA,CIN,False,-24.0,-0.38972828734683107,0.9797271026260825,0.13886151081681986
2025_16_KC_TEN,2025,16,2025-12-21T13:00-05:00,TEN,KC,False,17.0,-5.788988197283338,-7.436538758462326,-6.673429989193591
2025_16_LAC_DAL,2025,16,2025-12-21T13:00-05:00,DAL,LAC,False,-17.0,-0.07432869007643239,0.2576783843153867,-1.2335260153434482
2025_16_MIN_NYG,2025,16,2025-12-21T13:00-05:00,NYG,MIN,False,-3.0,1.9127688583371918,-0.2308285947289026,1.3046492138008885
2025_16_NYJ_NO,2025,16,2025-12-21T13:00-05:00,NO,NYJ,False,23.0,6.926706360851408,4.677458361905723,6.258067082206929
2025_16_TB_CAR,2025,16,2025-12-21T13:00-05:00,CAR,TB,False,3.0,-2.125509641868292,0.1899471008237697,-2.5213643936434598
2025_16_ATL_ARI,2025,16,2025-12-21T16:05-05:00,ARI,ATL,False,-7.0,-0.5960907936119613,-0.6886963573295464,-0.4964443317169511
2025_16_JAX_DEN,2025,16,2025-12-21T16:05-05:00,DEN,JAX,False,-14.0,2.0627923517961277,1.2014131532258414,1.8800971394507506
2025_16_LV_HOU,2025,16,2025-12-21T16:25-05:00,HOU,LV,False,2.0,16.38881749588399,16.38605407040135,15.490016146001686
2025_16_PIT_DET,2025,16,2025-12-21T16:25-05:00,DET,PIT,False,-5.0,5.962253294923837,5.057239917270619,6.605133261230228
2025_16_NE_BAL,2025,16,2025-12-21T20:20-05:00,BAL,NE,False,-4.0,1.6947598136733266,0.6239554927655275,2.5743428729151585
2025_16_SF_IND,2025,16,2025-12-22T20:15-05:00,IND,SF,False,-21.0,-1.6711549419091862,-1.1042595770053165,-1.5163778288141727
2025_17_DAL_WAS,2025,17,2025-12-25T13:00-05:00,WAS,DAL,False,-7.0,-3.702907842263625,-3.318854090500147,-3.6630235658415713
2025_17_DET_MIN,2025,17,2025-12-25T16:30-05:00,MIN,DET,False,13.0,-8.489698292125603,-6.3698649792708615,-8.445858871149088
2025_17_DEN_KC,2025,17,2025-12-25T20:15-05:00,KC,DEN,False,-7.0,-2.9787884350826634,-2.9612312590254386,-2.951996735226178
2025_17_HOU_LAC,2025,17,2025-12-27T16:30-05:00,LAC,HOU,False,-4.0,0.6255316135388878,0.8720104599516418,1.7504200534271508
2025_17_BAL_GB,2025,17,2025-12-27T20:00-05:00,GB,BAL,False,-17.0,0.7254928529617357,2.8389404477408506,-0.6004172658083518
2025_17_ARI_CIN,2025,17,2025-12-28T13:00-05:00,CIN,ARI,False,23.0,6.32875847244347,4.738121206239486,6.286990152254809
2025_17_JAX_IND,2025,17,2025-12-28T13:00-05:00,IND,JAX,False,-6.0,-2.763105806072462,-4.035686868166149,-3.5443120880819166
2025_17_NE_NYJ,2025,17,2025-12-28T13:00-05:00,NYJ,NE,False,-32.0,-7.72729647123074,-11.05402549683124,-7.13362533413891
2025_17_NO_TEN,2025,17,2025-12-28T13:00-05:00,TEN,NO,False,-8.0,-1.145064868885143,0.181676159526879,-1.378331132891857
2025_17_PIT_CLE,2025,17,2025-12-28T13:00-05:00,CLE,PIT,False,7.0,-9.283976134919985,-9.623148863528812,-9.142086180728821
2025_17_SEA_CAR,2025,17,2025-12-28T13:00-05:00,CAR,SEA,False,-17.0,-7.118745286734251,-6.308122362531883,-7.447259737119266
2025_17_TB_MIA,2025,17,2025-12-28T13:00-05:00,MIA,TB,False,3.0,-3.0012409421469943,-2.5288515271097327,-3.423500319914731
2025_17_NYG_LV,2025,17,2025-12-28T16:05-05:00,LV,NYG,False,-24.0,-1.8534282372665878,-1.4663792423110373,-1.131697554247681
2025_17_PHI_BUF,2025,17,2025-12-28T16:25-05:00,BUF,PHI,False,-1.0,1.5075759601589382,1.9390115487998918,3.139106492132029
2025_17_CHI_SF,2025,17,2025-12-28T20:20-05:00,SF,CHI,False,4.0,2.6936290717331746,2.8735925224397922,2.7978418691675566
2025_17_LA_ATL,2025,17,2025-12-29T20:15-05:00,ATL,LAR,False,3.0,-9.660093349985186,-9.629829751808701,-10.193200959402862
2025_18_CAR_TB,2025,18,2026-01-03T16:30-05:00,TB,CAR,False,2.0,5.047059445431752,3.4553058419710063,5.2365030080852355
2025_18_SEA_SF,2025,18,2026-01-03T20:00-05:00,SF,SEA,False,-10.0,0.45196693305267255,-0.022226064486637886,-0.2368208859782066
2025_18_CLE_CIN,2025,18,2026-01-04T13:00-05:00,CIN,CLE,False,-2.0,12.040794476714582,10.127087635233107,11.530661650708346
2025_18_DAL_NYG,2025,18,2026-01-04T13:00-05:00,NYG,DAL,False,17.0,-0.6510035231995435,-1.0081352177060086,-1.1169328948332065
2025_18_GB_MIN,2025,18,2026-01-04T13:00-05:00,MIN,GB,False,13.0,1.5583632141714578,0.4482125964879291,3.4229505300244556
2025_18_IND_HOU,2025,18,2026-01-04T13:00-05:00,HOU,IND,False,8.0,8.113924799029052,7.222046776040988,7.83459584433068
2025_18_NO_ATL,2025,18,2026-01-04T13:00-05:00,ATL,NO,False,2.0,2.8817399601752776,4.003040746994522,2.6755272407440813
2025_18_TEN_JAX,2025,18,2026-01-04T13:00-05:00,JAX,TEN,False,34.0,13.652912152969858,14.308740436113155,14.47726432742208
2025_18_ARI_LA,2025,18,2026-01-04T16:25-05:00,LAR,ARI,False,17.0,13.888833044484922,13.787921553339816,14.403078133837806
2025_18_DET_CHI,2025,18,2026-01-04T16:25-05:00,CHI,DET,False,-3.0,3.517050318785957,4.560670389994251,2.176922707829096
2025_18_KC_LV,2025,18,2026-01-04T16:25-05:00,LV,KC,False,2.0,-7.2492986107826685,-8.135226138124743,-6.34332180346028
2025_18_LAC_DEN,2025,18,2026-01-04T16:25-05:00,DEN,LAC,False,16.0,6.0025830659526695,5.264523738853834,4.89723912437467
2025_18_MIA_NE,2025,18,2026-01-04T16:25-05:00,NE,MIA,False,28.0,10.675327836075933,10.788471939661717,10.645081578467998
2025_18_NYJ_BUF,2025,18,2026-01-04T16:25-05:00,BUF,NYJ,False,27.0,15.821744688665815,15.780882610250645,16.820453757600525
2025_18_WAS_PHI,2025,18,2026-01-04T16:25-05:00,PHI,WAS,False,-7.0,10.365483056385857,9.872069009641429,9.956845174915859
2025_18_BAL_PIT,2025,18,2026-01-04T20:20-05:00,PIT,BAL,False,2.0,-1.7179190542079237,-0.3837493098179977,-2.3203610569579327
